:020000040800F2
:10000000D0B800206102000809390008092E000854
:1000100001370008810B0008E15A000800000000C9
:10002000000000000000000000000000A101000826
:10003000A10C000800000000FD010008715000083C
:100040007B0200087B0200087B0200087B0200089C
:100050007B0200087B0200087B0200087B0200088C
:100060007B0200087B0200087B0200087B0200087C
:100070007B0200087B0200087B0200087B0200086C
:100080007B0200087B0200087B0200087B0200085C
:100090007B0200087B0200087B0200087B0200084C
:1000A0007B0200087B0200087B0200087B0200083C
:1000B0007B0200087B0200087B0200087B0200082C
:1000C0007B0200087B0200087B0200087B0200081C
:1000D0007B02000841590008515900086159000885
:1000E0007B0200087B0200087B0200087B020008FC
:1000F0007B0200087B0200087B0200087B020008EC
:100100007B0200087B0200087B0200087B020008DB
:100110007B0200083D540008715100087B02000872
:100120007B0200087B0200087B0200087B020008BB
:100130007B0200087B0200087B0200087B020008AB
:100140007B0200087B0200087B0200087B0200089B
:100150007B0200087B0200087B0200087B0200088B
:100160007B0200087B0200087B0200087B0200087B
:100170007B0200087B0200087B02000800000000F0
:100180007B0200087B020008DFF810D000F0B0FB13
:100190000048004735710008AFF30080D0B8002058
:1001A0002C4B19680868B0E8F04F80F30988BFF35A
:1001B0006F8F4FF0000080F311887047000000003F
:1001C00008480068006880F308884FF0000080F35A
:1001D000148862B661B6BFF34F8FBFF36F8F00DF35
:1001E00000BF00BF08ED00E0DFF80C00016841F43B
:1001F00070010160704700BF88ED00E0EFF30980F7
:10020000BFF36F8F134B1A681EF0100F08BF20ED5D
:10021000108A20E9F04F106009B44FF0500080F3CD
:100220001188BFF34F8FBFF36F8F08F02DFD4FF094
:10023000000080F3118809BC19680868B0E8F04F25
:100240001EF0100F08BFB0EC108A80F30988BFF3CE
:100250006F8F704768000020EFF305807047000043
:100260000648804706480047FEE7FEE7FEE7FEE750
:10027000FEE7FEE7FEE7FEE7FEE7FEE75D5100086A
:10028000890100082DE9F05F0546002092469B4653
:1002900088460646814640241BE02846414647469C
:1002A000224600F052F953465A46C01A914110D3E3
:1002B00011461846224600F039F92D1A67EB01085D
:1002C0004F4622460120002100F030F917EB0009CB
:1002D0004E41201EA4F10104DFDC484631462A4687
:1002E0004346BDE8F09F40EA01039B0703D009E0C5
:1002F00008C9121F08C0042AFAD203E011F8013B12
:1003000000F8013B521EF9D27047D2B201E000F86A
:10031000012B491EFBD270470022F6E710B51346A9
:100320000A4604461946FFF7F0FF204610BD421C5E
:1003300010F8011B0029FBD1801A70472DE9FE4FF0
:1003400081EA030404F0004421F0004100944FF0DE
:10035000000B23F0004350EA01045ED052EA03048C
:100360005BD0C3F30A54C1F30A552C44A4F2F3340E
:100370000194A0FB0254C1F3130141F48011C3F3B3
:10038000130343F4801301FB024400FB034E840A71
:10039000970A44EA815447EA8357A4FB0768029509
:1003A0008D0A05FB07854FEA932C04FB0C542705A7
:1003B000029D4FEA065847EA1637B5EB08056EEB83
:1003C000070C870E920E47EA811742EA8312A7FBB9
:1003D0000201B6EB0B0164EB00042B0D43EA0C3376
:1003E0005E1844EB1C50DA465146E7FB0201C5F3A8
:1003F00013044FEA0B3343EA14534FEA0432019CCF
:1004000043EA0603A4F10C040294009CCDE900B475
:1004100000F0F1F803B0BDE8F08F00200146F9E7E5
:100420000EB5C10F80EAE0700844CA07002140F20F
:1004300033438DE80E000A460B4600F0DCF803B0AB
:1004400000BD00F0004230F000400AD0C10D01F5BF
:100450006071C0F3160042EA0151C208400711431F
:10046000704700200146704730B5041E71F100044A
:1004700004DB4FF00044404264EB0101141E73F1B1
:10048000000405DB1C464FF00043524263EB0403BB
:100490008B4208BF824230BD30B5041E71F10004AA
:1004A00004DB4FF00044404264EB0101141E73F181
:1004B000000405DB1C464FF00043524263EB04038B
:1004C000994208BF904230BD01F0004330B421F0A2
:1004D000004150EA010206D00A0DA2F56072C1F394
:1004E0001301002A02DC30BC00207047440F44EAAC
:1004F000C104C100E01830BC00EBC25000F035B8B8
:1005000030B50B46014600202022012409E021FAE3
:1005100002F59D4205D303FA02F5491B04FA02F5E0
:100520002844151EA2F10102F1DC30BD202A04DBB3
:10053000203A00FA02F1002070479140C2F12003F6
:1005400020FA03F3194390407047202A04DB203A35
:1005500021FA02F00021704721FA02F3D040C2F1E3
:10056000200291400843194670470029A8BF7047F0
:10057000401C490008BF20F00100704710B4B0FAD9
:1005800080FC00FA0CF050EA010404BF10BC704774
:1005900049B1CCF1200421FA04F411FA0CF118BF8E
:1005A000012121430843A3EB0C01CB1D4FEA00615D
:1005B0004FEA102042BF002010BC704700EBC35030
:1005C00010440029A4BF10BC7047401C490008BF5C
:1005D00020F0010010BC704710B5141E73F1000428
:1005E00008DA401C41F1000192185B411A4301D125
:1005F00020F0010010BD2DE9F04D92469B4611B14F
:10060000B1FA81F202E0B0FA80F220329046FFF7B0
:100610008DFF04460F4640EA0A0041EA0B015346AB
:100620005A46084313D0114653EA010019D0C8F1C5
:1006300040025046FFF789FF05460E465046594690
:100640004246FFF773FF084305D0012004E020462F
:100650003946BDE8F08D0020054346EAE0762C439C
:1006600037430A986305E40AA0EB08000022FD0A5C
:1006700044EA47540A3002D500200146E9E7010563
:1006800010196941DDE9084500196941BDE8F04DDF
:10069000A2E72DE9FE4F804681EA0300C00F0C4619
:1006A000009021F0004123F00045B8EB0200A94181
:1006B00005D24046214690461C460B46024623F092
:1006C0000040104347D0270DC7F30A00C3F30A5177
:1006D0000290401A019040286BDAC3F3130040F4F3
:1006E000801B0098924620B10023D2EB030A63EBF3
:1006F0000B0B01985946C0F140025046FFF716FF18
:1007000006460D4650465946019A00F003F910EB93
:1007100008006141002487EA115284EAE7731A4312
:1007200040D0009A62B3019A012A4FEA075215DCC1
:10073000001B61EB02014FF0004202EA0752CDE9D3
:100740000042001C41F5801132462B46FFF753FF53
:1007500003B0BDE8F08F40462146F9E7001B61EB8E
:100760000201001C41F5801300185B412018A2F51E
:10077000001747EB030140EAD570B6196D4111E04F
:100780006D084FEA360645EAC0754FEA0752001B6E
:1007900061EB0201001C41F5801149084FEA30006D
:1007A0000019514132462B4603B0BDE8F04FFFF728
:1007B00013BF0098012240000023D0EB020263EB3C
:1007C000E073009821464FEAE074B8EB000061EB5B
:1007D0000401E9E783F000435BE781F0004158E75B
:1007E0002DE9F04D81EA030404F0004B21F00045AF
:1007F00014464FF0000A23F0004150EA050220D0D1
:1008000054EA01021DD0C5F30A570246C5F313038B
:10081000C1F31300C1F30A5640F4801543F480136A
:10082000A7EB0608101BD64608F2FD3873EB05004F
:1008300002D308F1010801E092185B41B8F1000F02
:1008400003DA00200146BDE8F08D00204FF480114E
:10085000064684460EE0171B73EB050705D3121BF3
:1008600063EB050306434CEA010C49084FEA3000EC
:1008700092185B4150EA0107EDD152EA030012D011
:1008800082EA040083EA0501084305D0101BAB414E
:1008900006D20122002306E000224FF0004302E0CE
:1008A0006FF0010253101AEB06004CEB085110EBED
:1008B0000A0041EB0B01BDE8F04DFFF78DBEC1F31F
:1008C0000A52C1F3130140F2FF3341F480119A42FE
:1008D00002DA00200146704740F233439A42A2F206
:1008E000334202DC5242FFF730BEFFF71FBE00006A
:1008F000064C074D06E0E06840F0010394E807006D
:1009000098471034AC42F6D3FFF742FCD89F00085A
:10091000F89F0008202A06DBCB17203A41FA02F0A4
:1009200043EAE07306E041FA02F3D040C2F120024C
:10093000914008431946704770B58C1810F8015B58
:1009400015F0070301D110F8013B2A1106D110F868
:10095000012B03E010F8016B01F8016B5B1EF9D16C
:100960002B0705D40023521E0DD401F8013BFAE7F2
:1009700010F8013BCB1A921C03E013F8015B01F85D
:10098000015B521EF9D5A142D8D3002070BD0000F2
:1009900010B51B48D0ED030AB0EE600A00F00EFA65
:1009A000044618480078844229D004EB8400164994
:1009B00001EB8000D0ED021AB0EE611A04EB840066
:1009C00001EB8000D0ED011AF0EE610A04EB840027
:1009D00001EB8000D0ED001AB0EE610A084806F085
:1009E00096FD04EB8400084901EB8000D0ED040A79
:1009F000B0EE600A024806F087FD0248047010BDA0
:100A0000F4AC0020A1020020FC00002010B51B481F
:100A1000D0ED030AB0EE600A00F0D0F904461848A1
:100A20000078844229D004EB8400164901EB800051
:100A3000D0ED021AB0EE611A04EB840001EB8000E5
:100A4000D0ED011AF0EE610A04EB840001EB8000A6
:100A5000D0ED001AB0EE610A084806F058FD04EB2C
:100A60008400084901EB8000D0ED040AB0EE600A72
:100A7000024806F049FD0248047010BD30AD002068
:100A8000A20200206001002010B51B48D0ED030A2F
:100A9000B0EE600A00F092F90446184800788442EB
:100AA00029D004EB8400164901EB8000D0ED021A36
:100AB000B0EE611A04EB840001EB8000D0ED011A66
:100AC000F0EE610A04EB840001EB8000D0ED001A27
:100AD000B0EE610A084806F01AFD04EB84000849EC
:100AE00001EB8000D0ED040AB0EE600A024806F087
:100AF0000BFD0248047010BD6CAD0020A302002065
:100B0000C401002010B51B48D0ED030AB0EE600A06
:100B100000F054F9044618480078844229D004EBC8
:100B20008400164901EB8000D0ED021AB0EE611A84
:100B300004EB840001EB8000D0ED011AF0EE610AB5
:100B400004EB840001EB8000D0ED001AB0EE610AE6
:100B5000084806F0DCFC04EB8400084901EB800047
:100B6000D0ED040AB0EE600A024806F0CDFC02485F
:100B7000047010BDA8AD0020A402002028020020AF
:100B800000BFFEE703220021012008F077F91B498E
:100B900008600846006850B900BF502080F31188F3
:100BA000BFF34F8FBFF36F8F00BF00BFFEE7002181
:100BB0001248006808F0EEFB11A005F0D3F815A06C
:100BC00007F0CEFD00BF4FF0FF310C48006808F081
:100BD000E1FB0128F7D111A007F0C2FD16A007F034
:100BE000BFFD1CA007F0BCFD21A007F0B9FD27A0A8
:100BF00005F0B8F8002029490870E4E7000000205B
:100C000048656C6C6F204672656552544F530D0AEF
:100C10000000000072657374FFFFFF006D61696E74
:100C20002E74322E7478743D22636F6E6E65637419
:100C300022FFFFFF00000000726F61642E74322EED
:100C40007478743D22636F6E6E65637422FFFFFFDC
:100C5000000000007265636F72642E74322E747827
:100C6000743D22636F6E6E65637422FFFFFF0000A8
:100C700073657474696E672E74322E7478743D22B5
:100C8000636F6E6E65637422FFFFFF00476574201B
:100C900053656D6170686F72650D0A001800002061
:100CA0007047000070B504460D4616462560267153
:100CB0003C21206801F090F9002021680968486211
:100CC000E080A0609FED020A84ED030A70BD000081
:100CD0000000000001680968496A09B2C180017911
:100CE00011B9B0F9061002E0B0F90610494209B294
:100CF000C1800021026812685162B0F90620816843
:100D000011448160B0F9061000EE101AB8EEC00A66
:100D1000DFED070A80EE201A9FED060A21EE000A99
:100D2000DFED050A80EE201A80ED031A70470000FF
:100D30000000A544E25CA3410AD7233C10B5002281
:100D400009490A48FFF7AEFF012209490948FFF7A0
:100D5000A9FF002208490948FFF7A4FF002208491B
:100D60000848FFF79FFF10BD2822002030AC00206C
:100D70007022002040AC0020B822002050AC00209F
:100D80000023002060AC002010B50648FFF7A2FF4A
:100D90000548FFF79FFF0548FFF79CFF0448FFF752
:100DA00099FF10BD30AC002040AC002050AC0020BA
:100DB00060AC002072B600BFFEE70000F3EE0E0A42
:100DC000B4EEE00AF1EE10FA01D200207047F3EE23
:100DD0000E0AB4EEE00AF1EE10FA08DBDFED0D0AC0
:100DE000B4EEE00AF1EE10FA01D20120EEE7DFEDF9
:100DF000090AB4EEE00AF1EE10FA08DBDFED060AAC
:100E0000B4EEE00AF1EE10FA01D20220DEE7032090
:100E1000DCE7000000006C420000A04270B5044610
:100E2000A56D00F079F9064694F83500022808D03F
:100E30008020606500BF002084F8340000BF0120DE
:100E400070BD2068006820F01600216808602068E6
:100E5000406920F0800021684861206C08B9A06CCE
:100E600028B12068006820F0080021680860206828
:100E7000006820F001002168086010E000F04CF9E3
:100E8000801B05280BD920206065032084F83500DD
:100E900000BF002084F8340000BF0320D0E72068A2
:100EA000006800F001000028E8D194F85C103F20B1
:100EB0008840A860012084F8350000BF002084F835
:100EC000340000BF00BFBBE7014691F8350002289F
:100ED00003D08020486501207047052081F8350047
:100EE0000868006820F001000A6810600020F3E73D
:100EF00070B5044600F010F906462546681C10B18E
:100F000004480078054400BF00F006F9801BA842A1
:100F1000FAD370BD60000020F8B502460B460025EC
:100F2000002400200021D6E0012606FA01F51E6803
:100F300006EA0504AC4274D11E7906F00306012EC0
:100F400004D01E7906F00306022E13D190684F00DC
:100F50000326BE40B0434F00DE68BE403043906081
:100F6000506801268E40B0431E79C6F300168E40AD
:100F7000304350601E7906F00306032E09D0D06876
:100F80004F000326BE40B0434F009E68BE40304332
:100F9000D0601E7906F00306022E13D1CF0802F1AD
:100FA000200656F827004E07F70E0F26BE40B04326
:100FB0004F07FF0E1E69BE403043CF0802F12006E6
:100FC00046F8270010684F000326BE40B0431E7944
:100FD00006F003064F00BE40304310605E6806F422
:100FE0004036002E76D000BF002600963C4E366874
:100FF00046F480463A4F3E603E46366806F48046E8
:10100000009600BF00BF374E8F0856F827008E07A6
:10101000370F0F26BE40B043334EB24202D10026F6
:1010200024E057E0314EB24201D101261EE0304E9D
:10103000B24201D1022619E02E4EB24201D103265E
:1010400014E02D4EB24201D104260FE02B4EB242E5
:1010500001D105260AE02A4EB24201D1062605E05A
:10106000284EB24201D1072600E008268F073F0F25
:10107000BE4030431B4E8F0846F82700224E306892
:10108000A0435E6806F4801606B120431E4E306011
:10109000361D3068A0435E6806F4001606B1204392
:1010A000194E361D3060184E361F3068A0435E68FA
:1010B00006F4003606B12043134E361F3060361F4B
:1010C0003068A0435E6806F4803606B120430E4EB9
:1010D000083E3060491C1029FFF426AFF8BD00001F
:1010E0004438024008380140000002400004024039
:1010F00000080240000C02400010024000140240B0
:1011000000180240001C0240083C01400AB1816105
:1011100001E00B04836170470148006870470000DC
:101120005800002003480068034909780844014931
:1011300008607047580000206000002010B50D487E
:10114000006840F400700B4908600846006840F4ED
:10115000806008600846006840F4807008600320E2
:1011600000F0E0F80F2000F007F800F05FF8002032
:1011700010BD0000003C02402DE9F04188B004465B
:101180000027B84600BF002001902348006840F0C7
:101190001000214908600846006800F01000019026
:1011A00000BF00BF02A903A800F092F9069F1FB973
:1011B00000F0B6F9054602E000F0B2F94500174824
:1011C000B5FBF0F0A0F1010815481649086040F29F
:1011D000E7311448C160C0F80480002101618160DA
:1011E000816100F0BFFC064696B90E4800F04EFD46
:1011F00006466EB9362000F043F8102C07D20022C4
:101200002146362000F050F80748046000E001262F
:10121000304608B0BDE8F0814038024040420F003F
:1012200000100040D02500205C00002008B500BF61
:10123000002000901148006840F480400F49086089
:101240000846006800F48040009000BF00BF00BF67
:1012500000200090081F006840F08050091F0860BF
:101260000846006800F08050009000BF00BF0022D8
:101270000F21901E00F018F808BD0000443802400D
:101280000146084600280DDB00BF00BF00F01F0329
:1012900001229A4043099B0003F1E023C3F8002197
:1012A00000BF00BF00BF70472DE9F05F80460D46CC
:1012B0001646002704F0AEFD074639462A46334657
:1012C00001F00700C0F1070ABAF1040F02D94FF08C
:1012D000040A01E0C0F1070AD14600F1040ABAF19C
:1012E000070F02D24FF0000A01E0A0F1030AD44632
:1012F0004FF0010A0AFA09FAAAF1010A0AEA020AF7
:101300000AFA0CFA4FF0010B0BFA0CFBABF1010BD4
:101310000BEA030B4AEA0B042146404604F082FD27
:10132000BDE8F09F00BF00F00702064B19684FF6BA
:10133000FF031940044B0B4343EA0221014B1960A0
:1013400000BF70470CED00E00000FA0570B50446E0
:101350000D460CB9012070BD5848006800F0070028
:10136000A84209D255490D700846006800F00700F0
:10137000A84201D00120EEE7207800F00200022808
:101380001DD1207800F00400042805D14C480068E5
:1013900040F4E0504A490860207800F0080008282E
:1013A00005D14748006840F460404549086044481A
:1013B000006820F0F000A1680843414908602078E7
:1013C00000F00100A8B36068012807D13C48083844
:1013D0000068C0F34040B8B90120BCE7606802284B
:1013E00002D06068032807D1354808380068C0F388
:1013F000406048B90120AEE7314808380068C0F3C2
:10140000400008B90120A6E72D48006820F003003D
:10141000616808432A490860FFF77EFE064609E036
:10142000FFF77AFE801B41F28831884202D90320FF
:1014300091E707E02248006800F00C006168B0EB1B
:10144000810FEDD11D48006800F00700A84209D9BE
:101450001A490D700846006800F00700A84201D044
:10146000012078E7207800F00400042807D1144810
:10147000006820F4E050E1680843114908602078D2
:1014800000F00800082808D10D48006820F46040EA
:10149000216940EAC1000A49086000F061F8084982
:1014A0000968C1F30311074A515CC8400649086046
:1014B00006480068FFF760FE00204CE7003C024051
:1014C00008380240B89D0008640000205C0000203D
:1014D0000F2202600D4A126802F0030242600B4ABA
:1014E000126802F0F0028260084A126802F4E052C8
:1014F000C260064A126802F46042D2080261044ADD
:10150000126802F007020A607047000008380240C3
:10151000003C024001480068704700006400002061
:1015200000B5FFF7F7FF04490968C1F38221034AB8
:10153000515CC84000BD000008380240C89D00084A
:1015400000B5FFF7E7FF04490968C1F34231034AD8
:10155000515CC84000BD000008380240C89D00082A
:101560002DE9F047002400250026A1462548006803
:1015700000F00C0020B1042805D008283AD105E07D
:10158000DFF8849039E0DFF8849036E01D48001FD2
:10159000006800F03F041B48001F006800F4800052
:1015A00078B11A481749091F0968C1F38811A0FBCF
:1015B00001700146224600233846FEF763FE0546C9
:1015C0000EE011480F49091F0968C1F38811A0FBFB
:1015D00001700146224600233846FEF753FE0546B9
:1015E0000848001F0068C0F30140401C4600B5FBDE
:1015F000F6F902E0DFF8109000BF00BF4846BDE8F2
:10160000F0870000083802400024F40000127A003D
:10161000F8B504460CB90120F8BD207800F00100AF
:10162000002874D0F948006800F00C0004280DD0A0
:10163000F648006800F00C00082813D1F348001F9A
:10164000006800F48000B0F5800F0BD1EF48083837
:101650000068C0F34040002859D06068002856D187
:101660000120D9E700BF6068B0F5803F08D1E748A6
:101670000838006840F48030E449083908601EE00A
:101680006068B0F5A02F0DD1E0480838006840F43C
:101690008020DE49083908600846006840F4803040
:1016A00008600CE0D9480838006820F48030D74939
:1016B000083908600846006820F48020086000BFF0
:1016C000606890B1FFF728FD054606E0FFF724FDAE
:1016D000401B642801D903209EE7CC4808380068E5
:1016E000C0F340400028F1D011E0FFF715FD05469A
:1016F00006E0FFF711FD401B642801D903208BE7AA
:10170000C24808380068C0F340400028F1D1207872
:1017100000F0020002285FD1BC48006800F00C0015
:1017200058B1BA48006800F00C0008281CD1B7482E
:10173000001F006800F48000B0B9B44808380068A1
:10174000C0F3400020B1E068012801D0012063E728
:10175000AE480838006820F0F800216940EAC1006E
:10176000AA490839086037E0E06800B30120A849B9
:101770000860FFF7D1FC054606E0FFF7CDFC401BF3
:10178000022801D9032047E7A04808380068C0F3C1
:1017900040000028F1D09D480838006820F0F8008B
:1017A000216940EAC10099490839086014E0002025
:1017B00097490860FFF7B0FC054606E0FFF7ACFC70
:1017C000401B022801D9032026E79048083800680A
:1017D000C0F340000028F1D1207800F0080008286C
:1017E0002CD16069A8B101208A490860FFF794FCF8
:1017F000054606E0FFF790FC401B022801D90320B4
:101800000AE782486C300068C0F340000028F1D03D
:1018100014E000207F490860FFF77EFC054606E0E3
:10182000FFF77AFC401B022801D90320F4E6774831
:101830006C300068C0F340000028F1D1207800F03F
:101840000400042870D1002770483830006800F088
:10185000805090B900BF002000906C48383000687C
:1018600040F080506949383108600846006800F04F
:101870008050009000BF00BF01276748006800F457
:101880008070B0B96448006840F4807062490860B4
:10189000FFF742FC054606E0FFF73EFC401B02282E
:1018A00001D90320B8E65C48006800F48070002885
:1018B000F2D000BFA068012808D154486830006801
:1018C00040F001005149683108601DE0A06805281A
:1018D0000DD14E486830006840F004004B49683133
:1018E00008600846006840F0010008600CE04748C6
:1018F0006830006820F001004449683108600846FB
:10190000006820F00400086000BFA068A8B1FFF7DD
:1019100003FC054609E0FFF7FFFB401B41F288315D
:10192000884202D9032077E626E03848683000680C
:10193000C0F340000028EED013E0FFF7EDFB0546B2
:1019400008E0FFF7E9FB401B41F28831884201D9EA
:10195000032061E62D4868300068C0F3400000288D
:10196000EFD1012F07D129483830006820F080508E
:1019700026493831086000BFA069002845D02348B7
:10198000006800F00C0008285DD0A069022845D14D
:1019900000201F490866FFF7BFFB054606E0FFF77A
:1019A000BBFB401B022801D9032035E61748083845
:1019B0000068C0F340600028F1D1D4E90701084372
:1019C000616A40EA81110122A06AC2EB500041EA3B
:1019D00000412C20005D41EA00600C49091F0860AD
:1019E00001200B490866FFF797FB054606E0FFF765
:1019F00093FB401B022801D903200DE60348083859
:101A00000068C0F340600028F1D049E00838024087
:101A100000004742800E47420070004000202149EC
:101A20000866FFF779FB054606E0FFF775FB401BEC
:101A3000022801D90320EFE51B480068C0F340608D
:101A40000028F2D12CE0A069012800D1E4E5164875
:101A5000001D0668A069012820D006F48001E06915
:101A600081421BD106F03F01206A814216D147F620
:101A7000C0703040616AB0EB811F0FD106F4403175
:101A80000122A06AC2EB5000B1EB004F06D106F074
:101A900070612C20005DB1EB006F01D00120BBE52F
:101AA0000020B9E500004742003802407047704707
:101AB00030B502460B4600BF92F83C00012801D128
:101AC000022030BD012082F83C0000BF022082F8D5
:101AD0003D00106844681068816824F0700418683C
:101AE000044310684460184D1068A8421BD0106869
:101AF000B0F1804F17D0154D1068A84213D0144D87
:101B00001068A8420FD0134D1068A8420BD0124D98
:101B10001068A84207D0114D1068A84203D0104D9C
:101B20001068A84205D121F080015868014310686F
:101B30008160012082F83D0000BF002082F83C0057
:101B400000BF00BFBDE700000000014000040040EE
:101B500000080040000C004000040140004001402B
:101B60000018004010B504460CB9012010BD94F8CF
:101B70003D0028B9002084F83C00204600F026F8FB
:101B8000022084F83D00211D206803F0F9FA0120AD
:101B900084F8460000BF84F83E0001213F20015533
:101BA000402001554120015500BF00BF012084F8AD
:101BB000420043200155442001554520015500BFF6
:101BC000012084F83D000020D0E7000008B52A4A33
:101BD000016891420FD100BF002100912749096897
:101BE00041F40031254A11601146096801F40031C1
:101BF000009100BF3FE0224A016891420FD100BF2F
:101C0000002100911D49096841F480211B4A11609F
:101C10001146096801F48021009100BF2BE0194AA8
:101C20000168914211D100BF002100911349091FA1
:101C3000096841F08001114A121F116011460968BC
:101C400001F08001009100BF15E00F4A0168914248
:101C500011D100BF002100910849091F096841F412
:101C60008071064A121F11601146096801F48071E3
:101C7000009100BF00BF08BD00440140443802404D
:101C800000480140001C004000200040014691F83F
:101C90003D00012801D001207047022081F83D005D
:101CA0000868C06840F001000B68D8601A4B0868EB
:101CB00098421BD00868B0F1804F17D0174B0868C6
:101CC000984213D0164B086898420FD0154B0868FD
:101CD00098420BD0144B0868984207D0134B086801
:101CE000984203D0124B086898420CD1086880686B
:101CF00000F00702062A0CD00868006840F00100D6
:101D00000B68186005E00868006840F001000B6887
:101D100018600020C0E700000000014000040040FF
:101D200000080040000C0040000401400040014059
:101D3000001800402DE9F04104460D4614B9012079
:101D4000BDE8F08194F83D0028B9002084F83C00FB
:101D5000204600F053F8022084F83D002068806897
:101D600044F20701884321688860211D206803F040
:101D700007FA2068D0F80880206886692068076A1A
:101D8000286840EA080840F203308643A969A86839
:101D900040EA0120064340F60C4086434FF2F00033
:101DA0008643E969E86840EA0120064328690001A2
:101DB000296A40EA0130064327F0220727F0880706
:101DC0006969686840EA011007432068C0F8088024
:101DD0002068866120680762012084F8460084F844
:101DE0003E0001213F200155012084F8420043209C
:101DF0000155012084F83D000020A1E710B586B010
:101E00000446142101A8FEF787FA6C49206888422D
:101E100030D100BF002000906948006840F0010008
:101E2000674908600846006800F00100009000BFA4
:101E300000BF00BF0020009061481438006840F0E7
:101E400010005F49143908600846006800F010006F
:101E5000009000BF00BF4FF420600190022002906C
:101E60000020039004900120059001A95548FFF738
:101E700053F8A1E02068B0F1804F31D100BF0020BD
:101E800000904F48001F006840F001004C49091FB6
:101E900008600846006800F00100009000BF00BF25
:101EA00000BF0020009046481438006840F0010050
:101EB0004349143908600846006800F001000090AA
:101EC00000BF00BF2220019002200290002003905A
:101ED00004900120059001A93B48FFF71DF86BE035
:101EE0003A492068884231D100BF00200090344830
:101EF000001F006840F002003149091F08600846D1
:101F0000006800F00200009000BF00BF00BF00208A
:101F100000902B481438006840F00100284914391B
:101F200008600846006800F00100009000BF00BF94
:101F3000C020019002200290002003900490022013
:101F4000059001A92048FEF7E7FF35E02049206809
:101F5000884231D100BF002000901948001F00685E
:101F600040F004001649091F08600846006800F0A8
:101F70000400009000BF00BF00BF00200090104888
:101F80001438006840F008000D491439086008460C
:101F9000006800F00800009000BF00BF4FF4405000
:101FA00001900220029000200390049002200590EE
:101FB00001A90848FEF7B0FF06B010BD00000140BF
:101FC000443802400010024000000240000400407B
:101FD00000080040000C02402DE9F04304460D4685
:101FE00094F83E603F20075D94F84280432010F84B
:101FF00004906DB9012E02D1B8F1010F02D0012079
:10200000BDE8F083022084F83E0084F8420025E019
:10201000042D0CD1012F02D1B9F1010F01D0012003
:10202000EEE702213F2001554320015516E0012E25
:1020300007D1012F05D1B8F1010F02D1B9F1010F7C
:1020400001D00120DCE7022084F83E0002213F207D
:102050000155022084F842004320015515B1042D9A
:102060000CD105E001220021206803F0F9F810E00E
:1020700001220421206803F0F3F80AE00122002184
:10208000206803F0EDF801220421206803F0E8F84D
:1020900000BF00BF2068006840F0010021680860B0
:1020A0000020ADE7704770B504462068C568206819
:1020B000066906F00200022819D105F00200022884
:1020C00015D1401F216808610120207720688069B0
:1020D00000F0030018B12046FFF7E4FF05E02046BA
:1020E00000F034F9204600F0E8F90020207706F0EF
:1020F0000400042819D105F00400042815D1C043B8
:1021000021680861022020772068806900F440700F
:1021100018B12046FFF7C6FF05E0204600F016F98B
:10212000204600F0CAF90020207706F008000828B1
:1021300019D105F00800082815D1C04321680861AD
:10214000042020772068C06900F0030018B1204601
:10215000FFF7A8FF05E0204600F0F8F8204600F061
:10216000ACF90020207706F01000102819D105F0F6
:102170001000102815D1C04321680861082020777D
:102180002068C06900F4407018B12046FFF78AFF4C
:1021900005E0204600F0DAF8204600F08EF9002035
:1021A000207706F0010048B105F0010030B16FF072
:1021B000010021680861204600F006FA06F0800060
:1021C000802809D105F08000802805D1C04321680E
:1021D00008612046FFF76AFC06F04000402809D15C
:1021E00005F04000402805D1C04321680861204621
:1021F00000F0F6F906F02000202809D105F02000B3
:10220000202805D1C043216808612046FFF74FFC14
:1022100070BD000010B586B00446142101A8FEF779
:102220007BF84449206888421DD100BF00200090FF
:102230004148006840F020003F49086008460068B7
:1022400000F02000009000BF00BF4020019002205D
:1022500002900020039004900320059001A93748C4
:10226000FEF75AFE64E03649206888421DD100BF5F
:10227000002000903048006840F020002E4908609F
:102280000846006800F02000009000BF00BF8020DA
:1022900001900220029000200390049003200590FA
:1022A00001A92648FEF738FE42E026492068884208
:1022B0001DD100BF002000901F48006840F02000A2
:1022C0001D4908600846006800F02000009000BF2B
:1022D00000BF881501900220029000200390049016
:1022E0000920059001A91548FEF716FE20E01649C1
:1022F000206888421CD100BF002000900E48006872
:1023000040F020000C4908600846006800F02000FA
:10231000009000BF00BF48150190022002900020ED
:10232000039004900920059001A90448FEF7F4FDEC
:1023300006B010BD00440140303802400014024095
:1023400000480140001C00400020004070472DE97B
:10235000F04104460D461646002700BF94F83C00A5
:10236000012802D10220BDE8F081012084F83C0060
:1023700000BF36B1042E1BD0082E31D00C2E5ED1FA
:1023800045E02946206802F07DFF2068806940F022
:102390000800216888612068806920F004002168B5
:1023A000886120688069296908432168886148E05C
:1023B0002946206802F09EFF2068806940F4006092
:1023C000216888612068806920F4806021688861C4
:1023D00020688069296940EA01202168886130E02D
:1023E0002946206802F0C4FF2068C06940F0080058
:1023F0002168C8612068C06920F004002168C861B4
:102400002068C069296908432168C86119E0294624
:10241000206802F0E9FF2068C06940F4006021688C
:10242000C8612068C06920F480602168C8612068A4
:10243000C069296940EA01202168C86101E00127DB
:1024400000BF00BF00BF002084F83C0000BF38463A
:1024500089E710B504460CB9012010BD94F83D0081
:1024600028B9002084F83C00204600F025F802201E
:1024700084F83D00211D206802F082FE012084F8CE
:10248000460000BF84F83E0001213F200155402056
:1024900001554120015500BF00BF012084F84200D2
:1024A00043200155442001554520015500BF01201E
:1024B00084F83D000020D0E77047704770B50446AF
:1024C0000D4615B994F83E000BE0042D02D13F20D3
:1024D000005D06E0082D02D14020005D01E04120B2
:1024E000005D012801D0012070BD1DB9022084F8D3
:1024F0003E000EE0042D03D102213F20015508E0EB
:10250000082D03D102214020015502E00221412083
:10251000015501222946206802F0A2FE23492068C5
:10252000884203D022492068884201D1012000E07E
:10253000002028B12068406C40F4004021684864C5
:102540001A49206888421BD02068B0F1804F17D00C
:1025500018492068884213D01749206888420FD054
:102560001649206888420BD011492068884207D05C
:1025700013492068884203D01249206888420CD150
:102580002068806800F00706062E0CD020680068DE
:1025900040F001002168086005E02068006840F014
:1025A00001002168086000209EE700000000014053
:1025B000000401400004004000080040000C0040FE
:1025C000004001400018004010B50446034920684F
:1025D000884201D1FEF7A6FD10BD000000100040AA
:1025E00070477047704700002DE9F84F0446206897
:1025F00005682068C668206847694FF00009CA4628
:1026000005F00F09B9F1000F0AD105F0200038B12B
:1026100006F0200020B1204602F067FFBDE8F88FE9
:10262000B9F1000F7CD007F0010018B906F49070E2
:10263000002875D005F0010030B106F4807018B1A3
:10264000606C40F00100606405F0040030B107F0F8
:10265000010018B1606C40F00200606405F00200F7
:1026600030B107F0010018B1606C40F00400606404
:1026700005F0080048B106F0200010B907F001008D
:1026800018B1606C40F008006064606C002846D0AF
:1026900005F0200028B106F0200010B1204602F01D
:1026A00024FF20684069C0F3801A606C00F00800C5
:1026B00010B9BAF1000F2DD0204602F0D0FE2068EC
:1026C000406900F04000402820D100BF00BF2168D1
:1026D000143151E8001F21F040002168143141E815
:1026E0000002002AF3D100BFE06B50B17F48E16BDC
:1026F0000865E06BFEF7E8FB88B1E06B016D884789
:102700000DE02046FFF76EFF09E009E02046FFF7E5
:1027100069FF04E02046FFF765FF002060647DE765
:10272000206B012878D105F01000002874D006F045
:1027300010000028FAD000BF002000902068006838
:10274000009020684068009000BF00BF206840698A
:1027500000F04000402870D1E06B006840681FFA2C
:1027600080F8B8F1000F58D0A08D404555DDA4F891
:102770002E80E06BC069B0F5807F43D000BF00BF02
:1027800021680C3151E8001F21F4807021680C3160
:1027900041E80002002AF3D100BF00BF00BF21685A
:1027A000143151E8001F21F001002168143141E883
:1027B0000002002AF3D100BF00BF00BF216814311E
:1027C00051E8001F21F040002168143141E8000267
:1027D000002AF3D100BF202084F8420000202063AB
:1027E00000BF00BF21680C3151E8001F21F010002C
:1027F00021680C3141E80002002AF3D100BFE06BF0
:10280000FEF70CFB02206063A08DE28D801A81B27E
:102810002046FFF7E6FE0EE052E0A08D40450AD1CB
:10282000E06BC069B0F5807F05D102206063A18DA7
:102830002046FFF7D6FEF1E6FFE7A08DE18D401AB6
:102840001FFA80F8E08DD0B3B8F1000F37D000BF89
:1028500000BF21680C3151E8001F21F490702168FD
:102860000C3141E80002002AF3D100BF00BF00BFD5
:102870002168143151E8001F21F001002168143152
:1028800041E80002002AF3D100BF202084F8420072
:102890000020206300BF00BF21680C3151E8001FF9
:1028A00021F0100021680C3141E80002002AF3D128
:1028B00000BF0220606341462046FFF792FEADE66E
:1028C00005F0800030B106F0800018B1204602F01B
:1028D000C1FFA3E605F0400030B106F0400018B19A
:1028E000204602F0F2FD99E600BF97E64D5400083D
:1028F00010B504460CB9012010BDA06900B100E07C
:1029000000BF94F8410028B9002084F84000204618
:1029100000F02AF8242084F841002068C06820F4E0
:1029200000502168C860204602F05EFE2068006901
:1029300020F49040216808612068406920F02A0056
:10294000216848612068C06840F400502168C86070
:1029500000206064202084F8410084F842000020B8
:10296000606300BFC8E7000010B586B004461421BC
:1029700001A8FDF7D1FCA6492068884231D100BFEB
:1029800000200090A348006840F40020A14908609E
:102990000846006800F40020009000BF00BF00BFA0
:1029A000002000909B481038006840F004009949CE
:1029B000103908600846006800F00400009000BF6D
:1029C00000BF4FF44060019002200290002003906D
:1029D000032004900820059001A98F48FEF79CFA77
:1029E00013E18E492068884255D100BF0020009035
:1029F0008848006840F480108649086008460068EE
:102A000000F48010009000BF00BF00BF00200090C5
:102A100080481038006840F004007E491039086092
:102A20000846006800F00400009000BF00BF00BF2F
:102A3000002000900846006840F008000860084642
:102A4000006800F00800009000BF00BF88140190EB
:102A5000022002900020039003200490082005909B
:102A600001A96D48FEF758FA042001900220029057
:102A700000200390032004900820059001A96848D5
:102A8000FEF74AFA002205213520FEF70DFC35201D
:102A9000FEF7F6FBB9E06349206888423BD100BFEE
:102AA000002000905B48001D006840F0100059496C
:102AB000091D08600846006800F01000009000BF83
:102AC00000BF00BF0020009052481038006840F05E
:102AD00001005049103908600846006800F0010004
:102AE000009000BF00BF4FF4C06001900220029030
:102AF00000200390032004900720059001A94A4874
:102B0000FEF70AFA002205212520FEF7CDFB25203D
:102B1000FEF7B6FB79E045492068884238D100BF0E
:102B2000002000903B48006840F4003039490860BC
:102B30000846006800F40030009000BF00BF00BFEE
:102B40000020009033481038006840F008003149F8
:102B5000103908600846006800F00800009000BFC7
:102B600000BF60200190022002900020039003200B
:102B700004900720059001A92948FEF7CDF900220D
:102B800005212620FEF790FB2620FEF779FB3CE08E
:102B900027492068884238D100BF002000901D4896
:102BA000006840F480201B4908600846006800F473
:102BB0008020009000BF00BF00BF0020009015489B
:102BC0001038006840F002001249103908600846C9
:102BD000006800F00200009000BF00BF4FF44060AA
:102BE000019002200290002003900320049007200F
:102BF000059001A90F48FEF78FF900220521272033
:102C0000FEF752FB2720FEF73BFB06B010BD00008D
:102C1000004C004040380240000802400050004094
:102C2000000C02400010014000000240004400403F
:102C3000004800400004024070B504460D461646A8
:102C400094F8420020280BD105B10EB9012070BDC7
:102C50000020206332462946204602F0DBFDF6E7DD
:102C60000220F4E710B5044617492068884209D1CC
:102C70001648007805F066FC012214491448FFF755
:102C8000DBFF20E013492068884205D10122124968
:102C90001248FFF7D1FF16E011492068884207D19A
:102CA00002F0D4FE01220F490F48FFF7C5FF0AE0EA
:102CB0000E492068884206D102F0D6F801220C495C
:102CC0000C48FFF7B9FF10BD004400405000002041
:102CD000402500200010014051000020F824002071
:102CE00000480040E10000208825002000500040FE
:102CF000E4000020B02400202DE9F84F04460E46E1
:102D0000174699464FF0000A94F84100202850D108
:102D100006B117B90120BDE8F88F002060642120BA
:102D200084F84100FEF7F8F98246A784E784A0689A
:102D3000B0F5805F04D1206910B90025B04602E0EB
:102D400035464FF000081EE0534600228021204601
:102D5000CDF8009002F0AEFD20B1202084F84100B3
:102D60000320D8E745B9B8F80000C0F3080021688F
:102D7000486008F1020803E02878216848606D1C6B
:102D8000E08C401EE084E08C0028DDD15346002218
:102D900040212046CDF8009002F08CFD20B120208B
:102DA00084F841000320B6E7202084F84100002089
:102DB000B1E70220AFE710B5034693F841002028A1
:102DC00013D101B10AB9012010BD19629A84DA84C5
:102DD00000205864212083F841001868C06840F042
:102DE00080001C68E0600020EEE70220ECE70000B5
:102DF000034A0168914202D10021024A11707047D2
:102E0000004400405E03002000BFFEE770B50446AA
:102E1000002534B1012C06D0022C06D0032C08D199
:102E200005E00B4D06E00B4D04E00B4D02E00B4DB1
:102E300000E070BD00BF0323052229460848FFF7C4
:102E40005BFF40F6B830FEF753F800BFF1E7000033
:102E5000DA9D0008DF9D0008E49D0008E99D000858
:102E60008825002010B52DED028BB0EE408AB0EE23
:102E7000480A04F0D7F9B0EE408A2648D0ED020A9D
:102E8000B0EE600A04F0CEF9224880ED020A90ED1F
:102E9000030AD0ED000A30EE200A80ED030A90ED1F
:102EA000020A38EE400AF0EE408AB0EE680A04F0FA
:102EB000B9F9F0EE408A174890ED030AD0ED010A07
:102EC00030EE200AD0ED030A80EE801A80ED041A5D
:102ED00090ED020AD0ED040A00EEA80A80ED020A85
:102EE000D0ED020AB0EE600A04F09CF9094880EDCA
:102EF000020A90ED040AF7EE000A30EEC00AD0EDA7
:102F0000030A20EE200A80ED030A90ED020ABDECD0
:102F1000028B10BD08A700209FED0A0A0A4880ED29
:102F2000000A9FED0A0A80ED010A9FED090A80ED73
:102F3000020AB7EE000A80ED030A9FED050A80ED54
:102F4000040A70476F12033B08A700200AD7A33C6E
:102F50000000000000B5D5B04D4B0FCB549351ABE2
:102F600007C3002151A804F092F94A490860484B70
:102F700010330FCB50934DAB07C300214DA804F085
:102F800086F9454908601C224149203146A8FDF7D1
:102F9000AAF9002146A804F08EF9404908601C22D5
:102FA0003B493C313FA8FDF79EF900213FA804F0C2
:102FB00082F93B4908601C223549583138A8FDF791
:102FC00092F9002138A804F076F9364908601C22ED
:102FD0002F49743131A8FDF786F9002131A804F09A
:102FE0006AF9314908601C22294990312AA8FDF765
:102FF0007AF900212AA804F05EF92C4908601C2205
:103000002349AC3123A8FDF76EF9002123A804F071
:1030100052F9274908601C221D49C8311CA8FDF738
:1030200062F900211CA804F046F9224908601C221C
:103030001749E43115A8FDF756F9002115A804F049
:103040003AF91D4908601C221C490EA8FDF74BF9EE
:1030500000210EA804F02FF9194908601C22174915
:103060001C3107A8FDF73FF9002107A804F023F958
:10307000144908601C22114938316846FDF733F9BC
:103080000021684604F017F90F49086055B000BDEB
:10309000649C0008480000204C0000201C00002018
:1030A0002000002024000020280000202C00002008
:1030B000300000203400002038000020649D00080B
:1030C0003C000020400000204400002000B587B0F4
:1030D000142102A8FDF720F900BF002001904D48FF
:1030E000006840F010004B4908600846006800F096
:1030F0001000019000BF00BF00BF002001900846F3
:10310000006840F0040008600846006800F0040011
:10311000019000BF00BF00BF00200190084600687A
:1031200040F0200008600846006800F02000019090
:1031300000BF00BF00BF002001900846006840F0BB
:10314000800008600846006800F08000019000BF21
:1031500000BF00BF002001900846006840F0010059
:1031600008600846006800F00100019000BF00BF41
:1031700000BF002001900846006840F0020008608F
:103180000846006800F00200019000BF00BF00BFC9
:10319000002001900846006840F0080008600846DA
:1031A000006800F00800019000BF00BF00220F215E
:1031B0001948FDF7ABFF00224FF440411748FDF7D7
:1031C000A5FF00221F211648FDF7A0FF0F20029047
:1031D0000120039000200490059002A90E48FDF7FD
:1031E0009BFE4FF440400290012003900020049089
:1031F000059002A90948FDF78FFE1F2002900120CB
:10320000039000200490059002A90548FDF784FE74
:1032100007B000BD303802400010024000080240F4
:103220000014024000B587B01C216846FDF774F811
:103230001648174908600920486000211448816039
:1032400040F2E731C1600021016180218161FEF718
:1032500089FC08B1FDF7AEFD0D48FFF7FAF808B19B
:10326000FDF7A8FD602000900020019002900490DE
:10327000002269460648FFF76AF808B1FDF79AFD93
:103280000348FEF7C7FF07B000BD0000004401403F
:103290004823002000B587B01C216846FDF73CF8A4
:1032A00016481749086009204860002114488160C9
:1032B00040F2E731C1600021016180218161FEF7A8
:1032C00051FC08B1FDF776FD0D48FFF7C2F808B1D3
:1032D000FDF770FD602000900020019002900490A6
:1032E000002269460648FFF732F808B1FDF762FD93
:1032F0000348FEF78FFF07B000BD00000048014003
:103300009023002000B587B01C216846FDF704F823
:10331000164817490860042048600021144881605D
:1033200040F2E731C1600021016180218161FEF737
:1033300019FC08B1FDF73EFD0D48FFF78AF808B10A
:10334000FDF738FD6020009000200190029004906D
:10335000002269460648FEF7FAFF08B1FDF72AFD8C
:103360000348FEF757FF07B000BD0000001C0040F7
:10337000D823002000B587B01C216846FCF7CCFF9D
:1033800016481749086004204860002114488160ED
:1033900040F2E731C1600021016180218161FEF7C7
:1033A000E1FB08B1FDF706FD0D48FFF752F808B143
:1033B000FDF700FD60200090002001900290049035
:1033C000002269460648FEF7C2FF08B1FDF7F2FC8D
:1033D0000348FEF71FFF07B000BD000000200040BB
:1033E0002024002000B58BB0242102A8FCF794FF14
:1033F0000020009001901A481A4908600020486097
:103400000021184881604FF6FF71C1600021016101
:10341000416181610320029000200390012004900B
:10342000002005900C2006900020079001200890B5
:10343000002009900C200A9002A90A48FEF77AFCA5
:1034400008B1FDF7B7FC00200090019069460548DF
:10345000FEF72EFB08B1FDF7ADFC0BB000BD000080
:10346000000001402822002000B58BB0242102A8D2
:10347000FCF752FF0020009001904FF08040194966
:103480000860002048600021164881604FF6FF71F7
:10349000C16000210161816103200290002003903E
:1034A00001200490002005900C2006900020079039
:1034B00001200890002009900C200A9002A90948D8
:1034C000FEF738FC08B1FDF775FC00200090019074
:1034D00069460448FEF7ECFA08B1FDF76BFC0BB047
:1034E00000BD00007022002000B58BB0242102A88E
:1034F000FCF712FF0020009001901948194908605C
:10350000002048600021174881604FF6FF71C160BC
:1035100000210161816103200290002003900120BD
:103520000490002005900C200690002007900120B8
:103530000890002009900C200A9002A90948FEF783
:10354000F9FB08B1FDF736FC0020009001906946B8
:103550000448FEF7ADFA08B1FDF72CFC0BB000BD36
:1035600000040040B822002000B58BB0242102A83E
:10357000FCF7D2FE0020009001901948194908601C
:10358000002048600021174881604FF6FF71C1603C
:10359000002101618161032002900020039001203D
:1035A0000490002005900C20069000200790012038
:1035B0000890002009900C200A9002A90948FEF703
:1035C000B9FB08B1FDF7F6FB0020009001906946B9
:1035D0000448FEF76DFA08B1FDF7ECFB0BB000BD37
:1035E000000800400023002010B50B480B4908607C
:1035F0004FF4E1304860002108488160C1600161FA
:103600000C21416100218161C161FFF771F908B1AD
:10361000FDF7D0FB10BD0000004C004068240020E6
:1036200010B50B480B4908604FF4E13048600021A9
:1036300008488160C16001610C2141610021816104
:10364000C161FFF755F908B1FDF7B4FB10BD0000EB
:1036500000500040B024002010B50B480B49086012
:103660004FF4E1304860002108488160C160016189
:103670000C21416100218161C161FFF739F908B175
:10368000FDF798FB10BD000000100140F824002059
:1036900010B50B480B4908604FF4E1304860002139
:1036A00008488160C16001610C2141610021816194
:1036B000C161FFF71DF908B1FDF77CFB10BD0000EB
:1036C000004400404025002010B50B480B4908601D
:1036D0004FF4E1304860002108488160C160016119
:1036E0000C21416100218161C161FFF701F908B13D
:1036F000FDF760FB10BD0000004800408825002059
:1037000000BFFEE770B59CB006461EB94FF0FF3013
:103710001CB070BD702224496846FCF7E4FD00250A
:103720003AE006EB4514C5EBC5005DF820002060CB
:10373000C5EBC500694601EB80008088A080C5EB21
:10374000C50001EB80008068A060C5EBC50001EBFF
:1037500080008089A081C5EBC50001EB8000006975
:103760002061C5EBC50001EB800040696061C5EBDD
:10377000C50001EB8000007E207600202077607776
:103780000120A077D4E90401FEF798FE002120462D
:1037900003F026FA681CC5B2042DC2DB012086F8AE
:1037A00080000020B4E70000F09D000870B50446DA
:1037B0000D46164624B194F8800008B1042D02DBB2
:1037C0004FF0FF3070BD64225142304603F06EFA74
:1037D000064604EB4510314603F002FA0020F1E7FB
:1037E00070B5044604B970BD002506E004EB451031
:1037F000002103F0F5F9681CC5B2042DF6DB00BF0B
:10380000F1E72DE9F04104460D46164614B194F84F
:10381000800018B94FF0FF30BDE8F08164225142BA
:10382000284603F043FA054664225142304603F02D
:103830003DFA064616B9A8462F4608E0002E03DDDD
:103840002F466FF0090802E0A8466FF009073946D5
:1038500004F1200003F0C4F9394604F1400003F0FC
:10386000BFF94146204603F0BBF9414604F1600030
:1038700003F0B6F90020CFE770B504460D461646B2
:1038800014B194F8800010B94FF0FF3070BD64227D
:103890000021284603F00AFA0546AEB9684241B253
:1038A00004F1200003F09CF9684241B204F14000A9
:1038B00003F096F92946204603F092F9294604F1CF
:1038C000600003F08DF914E0294604F1200003F0B4
:1038D00087F9294604F1400003F082F9684241B2B9
:1038E000204603F07DF9684241B204F1600003F024
:1038F00077F90020CAE7000010B50248FFF702FF81
:1039000010BD000070AC002000BFFEE710B55148AC
:10391000D0ED041AB0EE612AD0ED021AB0EE611AB1
:10392000D0ED011AF0EE610AD0ED001AB0EE610A96
:10393000DFED491A494803F09DFD4948D0ED041ACE
:10394000B0EE612AD0ED021AB0EE611AD0ED011A84
:10395000F0EE610AD0ED001AB0EE610ADFED3E1A1A
:10396000404803F087FD4048D0ED041AB0EE612ACC
:10397000D0ED021AB0EE611AD0ED011AF0EE610A34
:10398000D0ED001AB0EE610ADFED331A374803F0CC
:1039900071FD3748D0ED041AB0EE612AD0ED021A5D
:1039A000B0EE611AD0ED011AF0EE610AD0ED001A06
:1039B000B0EE610ADFED281A2E4803F05BFD2E48B9
:1039C000D0ED041AB0EE612AD0ED021AB0EE611A01
:1039D000D0ED011AF0EE610AD0ED001AB0EE610AE6
:1039E000DFED1D1A254803F045FD2548D0ED041AEA
:1039F000B0EE612AD0ED021AB0EE611AD0ED011AD4
:103A0000F0EE610AD0ED001AB0EE610ADFED121A95
:103A10001C4803F02FFDB2EE0E0A104803F07EFDA5
:103A2000B2EE0E0A0F4803F079FDB2EE0E0A0F480F
:103A300003F074FDB2EE0E0A0E4803F06FFD9FED29
:103A4000120A0E4803F06AFD9FED030A0D4803F0C9
:103A500065FD10BDE800002000000000F4AC00206F
:103A60004C01002030AD0020B00100206CAD0020E2
:103A700014020020A8AD002078020020E4AD002050
:103A80008C02002020AE00200000984210B52DEDE1
:103A9000048B4C48007810B9BDEC048B10BDFCF7CA
:103AA00077FFFCF7B3FFFCF7EFFFFDF72BF8464875
:103AB000D0ED030AB0EE600A444803F02BFCB0EEF0
:103AC000408A4348D0ED030AB0EE600A414803F053
:103AD00021FCF0EE408A4048D0ED030AB0EE600AC7
:103AE0003E4803F017FCB0EE409A3D48D0ED030A83
:103AF000B0EE600A3B4803F00DFCF0EE409A3A4805
:103B000090ED040AB0EE401A90ED030AF0EE400A80
:103B1000B0EE480A03F011FCB0EE408A334890ED55
:103B2000040AB0EE401A90ED030AF0EE400AB0EE3F
:103B3000680A03F002FCF0EE408A2D4890ED040A7A
:103B4000B0EE401A90ED030AF0EE400AB0EE490ADA
:103B500003F0F3FBB0EE409A264890ED040AB0EE75
:103B6000401A90ED030AF0EE400AB0EE690A03F045
:103B7000E4FBF0EE409ABDEEC80A10EE100A42B225
:103B800000211D48FFF712FEBDEEE80A10EE100AF4
:103B900042B201211848FFF709FEBDEEC90A10EE36
:103BA000100A42B202211448FFF700FEBDEEE90AF6
:103BB00010EE100A42B203210F48FFF7F7FD00BFD5
:103BC0006AE70000A002002030AC0020F4AC002026
:103BD00040AC002030AD002050AC00206CAD002087
:103BE00060AC0020A8AD0020E80000204C010020BF
:103BF000B00100201402002070AC00202DE9F04339
:103C00002DED028B81B00646B0EE408A444890F814
:103C1000B2540024FDF780FA8146092E5DD2DFE818
:103C200006F0050A141D5C2F3D4A4F002046641C17
:103C30000DF8005056E04FF0FF31284603F01EF912
:103C40002146641C0DF801004CE00121284603F0D8
:103C500015F92146641C0DF8010043E04FF0FF31D7
:103C6000284603F00BF92146641C0DF801000121E0
:103C7000284603F003F92146641C0DF8010031E0E9
:103C80004FF0FF31284603F0F9F82146641C0DF887
:103C900001002046641C0DF8005023E00121284655
:103CA00003F0ECF82146641C0DF801002046641C6A
:103CB0000DF8005016E02046641C0DF8005011E08D
:103CC00018A1274803F091FA0221284603F0D6F8FC
:103CD0002146641C0DF8010004E02046641C0DF828
:103CE000005000BF00BF002716E01DF807802A46DD
:103CF0004146304603F0A4F968B1082E05D140468C
:103D000001B0BDEC028BBDE8F083404603F0CEF974
:103D100008B94046F4E77F1CA742E6DB2846EFE7F8
:103D20005CAE00205B44454255475D2044656164BC
:103D300020656E642064657465637465642028661C
:103D40005F63726F73733D38292C207072657061E8
:103D500072696E6720552D7475726E0A000000003E
:103D60006824002010B540F2E4512648FCF7D4FA4C
:103D700018212548FCF7D0FA0A20224981F8E005ED
:103D800081F8E105084690F8E00540B281F8B004FA
:103D9000084690F8E10541B21A4880F8B1140021B4
:103DA00080F8B214012190F9B104C0EB0010154A5B
:103DB00002EB800092F9B02402EB420281541148D8
:103DC00090F9B104C0EB00100E4A02EB800092F9AA
:103DD000B02402EB4202104441700120094981F8ED
:103DE000E20500200849087048704FF4FA70088115
:103DF000044890F9B12490F9B01404A001F0B2FF86
:103E000010BD00005CAE002040B400205B50617427
:103E100068506C616E6E696E675D20496E69746989
:103E2000616C697A6564206174202825642C25649E
:103E3000290A0000F0B52DED068B85B00446082C4C
:103E400007DB274608243A46F2A1FE4803F0CDF9E5
:103E500000BF0026FC480078052843D2DFE800F0C8
:103E60000343F9F8F7000120F8490870F84890ED8D
:103E7000000A01F037FE042C34D0072C32D0002C7D
:103E800030D0F34890ED000ADFEDF20A30EE600A20
:103E900010EE101A0846FCF7D4FA41EC190BB0EEFC
:103EA000490AF0EE690A02F079F8B0EE408AF0EEC5
:103EB000608A9FEDE90B53EC102B51EC180BFCF7CB
:103EC000D3FA0FD2204602F0FFFF38B10120DE49BD
:103ED0000870E3A1DB4803F088F903E0EFA1D948BB
:103EE00003F083F95AE3DA480068FCF7AAFA41ECD8
:103EF000180B8DED008B2246F5A1D24803F075F921
:103F0000D34890ED000A2046FFF778FE0546062CC0
:103F100033D1FA4890F8B204A8422ED1F849C948E2
:103F200003F063F90020C94908700F220021F54809
:103F3000FFF73CFC0F220121F248FFF737FC0F226C
:103F40000221F048FFF732FC0F220321ED48FFF772
:103F50002DFC4FF47A70FCF7CBFFEB49B94803F026
:103F600044F90120B9490870FFF7D0FC0A20FCF79A
:103F7000BFFF0020B449087010E3E04890F8B20495
:103F8000A84268D0DD4991F8B214691A081DC1171A
:103F900000EB91718910A0EB81014FB2032F24D166
:103FA000DAA1A84803F021F90020A84908700F22DF
:103FB0000021D448FFF7FAFB0F220121D148FFF777
:103FC000F5FB0F220221CF48FFF7F0FB0F22032160
:103FD000CC48FFF7EBFB4B20FCF78AFF9620FCF761
:103FE00087FFD7A1974803F000F9E0A1954803F0B7
:103FF000FCF80020954908700A220021C148FFF70B
:10400000D5FB0A220121BF48FFF7D0FB0A2202217B
:10401000BC48FFF7CBFB0A220321BA48FFF7C6FBD7
:104020004FF49670FCF764FF012088490870FFF791
:104030006DFC0A20FCF75CFF834845700220824932
:1040400008702A46D7A17F4803F0CFF80EE08DE232
:10405000F5E10CE0FFE701207C490870FFF756FC12
:104060000A20FCF745FF00207749087096E20020FF
:1040700076490870CE4890ED000A734880ED030A37
:10408000024651789D4A92F8B20402F01BFE6E4837
:1040900090ED050A10EE101A0846FCF7D2F941EC33
:1040A000180B694890ED040A10EE101A0846FCF748
:1040B000C8F941EC190BBE480068FCF7C2F941ECA5
:1040C0001A0B8DED028B8DED009B53EC1A2BB9A1D1
:1040D0005C4803F08AF85C4890ED040ADFEDC50AFD
:1040E00030EE600A10EE101A0846FCF7AAF941EC0F
:1040F000190BB0EE490AF0EE690A01F04FFFB0EE7D
:10410000408AF0EE608A9FEDBC0B53EC102B51EC13
:10411000180BFCF7A9F901D2002689E14A4890ED75
:10412000040ADFEDB70A30EE600A10EE101A0846F6
:10413000FCF787F941EC190BB0EE490AF0EE690A79
:1041400001F02CFFB0EE408AF0EE608A9FEDAA0BE2
:1041500053EC102B51EC180BFCF786F901D2022618
:1041600066E1394890ED040ADFEDA60A30EE600AF8
:1041700010EE101A0846FCF764F941EC190BB0EE8A
:10418000490AF0EE690A01F009FFB0EE408AF0EE4C
:10419000608A9FED990B53EC102B51EC180BFCF738
:1041A00063F901D2012643E1274890ED040ADFEDCF
:1041B000960A30EE600A10EE101A0846FCF741F934
:1041C00041EC190BB0EE490AF0EE690A01F0E6FE87
:1041D000B0EE408AF0EE608A9FED870B53EC102B17
:1041E00051EC180BFCF740F912D3174890ED040A74
:1041F000DFED860A30EE600A10EE101A0846FCF772
:1042000020F941EC190BB0EE490AF0EE690AFFE023
:104210000DE100005B44454255475D20665F6372D7
:104220006F73733D256420636F6E76657274656489
:1042300020746F203820286465616420656E6429CD
:104240000A0000006824002040B40020A0020020E2
:10425000DC000020000098420000000000002E401A
:104260005B44454255475D2043726F73732064651C
:1042700074656374656420616E6420737461626C3C
:10428000652C20656E746572696E672041545F43CA
:10429000524F53532073746174650A005B44454266
:1042A00055475D2043726F73732064657465637452
:1042B00065642062757420756E737461626C652C20
:1042C0002077616974696E672E2E2E0A0000000047
:1042D0005B44454255475D2041742063726F7373A0
:1042E0003A20665F63726F73733D25642C20665FAE
:1042F00072686F3D252E32660A0000005CAE002019
:10430000909F000870AC0020F49E00085B4445427A
:1043100055475D204C656674207475726E20646527
:104320007465637465642C2074616B696E672032F8
:104330002065787472612073746570730A000000E0
:104340005B44454255475D204C6566742074757228
:104350006E20657874726120737465707320636F6A
:104360006D706C657465640A000000005B44454232
:1043700055475D205072652D7475726E2064656CB2
:1043800061793A20636F6E74696E75696E67207328
:104390007472616967687420666F72203330306DA3
:1043A000730A00006E6578745F6469723A25640070
:1043B000D80000205B44454255475D205475726E1D
:1043C000696E673A20665F7961773D252E32662CEB
:1043D000207461726765745F7961773D252E32665E
:1043E0002C207475726E5F7461726765743D252E42
:1043F00032660A0000000000000000A09999B93F51
:104400000000B4C20000B442000034C300003443D2
:1044100001F0C4FDB0EE408AF0EE608A1FED0A0B99
:1044200053EC102B51EC180BFCF71EF800D20326AE
:10443000304601F005FC03205B490870AEE05A48A5
:1044400090ED050A10EE101A0846FBF7FAFF41EC52
:10445000180B554890ED040A10EE101A0846FBF7A9
:10446000F0FF41EC190B51480068FBF7EAFF41EC03
:104470001A0B8DED028B8DED009B53EC1A2BAFF2D6
:10448000CC014B4802F0B1FE474890ED050AF0EE32
:10449000400A464890ED000A02F0E0FB10EE107A68
:1044A0003846FBF7CEFF41EC180BB0EE480AF0EEB1
:1044B000680A01F073FDB0EE409AF0EE609A9FED4D
:1044C0003D0B53EC102B51EC190BFBF7CDFF4CD8E7
:1044D0003A48FFF785F9C820FCF70AFD0A220021B7
:1044E0003648FFF763F90A2201213448FFF75EF9E5
:1044F0000A2202213148FFF759F90A2203212F48E5
:10450000FFF754F9C820FCF7F3FC0F2200212B48D9
:10451000FFF74CF90F2201212848FFF747F90F2236
:1045200002212648FFF742F90F2203212348FFF713
:104530003DF9C820FCF7DCFC1B49487800F066F820
:10454000002019490870FF201D49087000204860AC
:10455000087201201B490870FFF7D8F90A20FCF700
:10456000C7FC19A1124802F040FE17E000201549CF
:1045700008701FED600A214802F0EEFF1FED630A8C
:104580001F4802F0E9FF1FED650A1E4802F0E4FF34
:104590001FED680A1C4802F0DFFF00BF00BF05B036
:1045A000BDEC068BF0BD000040B40020D800002018
:1045B00068240020000000000000144070AC0020BF
:1045C00058B40020A00200205B44454255475D20BE
:1045D0005475726E20636F6D706C657465642C2009
:1045E00072657475726E696E6720746F20666F6C89
:1045F0006C6F77206C696E650A000000F4AC0020D7
:1046000030AD00206CAD0020A8AD0020F8B5044608
:104610000120A040C6B2494890F9B104C0EB001097
:10462000464901EB800091F9B01401EB41010844C7
:1046300040783043414991F9B114C1EB01113F4A2F
:1046400002EB810192F9B02402EB4202114448705E
:1046500034B1012C0DD0022C14D0032C24D11AE03B
:10466000364890F8B104401E41B2344880F8B11485
:104670001AE0324890F8B004401C40B22F4981F84B
:10468000B00411E02D4890F8B104401C41B22B4811
:1046900080F8B11408E0294890F8B004401E40B2F8
:1046A000264981F8B00400BF00BF244880F8B24416
:1046B00090F8DF05632815DA204890F8DF1590F8A8
:1046C000DF05401CC2B21D4880F8DF2501EB410127
:1046D00000F2B34001441948B0F8B0240A8090F8C1
:1046E000B20488700120A040C5B2144890F9B1040A
:1046F000C0EB0010114901EB800091F9B01401EBFF
:104700004101405C28430D4991F9B114C1EB0111FD
:104710000A4A02EB810192F9B02402EB420288546A
:10472000064890F8B2040090044890F9B13490F92A
:10473000B02403A10C4802F058FDF8BD5CAE002087
:104740005B506F736974696F6E5D204D6F76656441
:1047500020746F202825642C2564292066616369F4
:104760006E672025640A00006824002010B5034607
:104770000C4613B94FF0FF3010BD002111E001EBE2
:10478000410033F93000A04209D101EB410003EBB5
:10479000C000B0F90200904201D108B2ECE7481C19
:1047A00081B24FF49650C05A8842E8DC4FF0FF3097
:1047B000E2E700002DE9F74F84B004461CB14FF446
:1047C0009650005B38B9002141F2B87001550020C5
:1047D00007B0BDE8F08F2046DDE90512FFF7C6FF00
:1047E0000546002D05DA002141F2B8700155002080
:1047F000EEE74FF49650005B28B9002141F2B87003
:1048000001550020E4E74FF49650005B401E87B24C
:10481000A8B2B8420FD107EB470004EBC001182241
:1048200041F208302044FBF75EFD012141F2B870EF
:1048300001550120CCE7002009E04FF0FF314A4A42
:1048400022F810100021494A1154411C88B24FF43B
:104850009651095B8142F0DC4FF0000AD046414698
:1048600008F10108424820F8117001203F49C8555D
:104870000020039033E05046411C1FFA81FA3C4966
:1048800031F810B001AA5946204600F080F8009097
:1048900000211FE001AA32F81100344A125CBAB9B3
:1048A0000122324B1A540FFA8BF22F4B23F81020AF
:1048B000B8F1C80F06DA4246531C1FFA83F82C4B96
:1048C00023F81200AAB2824202D10122039204E02C
:1048D000481CC1B200988142DCDB00BF00BFC2456A
:1048E00004DA039810B9B8F1C80FC4DB039828B9EB
:1048F000002141F2B8700155002069E70026A94661
:1049000008E03046711CCEB21A4921F810901648C2
:1049100030F9199009F1010008B1322EF1DB41F2B2
:10492000B87006554FF0000B17E0721EA2EB0B0299
:10493000104B33F8122002EB420204EBC2010BEBE6
:104940004B0241F20833234403EBC2001822FBF769
:10495000CAFC0BF1010000F0FF0BB345E5DB41F2AF
:10496000B870005D34E7000074A9002004AB00209B
:10497000E4A70020CCAB0020024602B109B9002018
:1049800070474FF49650805A08801046F8E7F0B50B
:1049900003460C4615462BB14FF49650C05AA04220
:1049A00000DD0DB90020F0BD04EB440003EBC002B4
:1049B0000021002012E002F10C0636F810704FF4CE
:1049C0009656F65AB74207DA02F10C0636F810602E
:1049D00025F811604E1CF1B2461CF0B2167D8642DD
:1049E00001DD0428E7DB0846DDE710B5044604B91D
:1049F00010BD41F2BC712046FBF78EFC002010E098
:104A000000210AE04FF6FF7300EB400204EBC20204
:104A10000C3222F811304A1CD1B20429F2DB411CBD
:104A200088B2C828ECDB4FF6FF7141F2D020015369
:104A30000121C01C015500BFDAE770B52DED028BD6
:104A40000446B0EE408AF0EE608A1CB141F2D320F9
:104A5000005D10B9BDEC028B70BD012141F2D22086
:104A6000015504F5805080EDB18AC0EDB28A41F263
:104A7000CE202118801E2044F0EE680AB0EE480ACD
:104A800003F03AF900214FF496500153322141F2DC
:104A9000D4202044FBF740FC4FF49650005BC8281C
:104AA0003CDA4FF49650005B00EB400004EBC0058D
:104AB00041F2CC20005B288041F2CE20005B688070
:104AC000B5F90210B5F9000005F108032A1D02F03E
:104AD000E1F90020287500BF07E04FF6FF7205F1ED
:104AE0000C0121F81020411CC8B20428F5DB4FF45A
:104AF0009650015B41F2D02001534FF49650005B79
:104B0000401C81B24FF49650015341F2CE20025F17
:104B1000801E015F204603F0A3FC00BF00BF99E7A1
:104B200070B52DED068B0446F0EE408AB0EE608A3B
:104B30001CB141F2D220005D18B90020BDEC068BFB
:104B400070BD4FF49650055BB3EE090AF4EEC08ACF
:104B5000F1EE10FA04DDB3EE090AF0EE408A0AE045
:104B6000BBEE090AF4EEC08AF1EE10FA03D2BBEEF6
:104B7000090AF0EE408A05E09FED460A38EE000A89
:104B8000B0EE408AB5EEC08AF1EE10FAF4D305E03B
:104B90009FED400A38EE400AB0EE408A9FED3D0A94
:104BA000B4EEC08AF1EE10FAF2DA9FED3B0A28EE7D
:104BB000000ADFED3A0AC0EE209A9FED399AB0EE76
:104BC000690A01F043F920EE280A20EE09AAB0EEA6
:104BD000690A01F0EDF920EE280A60EE09AA04F551
:104BE000805090EDB10A30EE0A0A80EDB10A90EDE6
:104BF000B20A30EE2A0A80EDB20A90EDB10AB5EEA3
:104C0000C00AF1EE10FA03D29FED260A80EDB10A38
:104C100004F5805090EDB10ADFED230AB4EEE00A0E
:104C2000F1EE10FA03DD9FED200A80EDB10A04F5E4
:104C3000805090EDB20AB5EEC00AF1EE10FA03D240
:104C40009FED180A80EDB20A04F5805090EDB20A8B
:104C5000DFED150AB4EEE00AF1EE10FA03DD9FED88
:104C6000120A80EDB20A04F5805090EDB21AF0EE0F
:104C7000410A90EDB11AB0EE410A204600F016F854
:104C80004FF49650005BA84201DD012056E700205A
:104C900054E700000000B443D00F49400000344303
:104CA000CDCCCC3D0000000000004843F0B52DED18
:104CB000028B83B00446B0EE408AF0EE608A1CB1ED
:104CC00041F2D220005D18B903B0BDEC028BF0BDFB
:104CD00004F5805080EDB18AC0EDB28A01A902A826
:104CE000F0EE680AB0EE480A03F006F841F2CC2074
:104CF000005FBDF90810884206D141F2CE20005F66
:104D0000BDF90410884274D041F2D020065BBDF991
:104D10000420BDF90810204602F084F807464FF63B
:104D2000FF70874203D041F2D020075337E04FF4A1
:104D30009650005BC82832DA4FF49650005B00EBC7
:104D4000400004EBC005BDF908002880BDF904004F
:104D5000688005F108032A1DBDF90410BDF908009B
:104D600002F098F80020287500BF07E04FF6FF72A8
:104D700005F10C0121F81020411CC8B20428F5DB14
:104D80004FF49650015B41F2D02001534FF49650FE
:104D9000005B401C81B24FF49650015300BF4FF6A8
:104DA000FF70864214D041F2D020005B4FF6FF71B5
:104DB00088420DD041F2D020025B3146204601F0FE
:104DC000E3FE41F2D020015B3246204601F0DCFEDA
:104DD000BDF9081041F2CC200153BDF90410801C2C
:104DE0000153BDF90420BDF90810204603F038FB3B
:104DF00000BF00BF68E7000070B52DED048B1348BD
:104E0000007800B312480078032817DB1148447873
:104E1000807845B22046FBF703FB41EC190B9FED70
:104E20000E0B53EC102BFBF789FA41EC180BFBF738
:104E30004BFB0B4908600B490D7000BF0020034974
:104E4000087003490870BDEC048B70BDE6000020BB
:104E5000E500002080A70020000000000000F03FD7
:104E6000DC000020E00000201748007800B1704707
:104E70001648007820B916480078FD2800D0F6E7DB
:104E800013480178114802780078401C0F4B1870C5
:104E90001048815418460078022809DB184600782B
:104EA000401E0C49085CFE2802D10120064908700A
:104EB00006480078642804D3002004490870024999
:104EC000087000BFD3E70000E6000020E5000020E6
:104ED000E400002080A7002000BF01221021074825
:104EE000FCF714F9FA2002F0C1F90022102103485E
:104EF000FCF70CF9FA2002F0B9F9EEE700140240D1
:104F00002DED028B3748FFF770FDDFED370A9FED7F
:104F1000360A3448FFF791FD00BF344890ED030A8C
:104F20003348D0ED030A30EE200A3248D0ED030AB0
:104F300030EE200A3048D0ED030A30EE200AF1EEC0
:104F4000000A80EE201AB0EE418A2C48D0ED000A0B
:104F5000B0EE480A2348FFF7E3FD29492148FFF74F
:104F60000BFD2849086026480088401E00EB4000E1
:104F70000B461B6803EBC000807842B220480088D3
:104F8000401E00EB40000B461B6813F8300041B296
:104F90001448FFF70FFC1C49088019480088401E80
:104FA00000EB40001749096831F9300017490860E3
:104FB00013480088401E00EB40001249096801EBCD
:104FC000C000B0F9020012490860084603680F48A3
:104FD00010A10268114802F008F9642002F046F9B5
:104FE0009BE70000680300200000000030AC0020B8
:104FF00040AC002050AC002060AC0020D800002065
:1050000004000020080000200C00002010000020F8
:105010001400002025642C25640A00006824002068
:1050200000BF00F0A5FC052002F020F9F9E700BF61
:10503000FBF7AAFE0A2002F019F9F9E700BFFEF714
:1050400025FD052002F012F9F9E700BFFFF7D4FEB5
:10505000052002F00BF9F9E700BF04480078FEF7DD
:10506000E9FE0A2002F002F9F7E70000E000002064
:1050700010B500BF502080F31188BFF34F8FBFF3EE
:105080006F8F00BF04F048FB18B14FF08050044907
:10509000086000BF002080F3118800BF10BD000031
:1050A00004ED00E000B593B0302107A8FBF734F918
:1050B000142102A8FBF730F900BF00200190254819
:1050C000006840F08050234908600846006800F0FE
:1050D0008050019000BF00BF00BF002001901E481B
:1050E000006840F480401C4908600846006800F4ED
:1050F0008040019000BF00BF0220079001200A906D
:1051000010200B9002200D9000210E9108210F918C
:10511000A8211091022111910421129107A8FCF7F6
:1051200077FA08B1FBF746FE0F20029002200390A9
:10513000002004904FF4A05005904FF4805006904A
:10514000052102A8FCF702F908B1FBF733FE13B002
:1051500000BD000040380240007000400348006875
:1051600040F47000014908607047000088ED00E0DD
:1051700010B50248FCF797FF10BD0000D0250020B5
:1051800010B502682B4B98420ED0B0F1804F0BD077
:10519000294B984208D0294B984205D0284B984279
:1051A00002D0284B984203D122F070024B681A4378
:1051B000204B984220D0B0F1804F1DD01E4B98421A
:1051C0001AD01E4B984217D01D4B984214D01D4B3D
:1051D000984211D01C4B98420ED01C4B98420BD0D9
:1051E0001B4B984208D01B4B984205D01A4B984253
:1051F00002D01A4B984203D122F44072CB681A4372
:1052000022F080034C6943EA04028B68C3620B6896
:105210008362084B984202D00A4B984201D10B6935
:105220000363036843F004030360012343610260E6
:1052300010BD0000000001400004004000080040D4
:10524000000C0040000401400040014000440140C7
:105250000048014000180040001C004000200040B1
:1052600030B501F01F05012404FA05F3046A9C43DC
:105270000462046A01F01F0502FA05F52C4304627A
:1052800030BD000030B5026A056A25F001050562EF
:105290004368846924F0700424F003040D682C43EF
:1052A00022F002028D682A43104DA84200D103E08B
:1052B0000F4DA84206D100BF22F00802CD682A4354
:1052C00022F00402094DA84202D0094DA84207D19C
:1052D00023F4807323F400734D692B438D692B43B2
:1052E000436084614D684563026230BD0000014047
:1052F0000004014030B5026A056A25F01005056218
:105300004368846924F4E04424F440740D6844EA5A
:10531000052422F020028D6842EA0512124DA842AF
:1053200000D103E0114DA84207D100BF22F0800256
:10533000CD6842EA051222F040020B4DA84202D08D
:105340000A4DA84209D123F4806323F400634D6918
:1053500043EA85038D6943EA8503436084614D68B0
:105360008563026230BD000000000140000401407E
:1053700030B5026A056A25F4807505624368C46920
:1053800024F0700424F003040D682C4322F400720E
:105390008D6842EA0522124DA84200D103E0114D6A
:1053A000A84207D100BF22F40062CD6842EA05227C
:1053B00022F480620A4DA84202D00A4DA84209D1C7
:1053C00023F4805323F400534D6943EA05138D6998
:1053D00043EA05134360C4614D68C563026230BD92
:1053E000000001400004014030B5036A056A25F45D
:1053F000805505624468C26922F4E04222F440729A
:105400000D6842EA052223F400538D6843EA053310
:10541000084DA84202D0084DA84204D124F480448B
:105420004D6944EA85144460C2614D6805640362B5
:1054300030BD0000000001400004014010B50248EA
:10544000FDF7D2F810BD0000B024002070B504466E
:10545000A56B0020E8852846FDF7C4F870BD00BFA5
:1054600000BF02680C3252E8002F22F490710268EB
:105470000C3242E80013002BF3D100BF00BF00BF85
:105480000268143252E8002F22F00101026814323F
:1054900042E80013002BF3D100BF016B01290ED1AC
:1054A00000BF00BF02680C3252E8002F22F010014A
:1054B00002680C3242E80013002BF3D100BF202118
:1054C00080F8421000210163704710B5044620683F
:1054D000C06820F040002168C860202084F84100A6
:1054E0002046FDF785FC002010BDF8B504460025D8
:1054F000002694F84200222873D1A068B0F5805F9E
:105500000BD1206948B9A66A20684068C0F308003A
:105510003080A06A801CA06214E0A56AA068B0F583
:10552000805F03D0A06828B9206918B92068406856
:10553000287004E02068406800F07F002870A06AAE
:10554000401CA062E08D401E80B2E085002846D15C
:105550002068C06820F020002168C8602068C0680A
:1055600020F480702168C8602068406920F0010044
:1055700021684861202084F8420000206063206B8D
:10558000012826D10020206300BF00BF21680C3114
:1055900051E8001F21F0100021680C3141E80002A1
:1055A000002AF3D100BF2068006800F01000102826
:1055B0000AD100BF00200090206800680090206899
:1055C0004068009000BF00BFA18D2046FDF709F89C
:1055D00002E02046FDF746FB0020F8BD01E0002078
:1055E000FBE70220F9E700002DE9F84F04462068A8
:1055F000006920F44050E16808432168086121698E
:10560000A068084361690843E16908430090206885
:10561000C06849F20C618843009908432168C8605A
:105620002068406920F44070A169084321684861FE
:1056300076492068884203D075492068884203D1A2
:10564000FBF77EFF814602E0FBF76AFF8146E069D7
:10565000B0F5004F6CD102206168A0FB01500346F9
:105660001920A9FB007001462A463846FAF70AFEBF
:105670006421B0FBF1F04FEA001A02206168A0FB40
:1056800001510B461920A9FB00712A463846FAF74A
:10569000F9FD834602206168A0FB015003461920F2
:1056A000A9FB00712A463846FAF7ECFD6421B0FBED
:1056B000F1F000EBC00101EB0010ABEB80003221F8
:1056C00001EBC0006421B0FBF1F000F0F8000AEB40
:1056D000400A02206168A0FB015003461920A9FB83
:1056E000007001462A463846FAF7CCFD8346022070
:1056F0006168A0FB015003461920A9FB00712A46EE
:105700003846FAF7BFFD6421B0FBF1F000EBC001B1
:1057100001EB0010ABEB8000322101EBC0006421F3
:10572000B0FBF1F000F007005044216888606AE0A7
:1057300004206168A0FB015003461920A9FB0070FA
:1057400001462A463846FAF79DFD824604206168E4
:10575000A0FB015003461920A9FB007001462A4610
:105760003846FAF78FFD6421B0FBF1F000EBC00181
:1057700001EB0010AAEB8000322101EB0010642144
:10578000B0FBF1F000F0F00A04206168A0FB0170AA
:1057900003461920A9FB00513A462846FAF772FD44
:1057A0006421B0FBF1F00AEB001A04206168A0FB51
:1057B00001510B461920A9FB00712A463846FAF719
:1057C00061FD834604206168A0FB01500346192057
:1057D000A9FB007001462A463846FAF753FD6421BA
:1057E000B0FBF1F000EBC00101EB0010ABEB80006F
:1057F000322101EB00106421B0FBF1F000F00F004A
:10580000504421688860BDE8F88F00000010014016
:105810000014014010B5034699629A85DA8500208C
:105820005864222083F84200186928B11868C068BB
:1058300040F480701C68E0601868406940F0010026
:105840001C6860611868C06840F020001C68E06057
:10585000002010BD014691F84100212828D1886818
:10586000B0F5805F0BD1086948B90A6A1088C0F3A7
:1058700008000B685860086A801C086205E00B6A23
:10588000581C086218780B685860C88C401E80B29B
:10589000C88458B90868C06820F080000B68D860D8
:1058A0000868C06840F040000B68D860002070476E
:1058B0000220FCE72DE9F84304460D4617469846BA
:1058C000089E31E0701C70B3FBF726FCA0EB0800CB
:1058D000B04200D816B90320BDE8F8832068C0683C
:1058E00000F00400F8B1802D1ED0402D1CD020689F
:1058F0000068C0F3C000B0B100BF00200090206875
:105900000068009020684068009000BF00BF2046FB
:10591000FFF7A5FD0820606400BF002084F8400068
:1059200000BF0120D8E7FFE7206800682840A842B0
:1059300001D1012000E00020B842C3D00020CBE715
:1059400010B50248FCF750FE10BD0000F8240020FE
:1059500010B50248FCF748FE10BD000040250020AD
:1059600010B50248FCF740FE10BD0000882500205D
:1059700010B52DED048B2D480078002852D02C480E
:1059800000780A2849DB2B4880782A49C97840EA00
:10599000012000B209EE100A26480079254949790C
:1059A00040EA012000B208EE100A2248807921491D
:1059B000C97940EA012000B208EE900AF8EEC90A5F
:1059C0009FED1D1A80EE810ADFED1C0A20EE200AF1
:1059D0001B4880ED000AF8EEC80A9FED171A80EE0A
:1059E000810ADFED160A20EE200A164880ED000A33
:1059F000F8EEE80A9FED101A80EE810ADFED0F0A3B
:105A000020EE200A104880ED000A90ED000AFDF714
:105A100029FA0D4880ED000A00BF002003490870F4
:105A200003490870BDEC048B10BD0000E3000020AA
:105A3000E20000201CA700200000004700003443C3
:105A4000D0000020D4000020D8000020204800789A
:105A500000B170471F48007820B91F4800785528CA
:105A600000D0F6E71B480078012807D11A480078D3
:105A7000532803D0002017490870EAE71648017838
:105A8000144802780078401C124B18701348815457
:105A90001846007802280FDB18460078801E0F4950
:105AA000085CFB2808D118460078401E085C462890
:105AB00002D101200649087006480078642804D302
:105AC0000020044908700249087000BFC1E70000C7
:105AD000E3000020E2000020E10000201CA70020DD
:105AE00000BFFEE710B52DED028BB0EE408A00241A
:105AF000B0EE480A244801F00DFCBDEEC00A10EEDD
:105B0000104A224890ED040AB0EE401A90ED030AC4
:105B1000F0EE400A00EE104AB8EEC00A01F00DFCAB
:105B2000BDEEC00A10EE104A04F10F0000EE900A1C
:105B3000F8EEE00AB0EE600A154801F00DFDC4F180
:105B40000F0000EE900AF8EEE00AB0EE600A11488D
:105B500001F002FDC4F10F0000EE900AF8EEE00A39
:105B6000B0EE600A0C4801F0F7FC04F10F0000EE03
:105B7000900AF8EEE00AB0EE600A084801F0ECFC8A
:105B8000BDEC028B10BD0000E4AD002078020020C7
:105B9000F4AC002030AD00206CAD0020A8AD00209A
:105BA000002400BF2046611CCCB2052807DD224836
:105BB000007820B9002401201F4908700CE020461D
:105BC000611CCCB2052807DD1B480078012803D1F1
:105BD00000201949087000241748007801281CD1BA
:105BE000012204211548FBF791FA012208211348EC
:105BF000FBF78CFA4FF4FA7001F038FB0022042115
:105C00000E48FBF783FA002208210C48FBF77EFAC6
:105C10004FF4FA7001F02AFBC4E70122042107487F
:105C2000FBF774FA012208210448FBF76FFA4FF4DE
:105C30007A7001F01BFBB5E719000020001002404C
:105C400010B5044634B1012C0CD0022C15D0032C15
:105C500027D11CE01848FDF7C3FD18A11F4801F02B
:105C6000C4FA26E06FF063020F211348FDF7C9FD67
:105C70001BA11A4801F0B9FA1BE064220F210E485B
:105C8000FDF7BFFD1DA1154801F0AFFA11E001229B
:105C90001E210948FDF7F0FD1FA1104801F0A5FAEB
:105CA00007E00548FDF79CFD23A10C4801F09DFA93
:105CB00000BF00BF10BD000070AC00205B44454237
:105CC00055475D205941573A204E6F207475726ECA
:105CD0002C2073746F7070696E670A00682400204E
:105CE0005B44454255475D205941573A20547572EF
:105CF0006E696E67206C6566740A00005B444542FD
:105D000055475D205941573A205475726E696E6748
:105D10002072696768740A005B44454255475D20FC
:105D20005941573A20552D7475726E207374617203
:105D30007465640A000000005B44454255475D20DD
:105D40005941573A20556E6B6E6F776E207475729D
:105D50006E20747970652C2073746F7070696E6733
:105D60000A0000000FB4054B10B503A9044A0298BD
:105D700000F07CFB10BC5DF814FB0000616E0008B5
:105D8000600300200FB47CB50C0009AD01D0611E8A
:105D900000E00021CDE90001064B6A46294608983B
:105DA00000F064FB002C02D0009A002111707CBC32
:105DB0005DF814FB736B00087CB50C001D4616469D
:105DC000014601D0601E00E00020CDE90010064B26
:105DD0006A462946304600F049FB002C02D0009A62
:105DE000002111707CBD0000736B000841000802A7
:105DF00018BF04200A0E18BF40F001004FF07F4288
:105E000032EA010108BF40F00200012808BF052066
:105E10007047000002480068C0F30220704700008D
:105E20000CED00E010B5002804DB0A07130E054A4C
:105E3000135406E00A07140E034A00F00F031B1F59
:105E4000D45410BD00E400E018ED00E010EE101A8C
:105E500008B5444A6846B2EB410F28D94FF0E640F6
:105E6000B0EB410F94BF00204FF0FF30009000983E
:105E7000002861DB60EE000A10F0010F45D010F041
:105E8000020FDFED391A9FED391A00EEE11ADFED4E
:105E9000381A40EE811A21EEA01AF0EE400A40EEC8
:105EA000010A08BFF1EE600AB0EE600A08BD314B8E
:105EB00021F0004293423CD911F0004FDFED2E0A51
:105EC00020EE201ADFED2D0A19BF31EE601A71EEB7
:105ED000200A31EE201A71EE600ABDEEE01A11EED2
:105EE000100A9FED271A00F0030000EEC10A9FED93
:105EF000251A009000EEC10A9FED231A00EEC10A98
:105F00009FED221A00EEC10AB1E79FED211A9FED25
:105F1000210A10F0020F00EE810A9FED1F1A00EE19
:105F2000801AB7EE000A00EE810A18BFB1EE400AEF
:105F300008BD00F019F99AE710EE100A4000B0F120
:105F40007F4F3CBFB7EE000A08BD07D14FF00100FC
:105F500000F0C4F9BDE8084000F0F6B8BDE808401C
:105F600000F0EEB8B61F927E336D4C39DA82083CF1
:105F7000A0AA2ABE490E494683F9223F0000004BE1
:105F80000000C93F00A0FD390020A2331A61342C63
:105F9000B93AB2BACA9F2A3DDDFFFFBE2DED020B12
:105FA000019820F0004001909DED000B02B0704779
:105FB00000B510EE101A2DED028B81B0524A6846E2
:105FC000B2EB410F2ED94FF0E640B0EB410F94BF3A
:105FD00000204FF0FF3000900098B0EE408A00287B
:105FE0006ADB10F0010F4BD068EE080A9FED471AEC
:105FF0009FED470A00EE810A9FED461A10F0020F4E
:1060000000EE801AB7EE000A00EE810A02BF01B06E
:10601000BDEC028B00BD00BF01B0B1EE400ABDEC8B
:10602000028B00BD3C4B21F00042934241D911F05C
:10603000004FDFED3A0A20EE201ADFED390A19BFD2
:1060400031EE601A71EE200A31EE201A71EE600A0C
:10605000BDEEE01A11EE100A9FED321A00F00300B7
:1060600000EEC10A9FED301A009000EEC10A9FEDCC
:106070002F1A00EEC10A9FED2E1A00EEC10AABE7FF
:1060800028EE080A9FED2B1ADFED2B0A10F0020F05
:1060900040EE410A9FED291A00EE201A61EE000A37
:1060A000B0EE480A08EE200AB6D101B0BDEC028B72
:1060B00000BD00F059F88FE718EE100A4000B0F16B
:1060C0007F4F0DD218EE100AFFF790FE042808BF8C
:1060D00000F042F8B0EE480A01B0BDEC028B00BD02
:1060E00009D1012000F0FAF801B0BDEC028B5DF897
:1060F00004EB00F029B801B0B0EE480ABDEC028B09
:106100005DF804EB00F01CB8B61F927EB93AB2BA43
:10611000CA9F2A3DDDFFFFBE490E494683F9223F53
:106120000000004B0000C93F00A0FD390020A23351
:106130001A61342C336D4C39DA82083CA0AA2ABE8D
:1061400030EE000A70470000DFED020A80EEA00A80
:1061500070470000000000009FED020A20EE000AD8
:1061600070470000000000102DE9F0014FF07F4261
:10617000B2EB410F9FBF4FF0FF310160BDE8F0016E
:1061800070474FF0004242EA0123C1F3C752783A08
:10619000551112F01F0C434CCCF120067C44C1F386
:1061A000C752A2F178024FEA621204EB820254F85D
:1061B000254008BFD2E9015612D0556804FA0CF404
:1061C00025FA06F73C43976805FA0CF527FA06F816
:1061D000D26807FA0CFCF24045EA08054CEA0206D0
:1061E000A4FB034CA5FB0352A6FB03631D449D4285
:1061F00034BF012600261319334416B1934202D945
:1062000003E0934201D2012200E00022624402F145
:10621000200C9206DC0C42EA443200EE102A5B03AA
:10622000DFED210AF8EEC01A00EE103A4FEA9C1C8E
:1062300011F0004FB8EE400AC0F800C020EE201A5E
:1062400000EE105ADFED190AB8EE400A20EE200ADF
:1062500071EE810A70EE800A10EE902A02F500625B
:106260006FF30B0200EE902A70EEE11A31EEC11AC4
:10627000DFED101A30EE411A9FED0D0A20EE800A74
:1062800001EE210A9FED0C1A00EE810A04BFBDE861
:10629000F0017047CCF180510160BDE8F001B1EE32
:1062A000400A7047C03C0000000000360000802C0F
:1062B00022AAFD29DB0FC92F0000C92F02E008C860
:1062C000121F08C1002AFAD170477047002001E070
:1062D00001C1121F002AFBD170470000014908606C
:1062E00070470000640300202DE9FF5F82B00021A9
:1062F000DDE90430020DDDF840B0034318D044F668
:106300001050A2F2FF3242431514119801281FD0F9
:10631000A5EB0B00401C5FEA000A4FF000064E4F51
:10632000DFF83891B046504615D5CAF1000413E0A5
:10633000119801244AA3012801D16FEA0B010298A8
:10634000119AC0E90031C0E9024206B0BDE8F09FF1
:10635000CBF10000DFE704460021404A491842EB38
:106360000450CDE9001012E0E00707D032463B466A
:1063700040464946F9F7E2FF8046894632463B46A9
:1063800010461946F9F7DAFF06460F466410002C4E
:10639000EAD1DDE90401DDE90023BAF1000F06DAF4
:1063A000F9F7CCFF42464B46F9F7C8FF05E0FAF78C
:1063B00017FA42464B46FAF713FA04460E460022F5
:1063C000284BFAF769F803D84FF0FF30014607E091
:1063D0000022254B20463146FAF75BF9FAF76FFAAF
:1063E000102409E0002C0ADB0A220023F9F74AFFF7
:1063F000039B30321A55641E50EA0102F2D1641C2C
:10640000039AC4F111031444119A012A03D0012202
:1064100008430DD10AE0084304D000204FF0110BCF
:10642000119072E7A3EB0B056D1E0DE05B4504DDDB
:106430004FF0000205F1010504E003DA4FF000021D
:10644000A5F10105002AECD002981199C0E90231AA
:10645000C0E9004579E70000000014400000F03F6B
:10646000300000000000F0430000E03F2DE9FF4F46
:1064700095B09A46884606460025EEE1252877D154
:1064800000242746F94A0121039400E0044316F84A
:10649000013F203B01FA03F01042F7D130782A285F
:1064A00011D06FF02F033078A0F13002092A16D8EE
:1064B000039A44F0020402EB820203EB420210440E
:1064C000761C0390EFE758F8042B0392002A03DAB6
:1064D000504244F40054039044F00204761C307897
:1064E0002E2816D116F8010F44F004042A280DD0E6
:1064F0006FF02F023078A0F13003092B09D807EB99
:10650000870302EB4303C718761CF3E758F8047BB4
:10651000761C30786C280FD006DC4C2817D0682801
:106520000DD06A2814D104E0742810D07A280FD135
:106530000DE044F400140AE044F4801401E044F453
:1065400040147278824202D104F58014761C761CC5
:10655000307866280BD013DC582877D009DC002867
:1065600075D04528F6D04628F4D047281AD193E1B3
:1065700018E0632835D0642879D0652812D18BE1E2
:10658000702873D008DC6728F1D069286FD06E2896
:106590000DD06F2806D1ACE073282CD0752874D0AC
:1065A000782853D05246179990476D1C54E1C4F394
:1065B0000250022809D003280DD0D8F80010042872
:1065C0000DD00D6008F1040846E1D8F80010EA1774
:1065D000C1E90052F6E7D8F800100D80F2E70D701F
:1065E000F0E718F8041B8DF8001000208DF801006A
:1065F000EB46012003E058F804BB4FF0FF30610781
:106600004FF0000102D40DE009F101018946B942C1
:106610000FDA8145F8DB1BF809100029F4D108E0F6
:1066200009F1010189468142FADB1BF809100029B2
:10663000F6D103985346A0EB090721463846179A2E
:1066400000F080FA284400EB090507E044E008E187
:106650000DE01BF8010B524617999047B9F101095B
:10666000F7D2534621463846179AF2E039E00A211C
:10667000C4F302524FF0000B0091022A06D058F8E2
:10668000040BC117032A09D00AE023E008F1070030
:1066900020F00702F2E80201904605E000B2C117BF
:1066A000042A01D140B2C117002906DA0A460021A6
:1066B000404261EB02012D2202E0220504D52B228B
:1066C0008DF80420012203E0E20701D02022F7E741
:1066D000914657E00A2100E010214FF0000B009195
:1066E0000BE010214FF0000B44F004040827009148
:1066F00003E008204FF0000B0090C4F30252022A7E
:1067000005D058F8040B0021032A08D008E008F14E
:10671000070020F00702F2E80201904603E080B291
:10672000042A00D1C0B24FF0000922072AD53278DE
:10673000702A07D0DDF800C08CF0100C5CEA0B0C5E
:1067400005D00EE040228DF80420012208E050EA36
:10675000010306D030238DF804308DF80520022285
:106760009146009B83F0080353EA0B030AD150EAD9
:10677000010201D1620705D530228DF804204FF0C7
:1067800001097F1E3278582A04D039A20C920CAA33
:1067900002920BE03BA2F9E75B46009AF9F772FD23
:1067A0000C9B9B5C029A521E0292137050EA0102EB
:1067B000F2D1029804A9081A00F1200B600702D553
:1067C00024F4803400E001275F4502DDA7EB0B00D5
:1067D00000E0002000EB0B01009003984944401AB0
:1067E0000390E00306D453462146179A039800F01D
:1067F000A9F90544002706E001A85246C05D179993
:1068000090476D1C7F1C4F45F6DBE0030CD55346CB
:106810002146179A039800F095F9054404E03020CA
:106820005246179990476D1C0099481E0090002908
:10683000F5DC08E00298029952460078491C029162
:10684000179990476D1CBBF10001ABF1010BF1DC16
:106850005BE100F065F90544761C307800287FF490
:106860000DAE19B02846BDE8F08F000009280100E0
:1068700030313233343536373839616263646566B6
:106880000000000030313233343536373839414278
:106890004344454600000000600700D4062708F185
:1068A000070020F00700F0E80223804603F0004CC8
:1068B0005FEA0C0001D097A009E0200501D596A061
:1068C00005E0E00701D095A001E0AFF24C00139085
:1068D000307823F0004365280CD006DC452809D029
:1068E00046281DD047287FD13BE0662818D067286E
:1068F0007AD136E00021112F01DB112000E0781C55
:10690000CDE9000104A90CA8FFF7EEFCDDE90D01BB
:106910000C9A4FF0000B07F10109109200914EE024
:106920004FF000400097CDE9011004A90CA8FFF733
:10693000DBFCDDE90D020C9B0F994FF0000B91463B
:106940001093009211B9791C00EB0109B7EB090013
:1069500003D4C0F1FF3B07F10109A9EB0700019047
:1069600042E0012F00DA01270021112F01DD112063
:1069700000E03846CDE9000104A90CA8FFF7B4FCFB
:10698000DDE90D010C9A00914FF0000BB946109211
:1069900021070FD4009A4A4503DA914601E0A9F194
:1069A0000109B9F1010F05DD109AA9F10101515C4E
:1069B0003029F4D0B84202DA10F1040F03DA0121D1
:1069C000CDE9011010E0002803DC8344A9EB0001AD
:1069D00002E0411C494500DD8946A0EB0B00401C4C
:1069E00001904FF000400290200705D401984845DF
:1069F00002DB4FF0FF30019000208DF84B00029831
:106A00000DF14B07B0F1004F25D002200C902B2048
:106A10000D90029800280CDA404202902D200D9033
:106A200007E00A210298F9F76BFD3031029007F870
:106A3000011D0C99481E0C900029F2DC02980028D8
:106A4000EFD1791E0D980870307800F0200040F0EA
:106A5000450007F8020D11A8C01BC01D0290139835
:106A6000007800B1012000EB0901019801EBE07111
:106A7000029801440398401A401E0390E00306D494
:106A800053462146179A039800F05CF80544139882
:106A9000007818B15246179990476D1CE00323D532
:106AA00053462146179A039800F04CF805441BE022
:106AB000BBF1000F07DB0098584504DD10981799CB
:106AC00010F80B0001E017993020524690470198CA
:106AD0000BF1010B401E05F10105019004D12E20A0
:106AE0005246179990476D1CB9F10001A9F10109AF
:106AF000DEDC05E017F8010B5246179990476D1C34
:106B00000299481E02900029F4DC53462146179A48
:106B100003989EE62D0000002B00000020000000DE
:106B20002DE9F041044600251E461746880404D48A
:106B300005E039462020B0476D1C641EF9D5284673
:106B4000BDE8F0812DE9F041044600251E4690463F
:106B5000C80301D5302700E02027880404D505E0CC
:106B600041463846B0476D1C641EF9D52846BDE83D
:106B7000F0814A68002A06D00A68531C0B60107026
:106B80004868401E4860704730B503464FF496543D
:106B9000E45A8C4204DD4FF49654E45A944200DCEB
:106BA00030BD01EB410403EBC400002408E000F118
:106BB0000C0535F81450954200D1F1E7651CECB294
:106BC000057DA542F3DC047D042C07DA057D00F188
:106BD0000C0424F81520047D641C047500BFDFE755
:106BE0002DE9F04104460D460CB1A07F08B9BDE87F
:106BF000F081207E08B1684200E0284646B2257741
:106C000045B90021204601F057FC0021204601F043
:106C100080FC21E0002E0FDD0121204601F04CFC1C
:106C20004FF47A707043642190FBF1F087B23946DB
:106C3000204601F06EFC0FE00221204601F03CFCF2
:106C400070424FF47A714843642190FBF1F087B2AF
:106C50003946204601F05DFC00BFC8E7B0EE401A9F
:106C600070EEC11AB0EE610ADFED0D1AB4EEE10A62
:106C7000F1EE10FA06DDDFED0B1A70EE611AB0EEE0
:106C8000610A0CE0DFED081AB4EEE10AF1EE10FA49
:106C900005D2DFED041A70EE211AB0EE610A7047DA
:106CA000000034430000B443000034C303468B4269
:106CB00001DA08467047934201DD1046FAE71846AC
:106CC000F8E7000070B52DED068B86B004460D4642
:106CD0004A4890ED000AB0EE408A291B081DC117F2
:106CE00000EB91718910A0EB81014EB236B1012EFB
:106CF0000CD0022E16D0032E2CD11FE09FED400A9F
:106D0000404880ED040A80ED058A2BE09FED3E0AA5
:106D10003C4880ED040A9FED3D0A38EE400A80EDC4
:106D2000050A1FE09FED3A0A364880ED040A9FED00
:106D3000380A38EE000A80ED050A13E09FED330AA9
:106D4000304880ED040A9FED310A38EE000A80EDEC
:106D5000050A07E09FED2A0A2A4880ED040A80ED23
:106D6000058A00BF00BF08E0264890ED050ADFED68
:106D7000290A30EE600A80ED050A224890ED050AE6
:106D8000DFED230AB4EEE00AF1EE10FAECDC08E0E5
:106D90001C4890ED050ADFED1F0A30EE200A80ED59
:106DA000050A184890ED050ADFED1B0AB4EEE00A6B
:106DB000F1EE10FAECD390ED050A10EE101A084629
:106DC000F9F73FFB41EC190B0E4890ED040A10EE69
:106DD000101A0846F9F735FB41EC1A0B8DED049BB0
:106DE0008DED02AB2B4622460C490D48009600F073
:106DF000FCF906B0BDEC068B70BD0000D800002089
:106E00000000000040B400200000B4C20000B44202
:106E1000000034430000B443000034C3409F000826
:106E20006824002010B50346002010E000EB400469
:106E300033F934408C4208D100EB400403EBC40426
:106E4000B4F90240944200D110BD441CA0B24FF4EA
:106E50009654E45A8442E9DC4FF6FF70F4E70000F0
:106E600000BF054A126802F04002002AF9D0C2B2FF
:106E7000014B5A60704700000010014002460B466B
:106E8000D018011DC81701EB90708010A1EB800095
:106E9000C0B2704700EE100AF8EEC00AB2EE041A53
:106EA000B1EE040A00EE810A82ED000A00EE101A2B
:106EB000F8EEC00AB2EE041AB1EE040A00EE810A3E
:106EC00083ED000A7047000070B50446FAF724F914
:106ED000054621480078A0420CD01F480470456048
:106EE00000201D49087222461CA12B4800F07DF9A4
:106EF000002070BD1848406858B917484560002008
:106F000015490872224625A1234800F06EF9002099
:106F1000EFE711484068281A0F49C8600846C06862
:106F20006E280DD30846007A40B901200872084641
:106F3000224626A1C368184800F057F90120D8E777
:106F4000002005490872084622462EA1C36812484F
:106F500000F04BF90020CCE758B400205B444542D8
:106F600055475D2053746162696C6974793A2043B6
:106F7000726F7373206368616E67656420746F203D
:106F800025642C2072657374617274696E67207455
:106F9000696D65720A000000682400205B44454268
:106FA00055475D2053746162696C6974793A205366
:106FB00074617274696E672074696D657220666FA2
:106FC000722063726F73733D25640A005B4445420F
:106FD00055475D2053746162696C6974793A204346
:106FE000726F7373202564206973206E6F7720732E
:106FF0007461626C6520616674657220256C752011
:107000006D730A005B44454255475D2053746162CD
:10701000696C6974793A2043726F73732025642018
:10702000737461626C6520666F7220256C75206DCB
:107030007320286E656564203131306D73290A0034
:1070400030B503468D1A281DC51700EB9575AD1098
:10705000A0EB85056CB234B1012C0DD0022C13D0FD
:10706000032C21D116E01BB1042B01D0072B01D139
:10707000012030BD0020FCE7022B01D0062B01D1FE
:107080000120F6E70020F4E7082B01D10120F0E70A
:107090000020EEE7012B03D0052B01D0032B01D1FB
:1070A0000120E6E70020E4E70020E2E72DE9F041D7
:1070B00007461F4890F9B04490F9B15437B1012FF9
:1070C00007D0022F08D0032F0CD108E0681E45B26C
:1070D00008E0601C44B205E0681C45B202E0601E96
:1070E00044B200BF00BF002C05DB142C03DA002DD6
:1070F00001DB142D02DB0120BDE8F08102213846BE
:10710000FFF7BCFE06460120B04000F0FF08C5EBCB
:107110000510074901EB800004EB44010844407866
:1071200000EA080008B10120E6E70020E4E70000DB
:107130005CAE002008B5FAF701F8FDF7B3FFFBF7E6
:10714000C5FFFCF789FAFCF7A3FAFCF74DFAFCF748
:10715000BBFAFCF747F9FCF787F9FCF7C5F9FCF730
:1071600003FAFCF75FF8FCF7CDF8FCF793F8FCF7AF
:1071700001F9FCF755FAF9F7E1FDFCF7BDFBFCF767
:10718000C5FB0120FBF742FEFBF7C6FEFCF7EAFD5C
:10719000012269460B48FBF74FFD012269460A4868
:1071A000FBF74AFD012209490948FBF745FD012289
:1071B00008490948FBF740FDFBF7CCFE00F062F8F8
:1071C00000BFFEE740250020F8240020E100002059
:1071D00088250020E4000020B02400200146002083
:1071E000842901D0CA1C104470470FB430B5ADF5E6
:1071F000017D054686A800904FF4007101A8009B10
:10720000859AFEF7D9FD044600200090A2B2FF2324
:1072100001A92846FBF770FD20460DF5017D30BC25
:107220005DF814FB05E0DFED0E0A70EE600AB0EECB
:10723000600ADFED0C0AB4EEE00AF1EE10FAF2DCBF
:1072400005E0DFED070A70EE200AB0EE600ADFED20
:10725000060AB4EEE00AF1EE10FAF2D3704700002D
:107260000000B44300003443000034C370B504464A
:1072700025460DB1294600E00121084601F0D6FB64
:10728000002070BD10B501F09FFC002010BDF8B5C6
:1072900004460D46A06840B1E06830B1002000907F
:1072A00094E80F0001F017FEF8BD0022D4E90001B8
:1072B00001F0E4FDF8E77FB504460D46606998B13A
:1072C000A06988B1B4F90800FFF788FF0646D4E941
:1072D0000510CDE9006102902B462269D4E9001027
:1072E00002F0ACF9039013E0B4F90800FFF776FF61
:1072F000064603A8CDE90060238A9AB22B46D4E95A
:10730000001002F069F9012802D0002004B070BD1D
:107310000398FBE710B52DED028B0446B0EE408AD2
:1073200084ED048A204600F01DF8204600F0CCF8D9
:1073300094ED050ABDEC028B10BDF0EE401AF4EEA0
:10734000E01AF1EE10FA02D2B0EE600A7047F4EEE5
:10735000C11AF1EE10FA02DDB0EE410AF6E7B0EE26
:10736000610AF3E710B52DED048B044694ED030A92
:10737000D4ED040A30EE600A84ED070A94ED070AA2
:1073800010EE101A0846F9F75CF841EC190BB0EE54
:10739000490AF0EE690AFEF701FEB0EE408AF0EE0F
:1073A000608A9FED2F0B53EC102B51EC180BF9F763
:1073B00073F804D29FED2C0A84ED0B0A21E094EDC2
:1073C0000B0AD4ED070A30EE200A84ED0B0A94ED87
:1073D0000B0ADFED260AB4EEE00AF1EE10FA03DD47
:1073E0009FED220A84ED0B0A94ED0B0ADFED200AD3
:1073F000B4EEE00AF1EE10FA03D29FED1D0A84ED1F
:107400000B0A94ED000AD4ED070A20EE200A84ED61
:107410000C0A94ED010AD4ED0B0A20EE200A84ED4B
:107420000D0A94ED070AD4ED080A30EE600AD4ED97
:10743000020A20EE200A84ED0E0A94ED0C0AD4ED27
:107440000D0A30EE200AD4ED0E0A30EE200A84ED4B
:10745000050A94ED070A84ED080ABDEC048B10BD03
:107460000000000000002440000000000000C842AE
:107470000000C8C280ED000AC0ED010A80ED021ACA
:10748000C0ED031A80ED062ADFED0E2AC0ED0B2AAF
:10749000DFED0C2AC0ED082ADFED0A2AC0ED092A2B
:1074A000DFED082AC0ED052ADFED062AC0ED0C2A23
:1074B000DFED042AC0ED0D2ADFED022AC0ED0E2A11
:1074C000704700000000000090ED050AD0ED060AAC
:1074D000B4EEE00AF1EE10FA04DD90ED060A80ED5C
:1074E000050A10E090ED050AD0ED060AF1EE600AFB
:1074F000B4EEE00AF1EE10FA05D290ED060AB1EE14
:10750000400A80ED050A704780ED060A704780ED5D
:10751000000AC0ED010A80ED021A704700B501466D
:10752000B0EE403A81ED033AD1ED062AB0EE622A80
:10753000D1ED032AF0EE621AD1ED022AB0EE621A02
:10754000D1ED012AF0EE620AD1ED002AB0EE620A16
:107550000846FFF78FFF00BD80ED030A704700006B
:107560002DE9F04105460E461C4807681C48006896
:10757000001D01F01BF950B91948006890F82C1053
:107580000120884017490968814316480160681C3A
:1075900038B936B112480168091D134801F050F995
:1075A0001AE07C190E4800684460BC4207D20C48BF
:1075B0000168091D0D48006801F028F90CE0084831
:1075C0000168091D0A48006801F020F909480068AF
:1075D000844201D207480460BDE8F0817C000020AD
:1075E0006800002080000020F426002070000020A9
:1075F0006C0000209800002010B5044601F02CF922
:1076000023480068401C224908602248006840B9AD
:10761000204804600846006801280DD100F0B0F948
:107620000AE01D48006838B91A480068C06AE16A73
:10763000884201D81748046018480068401C174960
:10764000086094F82C100120884015490968084307
:1076500013490860E16A01EB8101124A02EB8100E3
:10766000211D01F0EDF801F021F90B48006868B127
:1076700008480068C06AE16A884207D24FF080502B
:1076800009490860BFF34F8FBFF36F8F10BD000033
:107690007800002068000020840000209400002072
:1076A000800000201826002004ED00E010B516E050
:1076B00001F0D2F80C48C068C468201D01F076F8CB
:1076C0000A480068401E0949086009480068401ED1
:1076D0000749086001F0EAF8204600F05FF8044826
:1076E00000680028E4D110BDE026002078000020CA
:1076F0007400002070B504460D46206C70B1216CFA
:10770000E0680144E160D4E90210884201D32168B5
:10771000E1602846226CE168F8F7E5FD70BD2DE9CF
:10772000F04104460F4615464FF00008A66B206C4A
:1077300048B9206800282CD1A06802F091F8804652
:107740000020A06025E07DB93946226C6068F8F71A
:10775000CAFD216C606808446060D4E90101884278
:1077600017D32068606014E03946226CE068F8F7AF
:10777000BAFD216CE068411AE1602168E068884246
:1077800003D2216CA068411AE160022D01D106B13B
:10779000761E701CA0634046BDE8F08110B504461B
:1077A00094F8510030B9206B01F09EF8204601F0AA
:1077B0009BF81AE094F85100012803D1204601F00B
:1077C00093F812E094F85100022801D1012000E062
:1077D000002050B900BF502080F31188BFF34F8FB5
:1077E000BFF36F8F00BF00BFFEE710BD01464A6ABE
:1077F00022B10A6B1268C2F1070000E00020704756
:1078000030B54FF40043174800F007042CB1C01DF9
:1078100020F00700134C041B1B1B0246124C226075
:107820000024114D6C60D018083820F007000F4C70
:10783000206000240D4D2D686C600C4D2D682C606F
:107840001146441A4C60094C24680C60084D4C6881
:107850002C60084D4C682C604FF00044064D2C60A5
:1078600030BD000008270020A4000020AC0000204C
:10787000B4000020B0000020C000002000BFFFF7CF
:1078800015FF064800680128F9D94FF080500449D7
:107890000860BFF34F8FBFF36F8FF0E7182600200B
:1078A00004ED00E02DE9F04106460D4617469846E6
:1078B000069C0DB9246000E02760E6632564012181
:1078C000204601F079FBBDE8F0812DE9FF5F81469C
:1078D0000E469246DDE90E7B109CAAF10100216B59
:1078E00001EB800828F0070808F0070008B901201C
:1078F00000E0002050B900BF502080F31188BFF392
:107900004F8FBFF36F8F00BF00BFFEE786B100252A
:1079100007E0715D04F134004155705D00B902E08B
:107920006D1C102DF5D300BF00214320015502E04E
:10793000002084F83400072F00D30627E76267642D
:107940000020A064201D00F05EFF04F1180000F08C
:107950005AFF2461C7F10700A06164620020E0645F
:1079600084F8500049464046039A00F0AFF9206081
:10797000BBF1000F01D0CBF80040BDE8FF9F000035
:1079800010B5002407E004EB84010F4A02EB8100EC
:1079900000F02CFF641C072CF5D30C4800F026FFE8
:1079A0000B4800F023FF0B4800F020FF0A4800F0CE
:1079B0001DFF0A4800F01AFF0448094908600448FE
:1079C0000849086010BD000018260020A4260020E9
:1079D000B8260020CC260020E0260020F426002037
:1079E0006C0000207000002010B50146164800E031
:1079F000006803688B42FBD30246436813448B4202
:107A000004D143684C682344436001460A464B68EE
:107A100013440468A34211D10C4C03682468A342A8
:107A200008D04B680468646823444B6003681B6893
:107A30000B6005E0054B1B680B6001E003680B6001
:107A4000884200D0016010BDA4000020AC000020DE
:107A500070B5054600F000FFA86B08B9012400E0EE
:107A6000002400F023FF204670BD00000A49096889
:107A7000096809B9012100E0002121B14FF0FF316F
:107A8000064A116006E004490968C968C868034AE3
:107A900041681160704700006C00002098000020D1
:107AA0000E480068401C08B9012000E0002050B9D1
:107AB00000BF502080F31188BFF34F8FBFF36F8F4B
:107AC00000BF00BFFEE700BF502080F31188BFF366
:107AD0004F8FBFF36F8F00BF00BFFEE7C4000020D1
:107AE00070B5044600F0B8FE94F9455010E0606AA5
:107AF00008B9012000E0002038B904F1240001F0A9
:107B00006FFF18B100F0CCFF00E003E0681E45B243
:107B1000002DECDC00BFFF2084F8450000F0C6FE1D
:107B200000F09AFE94F9445010E0206908B9012051
:107B300000E0002048B904F1100001F051FF08B145
:107B400000F0AEFF681E45B200E001E0002DECDC65
:107B500000BFFF2084F8440000F0A8FE70BD0000C4
:107B60002DE9F04104464FF0000801F085F849483E
:107B7000006808B9FFF744FE474800682040002825
:107B800070D1D4B1083404F00700B0B104F007009C
:107B9000C0F10800044404F0070008B9012000E027
:107BA000002050B900BF502080F31188BFF34F8FE1
:107BB000BFF36F8F00BF00BFFEE7002C52D03748E5
:107BC000006884424ED8364E3046056801E02E46A5
:107BD0002D686868A04202D228680028F7D12D4895
:107BE000006885423ED0306800F10808286830609F
:107BF0006868001B102819D92F1907F0070008B969
:107C0000012000E0002050B900BF502080F311880F
:107C1000BFF34F8FBFF36F8F00BF00BFFEE76868F1
:107C2000001B78606C603846FFF7DEFE1B49686811
:107C30000968081A1949086008460068194909685E
:107C4000884203D2154800681649086012496868DE
:107C50000968084368600020286013480068401CD9
:107C60001149086001F008FF08F0070008B9012079
:107C700000E0002050B900BF502080F31188BFF30E
:107C80004F8FBFF36F8F00BF00BFFEE74046BDE8D8
:107C9000F0810000AC000020C0000020B0000020F7
:107CA000A4000020B4000020B800002006480068AE
:107CB00030B10549096801F14800896C491C01602F
:107CC000014800687047000068000020001F4FF066
:107CD00080730360001F21F001030360001F054B48
:107CE000036014380260001F6FF002030360203845
:107CF00070470000A17A0008B2EE041AC0EE011A23
:107D0000BDEEE11A11EE102A12B20280B2EE041A90
:107D1000C0EE811ABDEEE11A11EE102A12B20A80ED
:107D2000B0F90020002A01DA00220280B0F9002018
:107D3000142A01DB13220280B1F90020002A01DAA3
:107D400000220A80B1F90020142A01DB13220A80E4
:107D500070470000ACB000BF4FF0FF322BA93A488B
:107D6000006801F063FA0128F6D14FF4FA70FFF7CA
:107D70007DFA36A000F0F4FCBDF8AC0031282DD11E
:107D80004A2237496846F8F7AEFA5A223449103980
:107D900014A8F8F7A8FA14A80FC800F037FA4A2276
:107DA0002F496846F8F79FFA5A222D49103914A82E
:107DB000F8F799FA14A80FC800F056F84A22284993
:107DC0006846F8F790FA5A222549103914A8F8F7AE
:107DD0008AFA14A80FC800F06FF930E0BDF8AC00C3
:107DE00032282CD14A221F496846F8F77CFA5A22D9
:107DF0001C49103914A8F8F776FA14A80FC800F037
:107E000005FA4A2217496846F8F76DFA5A221549C9
:107E1000103914A8F8F767FA14A80FC800F024F86E
:107E20004A2210496846F8F75EFA5A220D4910397D
:107E300014A8F8F758FA14A80FC800F03DF94FF449
:107E40007A70FFF713FA87E74C000020636C652017
:107E500073302E69642C323535FFFFFF00000000BF
:107E600014030020BA0200200FB42DE9F047FEB041
:107E70004FF4E2716846F8F74FFABDF8660201F078
:107E80007DFE8046BDF8680201F078FE8146BDF8AF
:107E90006A0201F0B7FE0446BDF86C0201F0B2FEC2
:107EA0000646BDF86E0201F0ADFE0546BDF8700253
:107EB00001F0A8FE0746A01B052190FBF1F0201A57
:107EC000C1B2A8F101000DF80010A01B00EB4000AA
:107ED000052190FBF1F0201AC1B2A8F102000DF8C3
:107EE0000010A01BC11700EB9171A4EBA101CAB255
:107EF000A8F103010DF80120A01B032190FBF1F074
:107F00003044C1B2A8F104000DF80010A01B00EB32
:107F1000D07106EB6101CAB2A8F105010DF801208C
:107F20000221A8F106000DF80010E0B20DF80800DB
:107F3000A01B062190FBF1F0201AC1B208F101004C
:107F40000DF80010A01B4000032190FBF1F0201A57
:107F5000C1B208F102000DF80010A01B00EBD071B7
:107F600006EB6101CAB208F103010DF80120A01B64
:107F7000C11700EB917106EBA101CAB208F104012F
:107F80000DF80120F1B208F105000DF800100121F3
:107F9000401C0DF80010E81B072190FBF1F0281A97
:107FA000C1B2A9F101000DF80010E81B4000052145
:107FB00090FBF1F0281AC1B2A9F102000DF80010EF
:107FC000E81B4000032190FBF1F0281AC1B2A9F18F
:107FD00003000DF80010E81B4000032190FBF1F0B6
:107FE0003844C1B2A9F104000DF80010F9B2401EE6
:107FF0000DF800100321401E0DF80010A81EC0B29D
:108000000DF80900E81BC11700EB9171A5EBA10168
:10801000CAB209F101010DF80120E81B00EBD07193
:10802000A5EB6101CAB209F102010DF80120E81BBC
:1080300000EBD07107EB6101CAB209F103010DF841
:108040000120E81B052190FBF1F03844C1B209F191
:1080500004000DF80010E81B092190FBF1F03844F2
:10806000C1B209F105000DF800100121401C0DF806
:1080700000104FF0000A0BE01DF80A3008A2322170
:1080800071A8FDF77FFE71A800F06AFB0AF1010AF2
:10809000BAF5E17FF0DB7EB0BDE8F0075DF814FBD8
:1080A000616464206D61696E2E73302E69642C30BA
:1080B0002C2564FFFFFF00000FB4F0B597B0BDF8AA
:1080C000BE00802806DABDF8BE0001F057FD1E385C
:1080D00087B205E0BDF8BE0001F050FD283887B238
:1080E000BDF8C000802806DABDF8C00001F046FDEA
:1080F0000A3084B204E0BDF8C00001F03FFD044640
:10810000BDF8C200782804DDBDF8C200193085B280
:108110000EE0BDF8C200322805DDBDF8C200C0F196
:10812000F50085B204E0BDF8C200C0F1EB0085B2F5
:10813000BDF8C600782804DDBDF8C600193086B247
:108140000EE0BDF8C600322805DDBDF8C600C0F15E
:10815000F50086B204E0BDF8C600C0F1D70086B2D3
:10816000FA20FFF783F80DF189000321012206921E
:10817000CDE907210990002002223223CDE9032016
:108180000293059064203B4615A23221CDE90050B0
:108190000AA8FDF7F7FD0AA800F0E2FAFA20FFF7B7
:1081A00065F80DF1A200032101220692CDE9072115
:1081B0000990002002223223CDE90320029305908A
:1081C0006420234606A23221CDE900600AA8FDF70B
:1081D000D9FD0AA800F0C4FA17B0F0BC5DF814FB92
:1081E000787374722025642C25642C25642C2564F6
:1081F0002C25642C25642C25642C25642C25642CCA
:1082000025642C22257322FFFFFF00000FB400B568
:108210009DB0FA20FFF72AF8BDF8CE00BDF8C810CF
:10822000BDF8CA20BDF8C630CDE90032CDE9021054
:108230001EAB05A2642104A8FDF7A4FD04A800F06C
:108240008FFA1DB05DF814FB6D61696E2E74312ECE
:108250007478743D2225732043683A256420436E68
:1082600074733A25642043683A256420436E74731E
:108270003A256422FFFFFF002DE9F04F9FB005462D
:108280000E4617469846FA20FEF7F0FF002440E01D
:10829000601C00EB400005EBC0004088C82110FBCB
:1082A00001F090FBF1F000F14609601C00EB40008A
:1082B00035F9300000EB4000000190FBF1F000F1D7
:1082C0000A0A04EB440005EBC000408810FB01F0F3
:1082D00090FBF1F000F1460B04EB440035F930005F
:1082E00000EB4000000190FBF1F00A300590002007
:1082F000CDE900BACDE902902CA2642106A8059B25
:10830000FDF740FD06A800F02BFA6420FEF7AEFF53
:10831000641C781EA042BBDC002440E0601C00EB23
:10832000400006EBC0004088C82110FB01F090FB24
:10833000F1F000F14609601C00EB400036F9300016
:1083400000EB4000000190FBF1F000F10A0A04EBA1
:10835000440006EBC000408810FB01F090FBF1F0F8
:1083600000F1460B04EB440036F9300000EB40000E
:10837000000190FBF1F00A3005900020CDE900BA31
:10838000CDE9029009A2642106A8059BFDF7FAFC3D
:1083900006A800F0E5F96420FEF768FF641CA8F168
:1083A0000100A042BADC1FB0BDE8F08F6C696E65B9
:1083B0002025642C25642C25642C25642C2564FF41
:1083C000FFFF00009EB000BF4FF0FF3204A913482A
:1083D000006800F02BFF0128F6D1C820FEF746FF09
:1083E0000F4803880F4802880F4801680F48FFF7BD
:1083F00043FF0FA0FDF7B6FC002046214FF4F072BA
:10840000CDE90012034610A2CDE90210642105A8AF
:10841000FDF7B8FC05A800F0A3F9D5E74800002057
:10842000040000200C00002008000020241B002075
:108430005265636F726420436F6D6D616E6420538B
:10844000656E740D0A0000006C696E652025642C51
:1084500025642C25642C25642C2564FFFFFF000077
:10846000F0B504460B46002B05DB142B03DA002A7B
:1084700001DB142A00DBF0BD02EB820503EB85056E
:10848000A8B20546C71700EB5777F910C71700EBDE
:108490005777FF10A0EBC707FEB232290AD241F28C
:1084A000D42525446D5C0127B7403D4341F2D427D4
:1084B00027447D5400BFDEE770B504460D4625B164
:1084C000012D0DD0022D21D115E0A18800222068B8
:1084D000F8F71CFEA1890022A068F8F717FE15E046
:1084E000A18801222068F8F711FEA1890022A06866
:1084F000F8F70CFE0AE0A18800222068F8F706FED3
:10850000A1890122A068F8F701FE00BF00BF6577CE
:1085100070BD42691AB902691268516310E042697C
:10852000042A03D102691268916309E04269082AAA
:1085300003D102691268D16302E002691268116412
:10854000704700001CB5044600200190722C08D131
:108550007B48007828B97A480078401C7849087030
:1085600052E0652C09D176480078012805D174487D
:108570000078401C7249087046E0632C09D17048AD
:108580000078022805D16E480078401C6C490870BC
:108590003AE06F2C09D16A480078032805D1684871
:1085A0000078401C664908702EE0722C09D164489E
:1085B0000078042805D162480078401C60490870A2
:1085C00022E0642C1DD15E480078052819D10020D6
:1085D0005B490870012000905A48006880B1002370
:1085E00001AA69465748006800F032FD019838B189
:1085F0004FF0805054490860BFF34F8FBFF36F8F27
:1086000002E000204E490870632C08D14F480078E2
:1086100028B94E480078401C4C49087060E06F2C27
:1086200009D14A480078012805D148480078401C03
:108630004649087054E06E2C09D14448007802285D
:1086400005D142480078401C4049087048E06E2C33
:1086500009D13E480078032805D13C480078401CE9
:108660003A4908703CE0652C09D138480078042864
:1086700005D136480078401C3449087030E0632C3E
:1086800009D132480078052805D130480078401CCF
:108690002E49087024E0742C1FD12C48007806283D
:1086A0001BD100202949087029480068C0B1294819
:1086B0000078A8B901A92648006800F047FD019894
:1086C00038B14FF0805020490860BFF34F8FBFF39F
:1086D0006F8F01201F49087002E000201B490870BD
:1086E000732C08D11C48007828B91B480078401C1E
:1086F0001949087022E043F2361084421BDC302C0A
:1087000019DD15480078012815D100941348006838
:1087100080B1002301AA69461048006800F098FC67
:10872000019838B14FF0805007490860BFF34F8F70
:10873000BFF36F8F02E00020074908701CBD0000E6
:10874000520000204800002004ED00E0530000200B
:108750000000002018000020540000204C000020E1
:1087600070B5044600BF0D4800780028FBD10120F9
:108770000A49087064210A48F7F7CEFD234609A28A
:1087800064210748FDF7FEFA0548F7F7D0FD85B2EA
:108790002A4603490448FAF70EFB70BD5E03002029
:1087A00068B40020257300004025002001460A69B6
:1087B000D1E901309860D1E90103586050688842DE
:1087C00001D188685060002008611068401E106068
:1087D00010687047034B0360034B0B6080231360EA
:1087E00070470000D41F00202820002000F108015D
:1087F00041604FF0FF31816000F10801C16001610B
:1088000000210160704700210161704710B50246E8
:108810000B685C1C0CB9106907E002F1080000E06D
:108820004068446824689C42FAD944684C604C68AB
:10883000A160886041600A611468641C146010BD06
:1088400042684A6093688B609368596091600861E0
:1088500003685B1C0360704700BF502080F31188E1
:10886000BFF34F8FBFF36F8F00BF0E480068401CEF
:108870000C49086008460068012812D10A480068BF
:10888000C0B208B9012000E0002050B900BF50205C
:1088900080F31188BFF34F8FBFF36F8F00BF00BF0E
:1088A000FEE77047C400002004ED00E00D480068BA
:1088B00050B900BF502080F31188BFF34F8FBFF332
:1088C0006F8F00BF00BFFEE706480068401E0549E5
:1088D00008600846006820B9002080F3118800BFB6
:1088E00000BF7047C400002070B506463546002E14
:1088F00044D0083D2C46224960680968084008B108
:10890000012000E0002050B900BF502080F3118802
:10891000BFF34F8FBFF36F8F00BF00BFFEE720682C
:1089200008B9012000E0002050B900BF502080F3BA
:108930001188BFF34F8FBFF36F8F00BF00BFFEE7FB
:108940000F49606809680840C0B12068B0B90C4997
:10895000606809688843606000F08EF909496068C2
:1089600009680844074908602046FFF73DF80648B3
:108970000068401C0449086001F07EF870BD0000EA
:10898000C0000020B0000020BC00002000204FF0FC
:10899000E02108618861064800684FF47A71B0FBF5
:1089A000F1F0401E4FF0E021486107200861704758
:1089B0006400002070B5F7F74FFC0446102C16D366
:1089C00004F1E02090F8F05315480078854201DB6F
:1089D000012000E0002050B900BF502080F3118832
:1089E000BFF34F8FBFF36F8F00BF00BFFEE70D488F
:1089F000006800F4E0600C490968884201D8012051
:108A000000E0002050B900BF502080F31188BFF370
:108A10004F8FBFF36F8F00BF00BFFEE770BD000038
:108A2000C80000200CED00E0CC00002070B504462A
:108A30000025D4B11248006808B9012000E00020E8
:108A400050B900BF502080F31188BFF34F8FBFF3A0
:108A50006F8F00BF00BFFEE700F00EF90021204637
:108A6000FEF77EFD01F008F805463DB94FF0805055
:108A700004490860BFF34F8FBFF36F8F70BD0000D4
:108A8000A000002004ED00E00349096801600349EB
:108A90000968416070470000900000207C000020C1
:108AA00001200149086070478C00002070B5044621
:108AB0000D4654B900BF502080F31188BFF34F8F8B
:108AC000BFF36F8F00BF00BFFEE705480168183194
:108AD0002046FFF79BFE01212846FEF741FD70BDB1
:108AE000680000202DE9F04706460F4634464FF057
:108AF0000109002E60D0A06C50B900BF502080F357
:108B00001188BFF34F8FBFF36F8F00BF00BFFEE729
:108B1000606CB84201D23D4600E0656CE06AA84254
:108B20004AD0A06C012847D124480068844201D073
:108B3000012000E0002050B900BF502080F31188D0
:108B4000BFF34F8FBFF36F8F00BF00BFFEE7D4F8B6
:108B50002C80E562A06900F0004010B9C5F1070063
:108B6000A06108EB8801164A02EB81016069884226
:108B700001D1012000E00020F0B1201DFFF716FE1A
:108B800040B994F82C10012088400E4909688143AF
:108B90000C48016094F82C100120884009490968AC
:108BA000084308490860E16A01EB8101044A02EBCD
:108BB0008100211DFFF744FEBDE8F087680000201A
:108BC000182600208000002010B586B000200590F7
:108BD000049003AA04A905A8FFF7FCFD0022DDE923
:108BE00004101346CDE9002102901CA11D48039AF0
:108BF00000F024FD1C4908600846006808B1012403
:108C000000E00024012C15D100BF502080F3118812
:108C1000BFF34F8FBFF36F8F00BF4FF0FF3013498B
:108C2000086001201249086000201249086000F025
:108C300071F810E0601C08B1012000E0002050B97C
:108C400000BF502080F31188BFF34F8FBFF36F8FA9
:108C500000BF00BFFEE706B010BD000049444C4510
:108C6000000000007D7800089C0000209800002093
:108C7000840000207C00002002480068401C01495C
:108C800008607047A00000201D48006818B101204E
:108C90001C49086032E000201A4908601A48006840
:108CA000B0FA80F0C0F11F0101EB8100174A52F8C1
:108CB000200008B1012000E0002050B900BF502082
:108CC00080F31188BFF34F8FBFF36F8F00BF00BFDA
:108CD000FEE701EB81020D4B03EB82004268526814
:108CE000426000F108024368934202D14268526830
:108CF00042604268D268064B1A6000BF70470000AD
:108D0000A00000208C0000208000002018260020F9
:108D1000680000201CB5524800685249884201D0C2
:108D2000012000E0002050B900BF502080F31188DE
:108D3000BFF34F8FBFF36F8F00BF00BFFEE7484800
:108D400000684849491E884201D0012000E0002007
:108D500050B900BF502080F31188BFF34F8FBFF38D
:108D60006F8F00BF00BFFEE73F49084600780190C3
:108D7000FF200A4610700846007800909DF8000019
:108D800000F0F0009DF80020904201D1012000E0A9
:108D9000002050B900BF502080F31188BFF34F8FDF
:108DA000BFF36F8F00BF00BFFEE79DF8000000F02B
:108DB00050002E4A107007202D4A106009E02C4800
:108DC0000068401E2A4A10609DF800004006000E10
:108DD00000909DF8000000F080008028EFD024482B
:108DE0000068C0F10700042801D1012000E0002044
:108DF00050B900BF502080F31188BFF34F8FBFF3ED
:108E00006F8F00BF00BFFEE7194800680002184AD4
:108E100010601046008800F4E0601060124A01986B
:108E200010700F482030006840F470000C49203169
:108E300008600846006840F070400860FFF7A6FD33
:108E400000200C490860F7F7CFF90B48006840F0A4
:108E5000404009490860F7F7B3F900201CBD000045
:108E600000ED00E071C20F4100E400E0C800002006
:108E7000CC000020C400002034EF00E02DE9F843CE
:108E800005460E4617460DB1012000E0002050B9FE
:108E900000BF502080F31188BFF34F8FBFF36F8F57
:108EA00000BF00BFFEE705FB06F808F14800FEF72B
:108EB00057FE044664B1A14609F14809002084F830
:108EC00046003B464A46314628460094FEF7EAFCF7
:108ED0002046BDE8F8832DE9F84380460E46174644
:108EE0001D46DDF82090B8F1000F01D0012000E010
:108EF000002050B900BF502080F31188BFF34F8F7E
:108F0000BFF36F8F00BF00BFFEE70DB1012000E08F
:108F1000002050B900BF502080F31188BFF34F8F5D
:108F2000BFF36F8F00BF00BFFEE707B10EB1012096
:108F300000E0002050B900BF502080F31188BFF33B
:108F40004F8FBFF36F8F00BF00BFFEE707B90EB9A9
:108F5000012000E0002050B900BF502080F31188AC
:108F6000BFF34F8FBFF36F8F00BF00BFFEE74820F6
:108F700000900098482801D1012000E0002050B95D
:108F800000BF502080F31188BFF34F8FBFF36F8F66
:108F900000BF00BFFEE700BF2C464CB1012084F8A3
:108FA00046004B463A46314640460094FEF77AFC6E
:108FB0002046BDE8F883000070B505460E462C46F5
:108FC00054B900BF502080F31188BFF34F8FBFF317
:108FD0006F8F00BF00BFFEE7FFF73EFCD4E90F1222
:108FE000206801FB0200A0600020A0632068606090
:108FF000E06B401E226C216800FB0211E160FF2043
:1090000084F8440084F845009EB9206908B901201D
:1090100000E00020A8B904F1100000F0E1FC80B1EC
:109020004FF0805009490860BFF34F8FBFF36F8F37
:1090300007E004F11000FFF7D9FB04F12400FFF76B
:10904000D5FBFFF733FC012070BD000004ED00E00C
:109050002DE9F84F07468A4690461E463C4654B9CD
:1090600000BF502080F31188BFF34F8FBFF36F8F85
:1090700000BF00BFFEE7BAF1000F01D1206C08B9B4
:10908000012000E0002050B900BF502080F311887B
:10909000BFF34F8FBFF36F8F00BF00BFFEE7022EFD
:1090A00002D1E06B012801D1012000E0002050B97D
:1090B00000BF502080F31188BFF34F8FBFF36F8F35
:1090C00000BF00BFFEE7FFF775FC00BF5021EFF3C4
:1090D000118081F31188BFF34F8FBFF36F8F00BFF3
:1090E0000546A06BE16B884201D3022E25D194F98D
:1090F00045B0A06B0090324651462046FEF70FFB6C
:109100000BF1010088B9606A08B9012000E0002075
:1091100050B904F1240000F063FC28B1B8F1000F4D
:1091200002D00120C8F8000004E00BF1010040B2B9
:1091300084F845004FF0010901E04FF0000900BF3D
:1091400085F3118800BF4846BDE8F88F2DE9F04748
:1091500006460F46344654B900BF502080F31188AC
:10916000BFF34F8FBFF36F8F00BF00BFFEE7206CD0
:1091700008B9012000E0002050B900BF502080F362
:109180001188BFF34F8FBFF36F8F00BF00BFFEE7A3
:10919000206808B9A06808B9012000E0002050B993
:1091A00000BF502080F31188BFF34F8FBFF36F8F44
:1091B00000BF00BFFEE7FFF7FDFB00BF5021EFF34C
:1091C000118081F31188BFF34F8FBFF36F8F00BF02
:1091D0000546D4F83890E06B48451ED994F945A06F
:1091E00009F10100A0630AF1010070B9606A08B9D1
:1091F000012000E0002068B904F1240000F0F0FB39
:1092000040B13FB10120386004E00AF1010040B2F2
:1092100084F845004FF0010801E04FF0000800BF5E
:1092200085F3118800BF4046BDE8F0872DE9F7417E
:1092300083B005460E464FF000082C4654B900BFD7
:10924000502080F31188BFF34F8FBFF36F8F00BFA3
:1092500000BFFEE70EB9206C08B9012000E0002035
:1092600050B900BF502080F31188BFF34F8FBFF378
:109270006F8F00BF00BFFEE700F03EFA08B9059807
:1092800008B9012000E0002050B900BF502080F351
:109290001188BFF34F8FBFF36F8F00BF00BFFEE792
:1092A00000BFFFF7D9FAA76BF7B131462046FEF7AA
:1092B00021FA781EA063206908B9012000E000208F
:1092C00060B904F1100000F08BFB38B14FF0805012
:1092D0002F490860BFF34F8FBFF36F8FFFF7E6FA98
:1092E000012006B0BDE8F081059818B9FFF7DEFA55
:1092F0000020F6E7B8F1000F04D101A8FFF7C4FB86
:109300004FF00108FFF7D2FAFFF7B6FCFFF7A4FA17
:1093100094F94400401C10B9002084F8440094F9EA
:109320004500401C10B9002084F84500FFF7BEFA44
:1093300005A901A800F00AF9F0B92046FEF788FB5C
:10934000A0B104F124000599FFF7B0FB2046FEF719
:10935000C7FB00F091FB0028A3D14FF080500C49CF
:109360000860BFF34F8FBFF36F8F9AE72046FEF779
:10937000B7FB00F081FB94E72046FEF7B1FB00F05D
:109380007BFB2046FEF764FB00288AD00020A8E77C
:1093900004ED00E02DE9F34182B005464FF00008EE
:1093A0002C46002654B900BF502080F31188BFF32B
:1093B0004F8FBFF36F8F00BF00BFFEE7206C08B96F
:1093C000012000E0002050B900BF502080F3118838
:1093D000BFF34F8FBFF36F8F00BF00BFFEE700F0FA
:1093E0008BF908B9039808B9012000E0002050B9B2
:1093F00000BF502080F31188BFF34F8FBFF36F8FF2
:1094000000BF00BFFEE700BFFFF726FAA76BFFB162
:10941000781EA063206810B9FEF748FCA0602069A0
:1094200008B9012000E0002060B904F1100000F04C
:10943000D7FA38B14FF0805043490860BFF34F8FDF
:10944000BFF36F8FFFF732FA012004B0BDE8F0815F
:10945000039898B90EB9012000E0002050B900BF70
:10946000502080F31188BFF34F8FBFF36F8F00BF81
:1094700000BFFEE7FFF71AFA0020E6E7B8F1000F99
:1094800004D16846FFF700FB4FF00108FFF70EFA22
:10949000FFF7F2FBFFF7E0F994F94400401C10B924
:1094A000002084F8440094F94500401C10B90020C5
:1094B00084F84500FFF7FAF903A9684600F046F87A
:1094C00040BB2046FEF7C4FAF0B1206838B9FFF778
:1094D000C3F9A06800F028FA0646FFF7E7F904F19F
:1094E00024000399FFF7E2FA2046FEF7F9FA00F0AC
:1094F000C3FA002888D14FF0805013490860BFF3A9
:109500004F8FBFF36F8F7FE72046FEF7E9FA00F039
:10951000B3FA79E72046FEF7E3FA00F0ADFA204609
:10952000FEF796FA0028EED05EB1FFF795F92046D7
:10953000FEF75CF907463946A068FFF7D3FAFFF754
:10954000B5F9002081E7000004ED00E070B50546A4
:109550000C4655B900BF502080F31188BFF34F8FE0
:10956000BFF36F8F00BF00BFFEE754B900BF5020AC
:1095700080F31188BFF34F8FBFF36F8F00BF00BF21
:10958000FEE7FFF769F9124802686868131A206855
:10959000401C08B9002617E00E492868096888426F
:1095A00004D06868904201D801260DE020689842F6
:1095B00007D92068C01A20602846FFF765FA002600
:1095C00002E0002020600126FFF770F9304670BDF0
:1095D0007C000020900000202DE9FF4F85B08046E0
:1095E00089461746DDE912ABB800FEF7B9FA064620
:1095F00056B15420FEF7B4FA04460CB1266304E0D9
:109600003046FFF771F900E000248CB1002084F8A7
:109610005100CDE900ABCDE902403A46494640460B
:10962000089BFEF752F92046FDF7E6FF012501E011
:109630004FF0FF35284609B0BDE8F08F2DE9F04F17
:1096400085B00746884691469A46DDE90EB6109CDD
:109650000EB1012000E0002050B900BF502080F37F
:109660001188BFF34F8FBFF36F8F00BF00BFFEE7BE
:109670000CB1012000E0002050B900BF502080F361
:109680001188BFF34F8FBFF36F8F00BF00BFFEE79E
:10969000542003900398542801D1012000E00020B9
:1096A00050B900BF502080F31188BFF34F8FBFF334
:1096B0006F8F00BF00BFFEE700BFB4B1AEB125465B
:1096C0002C462E63022085F85100002004A9534641
:1096D0004A46CDE900B1CDE9025041463846FEF791
:1096E000F4F82846FDF788FF01E000200490049874
:1096F00005B0BDE8F08F00000549096809B90120EF
:1097000005E00449096809B9022000E0002070471B
:1097100084000020A00000202DE9F0414FF0000857
:109720004448006800287CD143480068451C4248F2
:10973000056015BB41480068006808B9012000E0D9
:10974000002050B900BF502080F31188BFF34F8F25
:10975000BFF36F8F00BF00BFFEE738480768384887
:109760000068364908603648076036480068401C83
:1097700034490860FEF77AF900BF33480068854233
:109780003CD300BF2D480068006808B9012000E004
:10979000002020B14FF0FF302B4908602DE0274812
:1097A0000068C068C4686668B54202D22648066090
:1097B00023E0201DFEF7FAFFA06A18B104F118009B
:1097C000FEF7F4FF94F82C10012088401F49096827
:1097D00008431E490860E16A01EB81011C4A02EB63
:1097E0008100211DFFF72CF81A49E06A0968C96A4F
:1097F0008842C7D34FF00108C4E700BF154800688E
:10980000C06A00EB8000124951F82000012801D9FC
:109810004FF001081048006808B14FF0010805E05A
:10982000FFE70E480068401C0C4908604046BDE850
:10983000F0810000A00000207C0000206C000020CF
:109840007000002090000020980000208000002080
:1098500018260020680000208C00002088000020CE
:1098600070B505462C460026002D55D02B480068C3
:10987000844201D1012000E0002050B900BF5020F7
:1098800080F31188BFF34F8FBFF36F8F00BF00BF0E
:10989000FEE7A06C50B900BF502080F31188BFF3E1
:1098A0004F8FBFF36F8F00BF00BFFEE7A06C401E5D
:1098B000A064616CE06A88422ED0A06C60BB201D61
:1098C000FEF774FF78B9E06A00EB8000144951F8A4
:1098D000200040B994F82C100120884011490968F3
:1098E000814310480160606CE062E06AC0F10700EB
:1098F000A06194F82C10012088400A4909680843A7
:1099000008490860E16A01EB8101054A02EB810028
:10991000211DFEF795FF0126304670BD680000202E
:10992000182600208000002070B505462C46002631
:10993000002D4DD02749E06A0968C96A884240D2A3
:10994000A06900F0004028B922480068C06AC0F150
:109950000700A061E16A01EB81011F4A02EB81016E
:109960006069884201D1012000E0002018B3201D69
:10997000FEF71CFF40B994F82C10012088401749CD
:10998000096881431548016012480068C06AE062B6
:1099900094F82C10012088401049096808430F49A9
:1099A0000860E16A01EB81010B4A02EB8100211D95
:1099B000FEF746FF03E007480068C06AE062012640
:1099C00006E00449606C0968C96A884200D2012631
:1099D000304670BD6800002018260020800000205E
:1099E00070B50646F068C46854B900BF502080F3D3
:1099F0001188BFF34F8FBFF36F8F00BF00BFFEE72B
:109A000004F11800FEF7D2FE15480068A8B9201D21
:109A1000FEF7CCFE94F82C1001208840114909680B
:109A2000084310490860E16A01EB81010E4A02EB2C
:109A30008100211DFEF704FF04E004F118010B482A
:109A4000FEF7FEFE0A49E06A0968C96A884204D93D
:109A5000012501200749086000E00025284670BD67
:109A6000A00000208000002018260020CC26002026
:109A7000680000208C00002070B5002400263648C5
:109A8000006850B900BF502080F31188BFF34F8F9A
:109A9000BFF36F8F00BF00BFFEE7FEF7DDFE2E486D
:109AA0000068401E2C4908600846006800284FD115
:109AB0002A48006800284BD024E02948C068C468C0
:109AC00004F11800FEF772FE201DFEF76FFE94F8F9
:109AD0002C10012088402349096808432149086067
:109AE000E16A01EB8101204A02EB8100211DFEF7B2
:109AF000A7FE1E49E06A0968C96A884202D30120AC
:109B00001B4908601648006808B9012000E00020E1
:109B10000028D2D00CB1FDF7A9FF1648056865B141
:109B200000BFFFF7F9FD10B10120114908606D1E5B
:109B3000002DF6D100200F4908600D48006838B1AB
:109B4000012630070C490860BFF34F8FBFF36F8FBA
:109B5000FEF7ACFE304670BDA0000020780000206B
:109B6000CC2600208000002018260020680000205D
:109B70008C0000208800002004ED00E070B5044651
:109B8000FF2C08DC322004FB00F5E81705EB5060E1
:109B9000C0F3CF1070BDA4F5807118A0FCF7E2F8F7
:109BA000A4F58070322200FB02F114A0FCF7DAF871
:109BB000A4F58070322100FB01F6F01706EB10606F
:109BC00001120EA0FCF7CEF8A4F58070322200FB43
:109BD00002F6F01706EB1060001200F1640107A016
:109BE000FCF7C0F8A4F58070322200FB02F1C81720
:109BF00001EB10600012643080B2CBE725640D0ADF
:109C0000000000000146642907DAC1EB01104000A2
:109C1000642290FBF2F080B27047C8290BDAA1F100
:109C20006400C0EBC00000EB8000642290FBF2F007
:109C30001E3080B2F0E7B1F5967F09DAA1F1C800D5
:109C400000EB4010642290FBF2F0413080B2E3E779
:109C5000A1F596704001642290FBF2F0623080B270
:109C6000DAE7000001000000020000000000000030
:109C700000000000010000000200000000000000E1
:109C800000000000A09E0008D94E0008000000005F
:109C90000000000080000000000000000000000044
:109CA0008C9E0008850B0008FDFF000000000000EE
:109CB000000100000000000000000000C89E000835
:109CC000014F0008FDFF000000000000000200003E
:109CD0000000000000000000809E000821500008E5
:109CE000FDFF0000000000008000000000000000F8
:109CF00000000000C09E00082F500008FDFF00007B
:109D000000000000800000000000000000000000D3
:109D1000D89E00083D500008FDFF00000000000034
:109D2000000200000000000000000000EC9E00089F
:109D30004B500008FDFF0000000000008000000004
:109D40000000000000000000AC9E00085950000810
:109D5000FDFF000000000000000200000000000005
:109D600000000000949E0008C5830008FDFF00006D
:109D70000000000080000000000000000000000063
:109D8000B89E0008A15B0008FDFF00000000000075
:109D9000800000000000000000000000E49E0008B9
:109DA000557D0008FDFF00000000000000040000D9
:109DB00000000000000000000000000000000000A3
:109DC0000102030406070809000000000102030461
:109DD000FFAA6988B5FFAA000000FFAA010800FFDA
:109DE000AA010400FFAA610000FFAA6101000000AF
:109DF00000100240010000000010024002000000BC
:109E0000482300200000000000000000000802407D
:109E10000040000000080240008000009023002065
:109E200000000000010000000014024001000000DA
:109E30000014024002000000D823002000000000AF
:109E40000000000000140240040000000014024062
:109E50000800000020240020000000000100000095
:109E6000000000006E83F9A22915444ED15727FC4B
:109E7000C0DD34F5999562DB4190433CAB6351FE04
:109E80005553335F4A5939310000000075617274CF
:109E90003100000072756E5F7265636F726400005E
:109EA00064656661756C745461736B0072756E5F86
:109EB0007461736B000000005247427761726E005C
:109EC000656E636F6465720055415254345F6D6F07
:109ED0006E69746F7200000072756E5F6D6F746FE3
:109EE000720000007265636F7264730072686F5F66
:109EF000676574005B44454255475D20542D726987
:109F00006768742063726F73733A20737472616947
:109F1000676874207374657020636F6D706C65740E
:109F200065642C2072657475726E696E6720746F3B
:109F300020464F4C4C4F575F4C494E450A0000009D
:109F40005B44454255475D205475726E20616374D1
:109F5000696F6E3A2066726F6D3D256420746F3DA7
:109F600025642C20646966663D25642C207461722A
:109F70006765745F7961773D252E32662C20747594
:109F8000726E5F7461726765743D252E32660A00D9
:109F90005B44454255475D20542D726967687420C3
:109FA00063726F7373202836293A20616C6C2064C9
:109FB0006972656374696F6E73207669736974651D
:109FC000642C20636F6E74696E75696E672073749C
:109FD0007261696768740A00F89F00080000002039
:109FE00068030000380900081CA10008680300206D
:109FF00068B50000CC620008015C32104201035DCC
:10A0000024F41AAA010122100BA040D7A3303FCD9F
:10A01000CC4C3F1CC079C410780D42CDCC0C400A0A
:10A02000D7633F66666614091228210A11C0140B13
:10A0300010304114180B40408FC2F53E0AD7A33DA3
:10A0400010FAC2645914B928793CFA60148C9A99B0
:10A05000D978793C1E90407B146E146B0C40142C04
:10A060006666E624EA3E2859148A3E14FA603C38B3
:10A07000083333B340C3F5284069141C5C8F928CBD
:10A080001E753F9A9999501A8C141A8C8C6A99648F
:10A09000192849141C85EB51641ACC284B7940B41B
:10A0A0003AB43C29507C9A99193C212BC64250293C
:10A0B000F849283AF05019EC1A3C0819501BC8C14D
:10A0C0000422411B803E141A3B3C19141AF0142C34
:10A0D000F0410101510515436F3630080811313147
:10A0E00037336B6556190C1333333219136A7916EB
:10A0F0009504340596123212951A315A0B143537DD
:10A100005A0A143240195A0A143619130A0E127ACE
:0CA110001288124112191207B20400005C
:040000050800018965
:00000001FF
