S3150800000038C9002061020008C1380008C12D00085F
S31508000010B9360008810B00084952000800000000A4
S31508000020000000000000000000000000A101000818
S31508000030A10C000800000000FD0100086D4800083A
S315080000407B0200087B0200087B0200087B0200088E
S315080000507B0200087B0200087B0200087B0200087E
S315080000607B0200087B0200087B0200087B0200086E
S315080000707B0200087B0200087B0200087B0200085E
S315080000807B0200087B0200087B0200087B0200084E
S315080000907B0200087B0200087B0200087B0200083E
S315080000A07B0200087B0200087B0200087B0200082E
S315080000B07B0200087B0200087B0200087B0200081E
S315080000C07B0200087B0200087B0200087B0200080E
S315080000D07B0200083D5100084D5100085D5100089B
S315080000E07B0200087B0200087B0200087B020008EE
S315080000F07B0200087B0200087B0200087B020008DE
S315080001007B0200087B0200087B0200087B020008CD
S315080001107B020008394C00086D4900087B0200087C
S315080001207B0200087B0200087B0200087B020008AD
S315080001307B0200087B0200087B0200087B0200089D
S315080001407B0200087B0200087B0200087B0200088D
S315080001507B0200087B0200087B0200087B0200087D
S315080001607B0200087B0200087B0200087B0200086D
S315080001707B0200087B0200087B02000800000000E2
S315080001807B0200087B020008DFF810D000F0B0FB05
S315080001900048004745630008AFF3008038C90020CF
S315080001A02C4B19680868B0E8F04F80F30988BFF34C
S315080001B06F8F4FF0000080F3118870470000000031
S315080001C008480068006880F308884FF0000080F34C
S315080001D0148862B661B6BFF34F8FBFF36F8F00DF27
S315080001E000BF00BF08ED00E0DFF80C00016841F42D
S315080001F070010160704700BF88ED00E0EFF30980E9
S31508000200BFF36F8F134B1A681EF0100F08BF20ED4F
S31508000210108A20E9F04F106009B44FF0500080F3BF
S315080002201188BFF34F8FBFF36F8F07F027FE4FF08C
S31508000230000080F3118809BC19680868B0E8F04F17
S315080002401EF0100F08BFB0EC108A80F30988BFF3C0
S315080002506F8F704710030020EFF30580704700008A
S315080002600648804706480047FEE7FEE7FEE7FEE742
S31508000270FEE7FEE7FEE7FEE7FEE7FEE75949000868
S31508000280890100082DE9F05F0546002092469B4645
S3150800029088460646814640241BE02846414647468E
S315080002A0224600F052F953465A46C01A914110D3D5
S315080002B011461846224600F039F92D1A67EB01084F
S315080002C04F4622460120002100F030F917EB0009BD
S315080002D04E41201EA4F10104DFDC484631462A4679
S315080002E04346BDE8F09F40EA01039B0703D009E0B7
S315080002F008C9121F08C0042AFAD203E011F8013B04
S3150800030000F8013B521EF9D27047D2B201E000F85C
S31508000310012B491EFBD270470022F6E710B513469B
S315080003200A4604461946FFF7F0FF204610BD421C50
S3150800033010F8011B0029FBD1801A70472DE9FE4FE2
S3150800034081EA030404F0004421F0004100944FF0D0
S31508000350000B23F0004350EA01045ED052EA03047E
S315080003605BD0C3F30A54C1F30A552C44A4F2F33400
S315080003700194A0FB0254C1F3130141F48011C3F3A5
S31508000380130343F4801301FB024400FB034E840A63
S31508000390970A44EA815447EA8357A4FB07680295FB
S315080003A08D0A05FB07854FEA932C04FB0C54270599
S315080003B0029D4FEA065847EA1637B5EB08056EEB75
S315080003C0070C870E920E47EA811742EA8312A7FBAB
S315080003D00201B6EB0B0164EB00042B0D43EA0C3368
S315080003E05E1844EB1C50DA465146E7FB0201C5F39A
S315080003F013044FEA0B3343EA14534FEA0432019CC1
S3150800040043EA0603A4F10C040294009CCDE900B467
S3150800041000F0F1F803B0BDE8F08F00200146F9E7D7
S315080004200EB5C10F80EAE0700844CA07002140F201
S3150800043033438DE80E000A460B4600F0DCF803B09D
S3150800044000BD00F0004230F000400AD0C10D01F5B1
S315080004506071C0F3160042EA0151C2084007114311
S31508000460704700200146704730B5041E71F100043C
S3150800047004DB4FF00044404264EB0101141E73F1A3
S31508000480000405DB1C464FF00043524263EB0403AD
S315080004908B4208BF824230BD30B5041E71F100049C
S315080004A004DB4FF00044404264EB0101141E73F173
S315080004B0000405DB1C464FF00043524263EB04037D
S315080004C0994208BF904230BD01F0004330B421F094
S315080004D0004150EA010206D00A0DA2F56072C1F386
S315080004E01301002A02DC30BC00207047440F44EA9E
S315080004F0C104C100E01830BC00EBC25000F035B8AA
S3150800050030B50B46014600202022012409E021FAD5
S3150800051002F59D4205D303FA02F5491B04FA02F5D2
S315080005202844151EA2F10102F1DC30BD202A04DBA5
S31508000530203A00FA02F1002070479140C2F12003E8
S3150800054020FA03F3194390407047202A04DB203A27
S3150800055021FA02F00021704721FA02F3D040C2F1D5
S31508000560200291400843194670470029A8BF7047E2
S31508000570401C490008BF20F00100704710B4B0FACB
S3150800058080FC00FA0CF050EA010404BF10BC704766
S3150800059049B1CCF1200421FA04F411FA0CF118BF80
S315080005A0012121430843A3EB0C01CB1D4FEA00614F
S315080005B04FEA102042BF002010BC704700EBC35022
S315080005C010440029A4BF10BC7047401C490008BF4E
S315080005D020F0010010BC704710B5141E73F100041A
S315080005E008DA401C41F1000192185B411A4301D117
S315080005F020F0010010BD2DE9F04D92469B4611B141
S31508000600B1FA81F202E0B0FA80F220329046FFF7A2
S315080006108DFF04460F4640EA0A0041EA0B0153469D
S315080006205A46084313D0114653EA010019D0C8F1B7
S3150800063040025046FFF789FF05460E465046594682
S315080006404246FFF773FF084305D0012004E0204621
S315080006503946BDE8F08D0020054346EAE0762C438E
S3150800066037430A986305E40AA0EB08000022FD0A4E
S3150800067044EA47540A3002D500200146E9E7010555
S3150800068010196941DDE9084500196941BDE8F04DD1
S31508000690A2E72DE9FE4F804681EA0300C00F0C460B
S315080006A0009021F0004123F00045B8EB0200A94173
S315080006B005D24046214690461C460B46024623F084
S315080006C00040104347D0270DC7F30A00C3F30A5169
S315080006D00290401A019040286BDAC3F3130040F4E5
S315080006E0801B0098924620B10023D2EB030A63EBE5
S315080006F00B0B01985946C0F140025046FFF716FF0A
S3150800070006460D4650465946019A00F003F910EB85
S3150800071008006141002487EA115284EAE7731A4304
S3150800072040D0009A62B3019A012A4FEA075215DCB3
S31508000730001B61EB02014FF0004202EA0752CDE9C5
S315080007400042001C41F5801132462B46FFF753FF45
S3150800075003B0BDE8F08F40462146F9E7001B61EB80
S315080007600201001C41F5801300185B412018A2F510
S31508000770001747EB030140EAD570B6196D4111E041
S315080007806D084FEA360645EAC0754FEA0752001B60
S3150800079061EB0201001C41F5801149084FEA30005F
S315080007A00019514132462B4603B0BDE8F04FFFF71A
S315080007B013BF0098012240000023D0EB020263EB2E
S315080007C0E073009821464FEAE074B8EB000061EB4D
S315080007D00401E9E783F000435BE781F0004158E74D
S315080007E02DE9F04D81EA030404F0004B21F00045A1
S315080007F014464FF0000A23F0004150EA050220D0C3
S3150800080054EA01021DD0C5F30A570246C5F313037D
S31508000810C1F31300C1F30A5640F4801543F480135C
S31508000820A7EB0608101BD64608F2FD3873EB050041
S3150800083002D308F1010801E092185B41B8F1000FF4
S3150800084003DA00200146BDE8F08D00204FF4801140
S31508000850064684460EE0171B73EB050705D3121BE5
S3150800086063EB050306434CEA010C49084FEA3000DE
S3150800087092185B4150EA0107EDD152EA030012D003
S3150800088082EA040083EA0501084305D0101BAB4140
S3150800089006D20122002306E000224FF0004302E0C0
S315080008A06FF0010253101AEB06004CEB085110EBDF
S315080008B00A0041EB0B01BDE8F04DFFF78DBEC1F311
S315080008C00A52C1F3130140F2FF3341F480119A42F0
S315080008D002DA00200146704740F233439A42A2F2F8
S315080008E0334202DC5242FFF730BEFFF71FBE00005C
S315080008F0064C074D06E0E06840F0010394E807005F
S3150800090098471034AC42F6D3FFF742FCA89100088A
S31508000910C8910008202A06DBCB17203A41FA02F0D4
S3150800092043EAE07306E041FA02F3D040C2F120023E
S31508000930914008431946704770B58C1810F8015B4A
S3150800094015F0070301D110F8013B2A1106D110F85A
S31508000950012B03E010F8016B01F8016B5B1EF9D15E
S315080009602B0705D40023521E0DD401F8013BFAE7E4
S3150800097010F8013BCB1A921C03E013F8015B01F84F
S31508000980015B521EF9D5A142D8D3002070BD0000E4
S3150800099010B51B48D0ED030AB0EE600A00F00EFA57
S315080009A0044618480078844229D004EB8400164986
S315080009B001EB8000D0ED021AB0EE611A04EB840058
S315080009C001EB8000D0ED011AF0EE610A04EB840019
S315080009D001EB8000D0ED001AB0EE610A084805F078
S315080009E09EFE04EB8400084901EB8000D0ED040A62
S315080009F0B0EE600A024805F08FFE0248047010BD8A
S31508000A0050030020B90100201400002010B51B482F
S31508000A10D0ED030AB0EE600A00F0D0F90446184893
S31508000A200078844229D004EB8400164901EB800043
S31508000A30D0ED021AB0EE611A04EB840001EB8000D7
S31508000A40D0ED011AF0EE610A04EB840001EB800098
S31508000A50D0ED001AB0EE610A084805F060FE04EB16
S31508000A608400084901EB8000D0ED040AB0EE600A64
S31508000A70024805F051FE0248047010BD8C030020A0
S31508000A80BA0100207800002010B51B48D0ED030AF3
S31508000A90B0EE600A00F092F90446184800788442DD
S31508000AA029D004EB8400164901EB8000D0ED021A28
S31508000AB0B0EE611A04EB840001EB8000D0ED011A58
S31508000AC0F0EE610A04EB840001EB8000D0ED001A19
S31508000AD0B0EE610A084805F022FE04EB84000849D6
S31508000AE001EB8000D0ED040AB0EE600A024805F07A
S31508000AF013FE0248047010BDC8030020BB01002085
S31508000B00DC00002010B51B48D0ED030AB0EE600AE1
S31508000B1000F054F9044618480078844229D004EBBA
S31508000B208400164901EB8000D0ED021AB0EE611A76
S31508000B3004EB840001EB8000D0ED011AF0EE610AA7
S31508000B4004EB840001EB8000D0ED001AB0EE610AD8
S31508000B50084805F0E4FD04EB8400084901EB800031
S31508000B60D0ED040AB0EE600A024805F0D5FD024849
S31508000B70047010BD04040020BC01002040010020C0
S31508000B8000BFFEE703220021012007F071FA1B4986
S31508000B9008600846006850B900BF502080F31188E5
S31508000BA0BFF34F8FBFF36F8F00BF00BFFEE7002173
S31508000BB01248006807F0E8FC11A004F087FC15A0AD
S31508000BC006F0C8FE00BF4FF0FF310C48006807F07A
S31508000BD0DBFC0128F7D111A006F0BCFE16A006F032
S31508000BE0B9FE1CA006F0B6FE21A006F0B3FE27A0AB
S31508000BF004F06CFC002029490870E4E79002002004
S31508000C0048656C6C6F204672656552544F530D0AE1
S31508000C100000000072657374FFFFFF006D61696E66
S31508000C202E74322E7478743D22636F6E6E6563740B
S31508000C3022FFFFFF00000000726F61642E74322EDF
S31508000C407478743D22636F6E6E65637422FFFFFFCE
S31508000C50000000007265636F72642E74322E747819
S31508000C60743D22636F6E6E65637422FFFFFF00009A
S31508000C7073657474696E672E74322E7478743D22A7
S31508000C80636F6E6E65637422FFFFFF00476574200D
S31508000C9053656D6170686F72650D0A0094020020D5
S31508000CA07047000070B504460D4616462560267145
S31508000CB03C21206801F090F9002021680968486203
S31508000CC0E080A0609FED020A84ED030A70BD000073
S31508000CD00000000001680968496A09B2C180017903
S31508000CE011B9B0F9061002E0B0F90610494209B286
S31508000CF0C1800021026812685162B0F90620816835
S31508000D0011448160B0F9061000EE101AB8EEC00A58
S31508000D10DFED070A80EE201A9FED060A21EE000A8B
S31508000D20DFED050A80EE201A80ED031A70470000F1
S31508000D300000A544E25CA3410AD7233C10B5002273
S31508000D4009490A48FFF7AEFF012209490948FFF792
S31508000D50A9FF002208490948FFF7A4FF002208490D
S31508000D600848FFF79FFF10BD9C400020B8040020EC
S31508000D70E4400020C80400202C410020D8040020AC
S31508000D8074410020E804002010B50648FFF7A2FFCA
S31508000D900548FFF79FFF0548FFF79CFF0448FFF744
S31508000DA099FF10BDB8040020C8040020D80400200C
S31508000DB0E804002072B600BFFEE70000F3EE0E0A54
S31508000DC0B4EEE00AF1EE10FA01D200207047F3EE15
S31508000DD00E0AB4EEE00AF1EE10FA08DBDFED0D0AB2
S31508000DE0B4EEE00AF1EE10FA01D20120EEE7DFEDEB
S31508000DF0090AB4EEE00AF1EE10FA08DBDFED060A9E
S31508000E00B4EEE00AF1EE10FA01D20220DEE7032082
S31508000E10DCE7000000006C420000A04270B5044602
S31508000E20A56D00F079F9064694F83500022808D031
S31508000E308020606500BF002084F8340000BF0120D0
S31508000E4070BD2068006820F01600216808602068D8
S31508000E50406920F0800021684861206C08B9A06CC0
S31508000E6028B12068006820F008002168086020681A
S31508000E70006820F001002168086010E000F04CF9D5
S31508000E80801B05280BD920206065032084F83500CF
S31508000E9000BF002084F8340000BF0320D0E7206894
S31508000EA0006800F001000028E8D194F85C103F20A3
S31508000EB08840A860012084F8350000BF002084F827
S31508000EC0340000BF00BFBBE7014691F83500022891
S31508000ED003D08020486501207047052081F8350039
S31508000EE00868006820F001000A6810600020F3E72F
S31508000EF070B5044600F010F906462546681C10B180
S31508000F0004480078054400BF00F006F9801BA84293
S31508000F10FAD370BDE0020020F8B502460B4600255C
S31508000F20002400200021D6E0012606FA01F51E68F5
S31508000F3006EA0504AC4274D11E7906F00306012EB2
S31508000F4004D01E7906F00306022E13D190684F00CE
S31508000F500326BE40B0434F00DE68BE403043906073
S31508000F60506801268E40B0431E79C6F300168E409F
S31508000F70304350601E7906F00306032E09D0D06868
S31508000F804F000326BE40B0434F009E68BE40304324
S31508000F90D0601E7906F00306022E13D1CF0802F19F
S31508000FA0200656F827004E07F70E0F26BE40B04318
S31508000FB04F07FF0E1E69BE403043CF0802F12006D8
S31508000FC046F8270010684F000326BE40B0431E7936
S31508000FD006F003064F00BE40304310605E6806F414
S31508000FE04036002E76D000BF002600963C4E366866
S31508000FF046F480463A4F3E603E46366806F48046DA
S31508001000009600BF00BF374E8F0856F827008E0798
S31508001010370F0F26BE40B043334EB24202D10026E8
S3150800102024E057E0314EB24201D101261EE0304E8F
S31508001030B24201D1022619E02E4EB24201D1032650
S3150800104014E02D4EB24201D104260FE02B4EB242D7
S3150800105001D105260AE02A4EB24201D1062605E04C
S31508001060284EB24201D1072600E008268F073F0F17
S31508001070BE4030431B4E8F0846F82700224E306884
S31508001080A0435E6806F4801606B120431E4E306003
S31508001090361D3068A0435E6806F4001606B1204384
S315080010A0194E361D3060184E361F3068A0435E68EC
S315080010B006F4003606B12043134E361F3060361F3D
S315080010C03068A0435E6806F4803606B120430E4EAB
S315080010D0083E3060491C1029FFF426AFF8BD000011
S315080010E0443802400838014000000240000402402B
S315080010F000080240000C02400010024000140240A2
S3150800110000180240001C0240083C01400AB18161F7
S3150800111001E00B04836170470148006870470000CE
S31508001120D8020020034800680349097808440149A1
S3150800113008607047D8020020E002002010B50D486C
S31508001140006840F400700B4908600846006840F4DF
S31508001150806008600846006840F4807008600320D4
S3150800116000F0E0F80F2000F007F800F05FF8002024
S3150800117010BD0000003C02402DE9F04188B004464D
S315080011800027B84600BF002001902348006840F0B9
S315080011901000214908600846006800F01000019018
S315080011A000BF00BF02A903A800F092F9069F1FB965
S315080011B000F0B6F9054602E000F0B2F94500174816
S315080011C0B5FBF0F0A0F1010815481649086040F291
S315080011D0E7311448C160C0F80480002101618160CC
S315080011E0816100F0BFFC064696B90E4800F04EFD38
S315080011F006466EB9362000F043F8102C07D20022B6
S315080012002146362000F050F80748046000E0012621
S31508001210304608B0BDE8F0814038024040420F0031
S315080012200010004054400020DC02002008B500BF32
S31508001230002000901148006840F480400F4908607B
S315080012400846006800F48040009000BF00BF00BF59
S3150800125000200090081F006840F08050091F0860B1
S315080012600846006800F08050009000BF00BF0022CA
S315080012700F21901E00F018F808BD000044380240FF
S315080012800146084600280DDB00BF00BF00F01F031B
S3150800129001229A4043099B0003F1E023C3F8002189
S315080012A000BF00BF00BF70472DE9F05F80460D46BE
S315080012B01646002704F04EF9074639462A463346AD
S315080012C001F00700C0F1070ABAF1040F02D94FF07E
S315080012D0040A01E0C0F1070AD14600F1040ABAF18E
S315080012E0070F02D24FF0000A01E0A0F1030AD44624
S315080012F04FF0010A0AFA09FAAAF1010A0AEA020AE9
S315080013000AFA0CFA4FF0010B0BFA0CFBABF1010BC6
S315080013100BEA030B4AEA0B042146404604F022F97D
S31508001320BDE8F09F00BF00F00702064B19684FF6AC
S31508001330FF031940044B0B4343EA0221014B196092
S3150800134000BF70470CED00E00000FA0570B50446D2
S315080013500D460CB9012070BD5848006800F007001A
S31508001360A84209D255490D700846006800F00700E2
S31508001370A84201D00120EEE7207800F002000228FA
S315080013801DD1207800F00400042805D14C480068D7
S3150800139040F4E0504A490860207800F00800082820
S315080013A005D14748006840F460404549086044480C
S315080013B0006820F0F000A1680843414908602078D9
S315080013C000F00100A8B36068012807D13C48083836
S315080013D00068C0F34040B8B90120BCE7606802283D
S315080013E002D06068032807D1354808380068C0F37A
S315080013F0406048B90120AEE7314808380068C0F3B4
S31508001400400008B90120A6E72D48006820F003002F
S31508001410616808432A490860FFF77EFE064609E028
S31508001420FFF77AFE801B41F28831884202D90320F1
S3150800143091E707E02248006800F00C006168B0EB0D
S31508001440810FEDD11D48006800F00700A84209D9B0
S315080014501A490D700846006800F00700A84201D036
S31508001460012078E7207800F00400042807D1144802
S31508001470006820F4E050E1680843114908602078C4
S3150800148000F00800082808D10D48006820F46040DC
S31508001490216940EAC1000A49086000F061F8084974
S315080014A00968C1F30311074A515CC8400649086038
S315080014B006480068FFF760FE00204CE7003C024043
S315080014C00838024038900008D4020020DC020020C8
S315080014D00F2202600D4A126802F0030242600B4AAC
S315080014E0126802F0F0028260084A126802F4E052BA
S315080014F0C260064A126802F46042D2080261044ACF
S31508001500126802F007020A607047000008380240B5
S31508001510003C02400148006870470000D4020020E1
S3150800152000B5FFF7F7FF04490968C1F38221034AAA
S31508001530515CC84000BD00000838024048900008C9
S3150800154000B5FFF7E7FF04490968C1F34231034ACA
S31508001550515CC84000BD00000838024048900008A9
S315080015602DE9F047002400250026A14625480068F5
S3150800157000F00C0020B1042805D008283AD105E06F
S31508001580DFF8849039E0DFF8849036E01D48001FC4
S31508001590006800F03F041B48001F006800F4800044
S315080015A078B11A481749091F0968C1F38811A0FBC1
S315080015B001700146224600233846FEF763FE0546BB
S315080015C00EE011480F49091F0968C1F38811A0FBED
S315080015D001700146224600233846FEF753FE0546AB
S315080015E00848001F0068C0F30140401C4600B5FBD0
S315080015F0F6F902E0DFF8109000BF00BF4846BDE8E4
S31508001600F0870000083802400024F40000127A002F
S31508001610F8B504460CB90120F8BD207800F00100A1
S31508001620002874D0F948006800F00C0004280DD092
S31508001630F648006800F00C00082813D1F348001F8C
S31508001640006800F48000B0F5800F0BD1EF48083829
S315080016500068C0F34040002859D06068002856D179
S315080016600120D9E700BF6068B0F5803F08D1E74898
S315080016700838006840F48030E449083908601EE0FC
S315080016806068B0F5A02F0DD1E0480838006840F42E
S315080016908020DE49083908600846006840F4803032
S315080016A008600CE0D9480838006820F48030D7492B
S315080016B0083908600846006820F48020086000BFE2
S315080016C0606890B1FFF728FD054606E0FFF724FDA0
S315080016D0401B642801D903209EE7CC4808380068D7
S315080016E0C0F340400028F1D011E0FFF715FD05468C
S315080016F006E0FFF711FD401B642801D903208BE79C
S31508001700C24808380068C0F340400028F1D1207864
S3150800171000F0020002285FD1BC48006800F00C0007
S3150800172058B1BA48006800F00C0008281CD1B74820
S31508001730001F006800F48000B0B9B4480838006893
S31508001740C0F3400020B1E068012801D0012063E71A
S31508001750AE480838006820F0F800216940EAC10060
S31508001760AA490839086037E0E06800B30120A849AB
S315080017700860FFF7D1FC054606E0FFF7CDFC401BE5
S31508001780022801D9032047E7A04808380068C0F3B3
S3150800179040000028F1D09D480838006820F0F8007D
S315080017A0216940EAC10099490839086014E0002017
S315080017B097490860FFF7B0FC054606E0FFF7ACFC62
S315080017C0401B022801D9032026E7904808380068FC
S315080017D0C0F340000028F1D1207800F0080008285E
S315080017E02CD16069A8B101208A490860FFF794FCEA
S315080017F0054606E0FFF790FC401B022801D90320A6
S315080018000AE782486C300068C0F340000028F1D02F
S3150800181014E000207F490860FFF77EFC054606E0D5
S31508001820FFF77AFC401B022801D90320F4E6774823
S315080018306C300068C0F340000028F1D1207800F031
S315080018400400042870D1002770483830006800F07A
S31508001850805090B900BF002000906C48383000686E
S3150800186040F080506949383108600846006800F041
S315080018708050009000BF00BF01276748006800F449
S315080018808070B0B96448006840F4807062490860A6
S31508001890FFF742FC054606E0FFF73EFC401B022820
S315080018A001D90320B8E65C48006800F48070002877
S315080018B0F2D000BFA068012808D1544868300068F3
S315080018C040F001005149683108601DE0A06805280C
S315080018D00DD14E486830006840F004004B49683125
S315080018E008600846006840F0010008600CE04748B8
S315080018F06830006820F001004449683108600846ED
S31508001900006820F00400086000BFA068A8B1FFF7CF
S3150800191003FC054609E0FFF7FFFB401B41F288314F
S31508001920884202D9032077E626E0384868300068FE
S31508001930C0F340000028EED013E0FFF7EDFB0546A4
S3150800194008E0FFF7E9FB401B41F28831884201D9DC
S31508001950032061E62D4868300068C0F3400000287F
S31508001960EFD1012F07D129483830006820F0805080
S3150800197026493831086000BFA069002845D02348A9
S31508001980006800F00C0008285DD0A069022845D13F
S3150800199000201F490866FFF7BFFB054606E0FFF76C
S315080019A0BBFB401B022801D9032035E61748083837
S315080019B00068C0F340600028F1D1D4E90701084364
S315080019C0616A40EA81110122A06AC2EB500041EA2D
S315080019D000412C20005D41EA00600C49091F08609F
S315080019E001200B490866FFF797FB054606E0FFF757
S315080019F093FB401B022801D903200DE6034808384B
S31508001A000068C0F340600028F1D049E00838024079
S31508001A1000004742800E47420070004000202149DE
S31508001A200866FFF779FB054606E0FFF775FB401BDE
S31508001A30022801D90320EFE51B480068C0F340607F
S31508001A400028F2D12CE0A069012800D1E4E5164867
S31508001A50001D0668A069012820D006F48001E06907
S31508001A6081421BD106F03F01206A814216D147F612
S31508001A70C0703040616AB0EB811F0FD106F4403167
S31508001A800122A06AC2EB5000B1EB004F06D106F066
S31508001A9070612C20005DB1EB006F01D00120BBE521
S31508001AA00020B9E5000047420038024070477047F9
S31508001AB030B502460B4600BF92F83C00012801D11A
S31508001AC0022030BD012082F83C0000BF022082F8C7
S31508001AD03D00106844681068816824F0700418682E
S31508001AE0044310684460184D1068A8421BD010685B
S31508001AF0B0F1804F17D0154D1068A84213D0144D79
S31508001B001068A8420FD0134D1068A8420BD0124D8A
S31508001B101068A84207D0114D1068A84203D0104D8E
S31508001B201068A84205D121F0800158680143106861
S31508001B308160012082F83D0000BF002082F83C0049
S31508001B4000BF00BFBDE700000000014000040040E0
S31508001B5000080040000C004000040140004001401D
S31508001B600018004010B504460CB9012010BD94F8C1
S31508001B703D0028B9002084F83C00204600F026F8ED
S31508001B80022084F83D00211D206802F0F7FE01209E
S31508001B9084F8460000BF84F83E0001213F20015525
S31508001BA0402001554120015500BF00BF012084F89F
S31508001BB0420043200155442001554520015500BFE8
S31508001BC0012084F83D000020D0E7000008B52A4A25
S31508001BD0016891420FD100BF002100912749096889
S31508001BE041F40031254A11601146096801F40031B3
S31508001BF0009100BF3FE0224A016891420FD100BF21
S31508001C00002100911D49096841F480211B4A116091
S31508001C101146096801F48021009100BF2BE0194A9A
S31508001C200168914211D100BF002100911349091F93
S31508001C30096841F08001114A121F116011460968AE
S31508001C4001F08001009100BF15E00F4A016891423A
S31508001C5011D100BF002100910849091F096841F404
S31508001C608071064A121F11601146096801F48071D5
S31508001C70009100BF00BF08BD00440140443802403F
S31508001C8000480140001C004000200040014691F831
S31508001C903D00012801D001207047022081F83D004F
S31508001CA00868C06840F001000B68D8601A4B0868DD
S31508001CB098421BD00868B0F1804F17D0174B0868B8
S31508001CC0984213D0164B086898420FD0154B0868EF
S31508001CD098420BD0144B0868984207D0134B0868F3
S31508001CE0984203D0124B086898420CD1086880685D
S31508001CF000F00702062A0CD00868006840F00100C8
S31508001D000B68186005E00868006840F001000B6879
S31508001D1018600020C0E700000000014000040040F1
S31508001D2000080040000C004000040140004001404B
S31508001D30001800402DE9F04104460D4614B901206B
S31508001D40BDE8F08194F83D0028B9002084F83C00ED
S31508001D50204600F053F8022084F83D002068806889
S31508001D6044F20701884321688860211D206802F033
S31508001D7005FE2068D0F80880206886692068076A0A
S31508001D80286840EA080840F203308643A969A8682B
S31508001D9040EA0120064340F60C4086434FF2F00025
S31508001DA08643E969E86840EA012006432869000194
S31508001DB0296A40EA0130064327F0220727F08807F8
S31508001DC06969686840EA011007432068C0F8088016
S31508001DD02068866120680762012084F8460084F836
S31508001DE03E0001213F200155012084F8420043208E
S31508001DF00155012084F83D000020A1E710B586B002
S31508001E000446142101A8FEF787FA6C49206888421F
S31508001E1030D100BF002000906948006840F00100FA
S31508001E20674908600846006800F00100009000BF96
S31508001E3000BF00BF0020009061481438006840F0D9
S31508001E4010005F49143908600846006800F0100061
S31508001E50009000BF00BF4FF420600190022002905E
S31508001E600020039004900120059001A95548FFF72A
S31508001E7053F8A1E02068B0F1804F31D100BF0020AF
S31508001E8000904F48001F006840F001004C49091FA8
S31508001E9008600846006800F00100009000BF00BF17
S31508001EA000BF0020009046481438006840F0010042
S31508001EB04349143908600846006800F0010000909C
S31508001EC000BF00BF2220019002200290002003904C
S31508001ED004900120059001A93B48FFF71DF86BE027
S31508001EE03A492068884231D100BF00200090344822
S31508001EF0001F006840F002003149091F08600846C3
S31508001F00006800F00200009000BF00BF00BF00207C
S31508001F1000902B481438006840F00100284914390D
S31508001F2008600846006800F00100009000BF00BF86
S31508001F30C020019002200290002003900490022005
S31508001F40059001A92048FEF7E7FF35E020492068FB
S31508001F50884231D100BF002000901948001F006850
S31508001F6040F004001649091F08600846006800F09A
S31508001F700400009000BF00BF00BF0020009010487A
S31508001F801438006840F008000D49143908600846FE
S31508001F90006800F00800009000BF00BF4FF44050F2
S31508001FA001900220029000200390049002200590E0
S31508001FB001A90848FEF7B0FF06B010BD00000140B1
S31508001FC0443802400010024000000240000400406D
S31508001FD000080040000C02402DE9F04304460D4677
S31508001FE094F83E603F20075D94F84280432010F83D
S31508001FF004906DB9012E02D1B8F1010F02D001206B
S31508002000BDE8F083022084F83E0084F8420025E00B
S31508002010042D0CD1012F02D1B9F1010F01D00120F5
S31508002020EEE702213F2001554320015516E0012E17
S3150800203007D1012F05D1B8F1010F02D1B9F1010F6E
S3150800204001D00120DCE7022084F83E0002213F206F
S315080020500155022084F842004320015515B1042D8C
S315080020600CD105E001220021206802F0F7FC10E0FF
S3150800207001220421206802F0F1FC0AE00122002175
S31508002080206802F0EBFC01220421206802F0E6FC3D
S3150800209000BF00BF2068006840F0010021680860A2
S315080020A00020ADE7704770B504462068C56820680B
S315080020B0066906F00200022819D105F00200022876
S315080020C015D1401F216808610120207720688069A2
S315080020D000F0030018B12046FFF7E4FF05E02046AC
S315080020E000F034F9204600F0E8F90020207706F0E1
S315080020F00400042819D105F00400042815D1C043AA
S3150800210021680861022020772068806900F4407001
S3150800211018B12046FFF7C6FF05E0204600F016F97D
S31508002120204600F0CAF90020207706F008000828A3
S3150800213019D105F00800082815D1C043216808619F
S31508002140042020772068C06900F0030018B12046F3
S31508002150FFF7A8FF05E0204600F0F8F8204600F053
S31508002160ACF90020207706F01000102819D105F0E8
S315080021701000102815D1C04321680861082020776F
S315080021802068C06900F4407018B12046FFF78AFF3E
S3150800219005E0204600F0DAF8204600F08EF9002027
S315080021A0207706F0010048B105F0010030B16FF064
S315080021B0010021680861204600F006FA06F0800052
S315080021C0802809D105F08000802805D1C043216800
S315080021D008612046FFF76AFC06F04000402809D14E
S315080021E005F04000402805D1C04321680861204613
S315080021F000F0F6F906F02000202809D105F02000A5
S31508002200202805D1C043216808612046FFF74FFC06
S3150800221070BD000010B586B00446142101A8FEF76B
S315080022207BF84449206888421DD100BF00200090F1
S315080022304148006840F020003F49086008460068A9
S3150800224000F02000009000BF00BF4020019002204F
S3150800225002900020039004900320059001A93748B6
S31508002260FEF75AFE64E03649206888421DD100BF51
S31508002270002000903048006840F020002E49086091
S315080022800846006800F02000009000BF00BF8020CC
S3150800229001900220029000200390049003200590EC
S315080022A001A92648FEF738FE42E0264920688842FA
S315080022B01DD100BF002000901F48006840F0200094
S315080022C01D4908600846006800F02000009000BF1D
S315080022D000BF881501900220029000200390049008
S315080022E00920059001A91548FEF716FE20E01649B3
S315080022F0206888421CD100BF002000900E48006864
S3150800230040F020000C4908600846006800F02000EC
S31508002310009000BF00BF48150190022002900020DF
S31508002320039004900920059001A90448FEF7F4FDDE
S3150800233006B010BD00440140303802400014024087
S3150800234000480140001C00400020004070472DE96D
S31508002350F04104460D461646002700BF94F83C0097
S31508002360012802D10220BDE8F081012084F83C0052
S3150800237000BF36B1042E1BD0082E31D00C2E5ED1EC
S3150800238045E02946206802F07BFB2068806940F01A
S315080023900800216888612068806920F004002168A7
S315080023A0886120688069296908432168886148E04E
S315080023B02946206802F09CFB2068806940F400608A
S315080023C0216888612068806920F4806021688861B6
S315080023D020688069296940EA01202168886130E01F
S315080023E02946206802F0C2FB2068C06940F0080050
S315080023F02168C8612068C06920F004002168C861A6
S315080024002068C069296908432168C86119E0294616
S31508002410206802F0E7FB2068C06940F40060216884
S31508002420C8612068C06920F480602168C861206896
S31508002430C069296940EA01202168C86101E00127CD
S3150800244000BF00BF00BF002084F83C0000BF38462C
S3150800245089E710B504460CB9012010BD94F83D0073
S3150800246028B9002084F83C00204600F025F8022010
S3150800247084F83D00211D206802F080FA012084F8C6
S31508002480460000BF84F83E0001213F200155402048
S3150800249001554120015500BF00BF012084F84200C4
S315080024A043200155442001554520015500BF012010
S315080024B084F83D000020D0E77047704770B50446A1
S315080024C00D4615B994F83E000BE0042D02D13F20C5
S315080024D0005D06E0082D02D14020005D01E04120A4
S315080024E0005D012801D0012070BD1DB9022084F8C5
S315080024F03E000EE0042D03D102213F20015508E0DD
S31508002500082D03D102214020015502E00221412075
S31508002510015501222946206802F0A0FA23492068BD
S31508002520884203D022492068884201D1012000E070
S31508002530002028B12068406C40F4004021684864B7
S315080025401A49206888421BD02068B0F1804F17D0FE
S3150800255018492068884213D01749206888420FD046
S315080025601649206888420BD011492068884207D04E
S3150800257013492068884203D01249206888420CD142
S315080025802068806800F00706062E0CD020680068D0
S3150800259040F001002168086005E02068006840F006
S315080025A001002168086000209EE700000000014045
S315080025B0000401400004004000080040000C0040F0
S315080025C0004001400018004010B504460349206841
S315080025D0884201D1FEF7A6FD10BD0000001000409C
S315080025E070477047704700002DE9F84F0446206889
S315080025F005682068C668206847694FF00009CA461A
S3150800260005F00F09B9F1000F0AD105F0200038B11D
S3150800261006F0200020B1204602F065FBBDE8F88FE1
S31508002620B9F1000F7CD007F0010018B906F49070D4
S31508002630002875D005F0010030B106F4807018B195
S31508002640606C40F00100606405F0040030B107F0EA
S31508002650010018B1606C40F00200606405F00200E9
S3150800266030B107F0010018B1606C40F004006064F6
S3150800267005F0080048B106F0200010B907F001007F
S3150800268018B1606C40F008006064606C002846D0A1
S3150800269005F0200028B106F0200010B1204602F00F
S315080026A022FB20684069C0F3801A606C00F00800BD
S315080026B010B9BAF1000F2DD0204602F0CEFA2068E4
S315080026C0406900F04000402820D100BF00BF2168C3
S315080026D0143151E8001F21F040002168143141E807
S315080026E00002002AF3D100BFE06B50B17F48E16BCE
S315080026F00865E06BFEF7E8FB88B1E06B016D88477B
S315080027000DE02046FFF76EFF09E009E02046FFF7D7
S3150800271069FF04E02046FFF765FF002060647DE757
S31508002720206B012878D105F01000002874D006F037
S3150800273010000028FAD000BF00200090206800682A
S31508002740009020684068009000BF00BF206840697C
S3150800275000F04000402870D1E06B006840681FFA1E
S3150800276080F8B8F1000F58D0A08D404555DDA4F883
S315080027702E80E06BC069B0F5807F43D000BF00BFF4
S3150800278021680C3151E8001F21F4807021680C3152
S3150800279041E80002002AF3D100BF00BF00BF21684C
S315080027A0143151E8001F21F001002168143141E875
S315080027B00002002AF3D100BF00BF00BF2168143110
S315080027C051E8001F21F040002168143141E8000259
S315080027D0002AF3D100BF202084F84200002020639D
S315080027E000BF00BF21680C3151E8001F21F010001E
S315080027F021680C3141E80002002AF3D100BFE06BE2
S31508002800FEF70CFB02206063A08DE28D801A81B270
S315080028102046FFF7E6FE0EE052E0A08D40450AD1BD
S31508002820E06BC069B0F5807F05D102206063A18D99
S315080028302046FFF7D6FEF1E6FFE7A08DE18D401AA8
S315080028401FFA80F8E08DD0B3B8F1000F37D000BF7B
S3150800285000BF21680C3151E8001F21F490702168EF
S315080028600C3141E80002002AF3D100BF00BF00BFC7
S315080028702168143151E8001F21F001002168143144
S3150800288041E80002002AF3D100BF202084F8420064
S315080028900020206300BF00BF21680C3151E8001FEB
S315080028A021F0100021680C3141E80002002AF3D11A
S315080028B000BF0220606341462046FFF792FEADE660
S315080028C005F0800030B106F0800018B1204602F00D
S315080028D0BFFBA3E605F0400030B106F0400018B192
S315080028E0204602F0F0F999E600BF97E6494C000841
S315080028F010B504460CB9012010BDA06900B100E06E
S3150800290000BF94F8410028B9002084F8400020460A
S3150800291000F02AF8242084F841002068C06820F4D2
S3150800292000502168C860204602F05CFA20680069F9
S3150800293020F49040216808612068406920F02A0048
S31508002940216848612068C06840F400502168C86062
S3150800295000206064202084F8410084F842000020AA
S31508002960606300BFC8E7000010B586B004461421AE
S3150800297001A8FDF7D1FCA6492068884231D100BFDD
S3150800298000200090A348006840F40020A149086090
S315080029900846006800F40020009000BF00BF00BF92
S315080029A0002000909B481038006840F004009949C0
S315080029B0103908600846006800F00400009000BF5F
S315080029C000BF4FF44060019002200290002003905F
S315080029D0032004900820059001A98F48FEF79CFA69
S315080029E013E18E492068884255D100BF0020009027
S315080029F08848006840F480108649086008460068E0
S31508002A0000F48010009000BF00BF00BF00200090B7
S31508002A1080481038006840F004007E491039086084
S31508002A200846006800F00400009000BF00BF00BF21
S31508002A30002000900846006840F008000860084634
S31508002A40006800F00800009000BF00BF88140190DD
S31508002A50022002900020039003200490082005908D
S31508002A6001A96D48FEF758FA042001900220029049
S31508002A7000200390032004900820059001A96848C7
S31508002A80FEF74AFA002205213520FEF70DFC35200F
S31508002A90FEF7F6FBB9E06349206888423BD100BFE0
S31508002AA0002000905B48001D006840F0100059495E
S31508002AB0091D08600846006800F01000009000BF75
S31508002AC000BF00BF0020009052481038006840F050
S31508002AD001005049103908600846006800F00100F6
S31508002AE0009000BF00BF4FF4C06001900220029022
S31508002AF000200390032004900720059001A94A4866
S31508002B00FEF70AFA002205212520FEF7CDFB25202F
S31508002B10FEF7B6FB79E045492068884238D100BF00
S31508002B20002000903B48006840F4003039490860AE
S31508002B300846006800F40030009000BF00BF00BFE0
S31508002B400020009033481038006840F008003149EA
S31508002B50103908600846006800F00800009000BFB9
S31508002B6000BF6020019002200290002003900320FD
S31508002B7004900720059001A92948FEF7CDF90022FF
S31508002B8005212620FEF790FB2620FEF779FB3CE080
S31508002B9027492068884238D100BF002000901D4888
S31508002BA0006840F480201B4908600846006800F465
S31508002BB08020009000BF00BF00BF0020009015488D
S31508002BC01038006840F002001249103908600846BB
S31508002BD0006800F00200009000BF00BF4FF440609C
S31508002BE00190022002900020039003200490072001
S31508002BF0059001A90F48FEF78FF900220521272025
S31508002C00FEF752FB2720FEF73BFB06B010BD00007F
S31508002C10004C004040380240000802400050004086
S31508002C20000C024000100140000002400044004031
S31508002C30004800400004024070B504460D4616469A
S31508002C4094F8420020280BD105B10EB9012070BDB9
S31508002C500020206332462946204602F0D9F9F6E7D5
S31508002C600220F4E710B504460B492068884209D1CA
S31508002C700A48007804F060FD012208490848FFF771
S31508002C80DBFF08E007492068884204D1012206498B
S31508002C900648FFF7D1FF10BD00440040CC020020D3
S31508002CA0B443002000100140CD0200206C430020F0
S31508002CB02DE9F84F04460E46174699464FF0000A86
S31508002CC094F84100202850D106B117B90120BDE873
S31508002CD0F88F00206064212084F84100FEF71CFA72
S31508002CE08246A784E784A068B0F5805F04D120698E
S31508002CF010B90025B04602E035464FF000081EE040
S31508002D005346002280212046CDF8009002F0D0F9E3
S31508002D1020B1202084F841000320D8E745B9B8F847
S31508002D200000C0F308002168486008F1020803E0C3
S31508002D302878216848606D1CE08C401EE084E08C91
S31508002D400028DDD15346002240212046CDF80090C8
S31508002D5002F0AEF920B1202084F841000320B6E73E
S31508002D60202084F841000020B1E70220AFE710B523
S31508002D70034693F84100202813D101B10AB901206E
S31508002D8010BD19629A84DA8400205864212083F8D9
S31508002D9041001868C06840F080001C68E0600020A8
S31508002DA0EEE70220ECE70000034A0168914202D1EF
S31508002DB00021024A11707047004400407602002044
S31508002DC000BFFEE770B50446002534B1012C06D0D5
S31508002DD0022C06D0032C08D105E00B4D06E00B4D5E
S31508002DE004E00B4D02E00B4D00E070BD00BF03236D
S31508002DF0052229460848FFF75BFF40F6B830FEF77C
S31508002E0077F800BFF1E70000608E0008658E0008BD
S31508002E106A8E00086F8E0008FC43002010B52DED61
S31508002E20028BB0EE408AB0EE480A03F003FBB0EE20
S31508002E30408A2648D0ED020AB0EE600A03F0FAFA94
S31508002E40224880ED020A90ED030AD0ED000A30EE22
S31508002E50200A80ED030A90ED020A38EE400AF0EEE9
S31508002E60408AB0EE680A03F0E5FAF0EE408A1748A1
S31508002E7090ED030AD0ED010A30EE200AD0ED030AE0
S31508002E8080EE801A80ED041A90ED020AD0ED040A4D
S31508002E9000EEA80A80ED020AD0ED020AB0EE600A3A
S31508002EA003F0C8FA094880ED020A90ED040AF7EE25
S31508002EB0000A30EEC00AD0ED030A20EE200A80EDA3
S31508002EC0030A90ED020ABDEC028B10BD243D0020DA
S31508002ED09FED0A0A0A4880ED000A9FED0A0A80ED6E
S31508002EE0010A9FED090A80ED020AB7EE000A80ED95
S31508002EF0030A9FED050A80ED040A70476F12033B2B
S31508002F00243D00200AD7A33C0000000000B5D5B038
S31508002F104D4B0FCB549351AB07C3002151A803F077
S31508002F20BEFA4A490860484B10330FCB50934DAB55
S31508002F3007C300214DA803F0B2FA454908601C22D0
S31508002F404149203146A8FDF7CEF9002146A803F0ED
S31508002F50BAFA404908601C223B493C313FA8FDF7B4
S31508002F60C2F900213FA803F0AEFA3B4908601C22CB
S31508002F703549583138A8FDF7B6F9002138A803F0C5
S31508002F80A2FA364908601C222F49743131A8FDF788
S31508002F90AAF9002131A803F096FA314908601C22E3
S31508002FA0294990312AA8FDF79EF900212AA803F09D
S31508002FB08AFA2C4908601C222349AC3123A8FDF75C
S31508002FC092F9002123A803F07EFA274908601C22FB
S31508002FD01D49C8311CA8FDF786F900211CA803F075
S31508002FE072FA224908601C221749E43115A8FDF730
S31508002FF07AF9002115A803F066FA1D4908601C2213
S315080030001C490EA8FDF76FF900210EA803F05BFA1C
S31508003010194908601C2217491C3107A8FDF763F9EE
S31508003020002107A803F04FFA144908601C22114929
S3150800303038316846FDF757F90021684603F043FA28
S315080030400F49086055B000BDE48E0008C402002090
S31508003050C8020020980200209C020020A00200203E
S31508003060A4020020A8020020AC020020B002002022
S31508003070B4020020E48F0008B8020020BC02002039
S31508003080C002002000B587B0142102A8FDF744F954
S3150800309000BF002001904D48006840F010004B49E1
S315080030A008600846006800F01000019000BF00BFE5
S315080030B000BF002001900846006840F00400086040
S315080030C00846006800F00400019000BF00BF00BF7A
S315080030D0002001900846006840F020000860084675
S315080030E0006800F02000019000BF00BF00BF00206C
S315080030F001900846006840F08000086008460068AD
S3150800310000F08000019000BF00BF00BF00200190C2
S315080031100846006840F0010008600846006800F0AC
S315080031200100019000BF00BF00BF002001900846C3
S31508003130006840F0020008600846006800F00200D7
S31508003140019000BF00BF00BF00200190084600683C
S3150800315040F0080008600846006800F00800019082
S3150800316000BF00BF00220F211948FDF7CFFF00223C
S315080031704FF440411748FDF7C9FF00221F211648A2
S31508003180FDF7C4FF0F200290012003900020049051
S31508003190059002A90E48FDF7BFFE4FF44040029085
S315080031A00120039000200490059002A90948FDF724
S315080031B0B3FE1F2002900120039000200490059082
S315080031C002A90548FDF7A8FE07B000BD3038024041
S315080031D000100240000802400014024000B587B003
S315080031E01C216846FDF798F8164817490860092013
S315080031F0486000211448816040F2E731C16000212F
S31508003200016180218161FEF7ADFC08B1FDF7D2FDB1
S315080032100D48FFF71EF908B1FDF7CCFD60200090B8
S315080032200020019002900490002269460648FFF7A4
S315080032308EF808B1FDF7BEFD0348FEF7EBFF07B0B1
S3150800324000BD000000440140BC41002000B587B025
S315080032501C216846FDF760F81648174908600920DA
S31508003260486000211448816040F2E731C1600021BE
S31508003270016180218161FEF775FC08B1FDF79AFDB1
S315080032800D48FFF7E6F808B1FDF794FD60200090B9
S315080032900020019002900490002269460648FFF734
S315080032A056F808B1FDF786FD0348FEF7B3FF07B0E9
S315080032B000BD0000004801400442002000B587B068
S315080032C01C216846FDF728F81648174908600420A7
S315080032D0486000211448816040F2E731C16000214E
S315080032E0016180218161FEF73DFC08B1FDF762FDB1
S315080032F00D48FFF7AEF808B1FDF75CFD60200090B9
S315080033000020019002900490002269460648FFF7C3
S315080033101EF808B1FDF74EFD0348FEF77BFF07B020
S3150800332000BD0000001C00404C42002000B587B0DC
S315080033301C216846FCF7F0FF164817490860042068
S31508003340486000211448816040F2E731C1600021DD
S31508003350016180218161FEF705FC08B1FDF72AFDB0
S315080033600D48FFF776F808B1FDF724FD60200090B8
S315080033700020019002900490002269460648FEF754
S31508003380E6FF08B1FDF716FD0348FEF743FF07B051
S3150800339000BD0000002000409442002000B58BB01C
S315080033A0242102A8FCF7B8FF0020009001901A48D3
S315080033B01A490860002048600021184881604FF6C5
S315080033C0FF71C160002101614161816103200290A2
S315080033D00020039001200490002005900C20069000
S315080033E00020079001200890002009900C200A90E0
S315080033F002A90A48FEF79EFC08B1FDF7DBFC00208F
S315080034000090019069460548FEF752FB08B1FDF7A2
S31508003410D1FC0BB000BD0000000001409C4000201C
S3150800342000B58BB0242102A8FCF776FF0020009097
S3150800343001904FF08040194908600020486000213B
S31508003440164881604FF6FF71C160002101618161F4
S31508003450032002900020039001200490002005908C
S315080034600C20069000200790012008900020099063
S315080034700C200A9002A90948FEF75CFC08B1FDF782
S3150800348099FC00200090019069460448FEF710FB5D
S3150800349008B1FDF78FFC0BB000BD0000E44000202A
S315080034A000B58BB0242102A8FCF736FF0020009057
S315080034B001901948194908600020486000211748FA
S315080034C081604FF6FF71C1600021016181610320AF
S315080034D002900020039001200490002005900C2003
S315080034E006900020079001200890002009900C20E3
S315080034F00A9002A90948FEF71DFC08B1FDF75AFC17
S3150800350000200090019069460448FEF7D1FA08B1F8
S31508003510FDF750FC0BB000BD000400402C41002014
S3150800352000B58BB0242102A8FCF7F6FE0020009017
S315080035300190194819490860002048600021174879
S3150800354081604FF6FF71C16000210161816103202E
S3150800355002900020039001200490002005900C2082
S3150800356006900020079001200890002009900C2062
S315080035700A9002A90948FEF7DDFB08B1FDF71AFC17
S3150800358000200090019069460448FEF791FA08B1B8
S31508003590FDF710FC0BB000BD000800407441002088
S315080035A010B50B480B4908604FF4E130486000211C
S315080035B008488160C16001610C2141610021816177
S315080035C0C161FFF795F908B1FDF7F4FB10BD0000DE
S315080035D0004C0040DC42002010B50B480B4908603F
S315080035E04FF4E1304860002108488160C1600161FC
S315080035F00C21416100218161C161FFF779F908B1A8
S31508003600FDF7D8FB10BD0000005000402443002001
S3150800361010B50B480B4908604FF4E13048600021AB
S3150800362008488160C16001610C2141610021816106
S31508003630C161FFF75DF908B1FDF7BCFB10BD0000DD
S31508003640001001406C43002010B50B480B49086078
S315080036504FF4E1304860002108488160C16001618B
S315080036600C21416100218161C161FFF741F908B16F
S31508003670FDF7A0FB10BD000000440040B443002045
S3150800368010B50B480B4908604FF4E130486000213B
S3150800369008488160C16001610C2141610021816196
S315080036A0C161FFF725F908B1FDF784FB10BD0000DD
S315080036B000480040FC43002000BFFEE770B59CB000
S315080036C006461EB94FF0FF301CB070BD7022244963
S315080036D06846FCF708FE00253AE006EB4514C5EBFC
S315080036E0C5005DF820002060C5EBC500694601EB02
S315080036F080008088A080C5EBC50001EB800080684B
S31508003700A060C5EBC50001EB80008089A081C5EBF0
S31508003710C50001EB800000692061C5EBC50001EB1F
S31508003720800040696061C5EBC50001EB8000007E42
S3150800373020760020207760770120A077D4E904015D
S31508003740FEF7BCFE0021204602F08AFB681CC5B2C3
S31508003750042DC2DB012086F880000020B4E70000B3
S31508003760748E000870B504460D46164624B194F8C2
S31508003770800008B1042D02DB4FF0FF3070BD6422D3
S315080037805142304602F0D2FB064604EB451031465C
S3150800379002F066FB0020F1E770B5044604B970BD77
S315080037A0002506E004EB4510002102F059FB681CD1
S315080037B0C5B2042DF6DB00BFF1E72DE9F04104465A
S315080037C00D46164614B194F8800018B94FF0FF302C
S315080037D0BDE8F08164225142284602F0A7FB05465F
S315080037E064225142304602F0A1FB064616B9A846A5
S315080037F02F4608E0002E03DD2F466FF0090802E089
S31508003800A8466FF00907394604F1200002F028FBA4
S31508003810394604F1400002F023FB4146204602F0F7
S315080038201FFB414604F1600002F01AFB0020CFE7B7
S3150800383070B504460D46164614B194F8800010B9C2
S315080038404FF0FF3070BD64220021284602F06EFB5F
S315080038500546AEB9684241B204F1200002F000FB09
S31508003860684241B204F1400002F0FAFA29462046BD
S3150800387002F0F6FA294604F1600002F0F1FA14E0C3
S31508003880294604F1200002F0EBFA294604F140002B
S3150800389002F0E6FA684241B2204602F0E1FA6842CE
S315080038A041B204F1600002F0DBFA0020CAE700002A
S315080038B010B50248FFF702FF10BD0000F80400200B
S315080038C000BFFEE710B55148D0ED041AB0EE612AE4
S315080038D0D0ED021AB0EE611AD0ED011AF0EE610AC7
S315080038E0D0ED001AB0EE610ADFED491A494802F038
S315080038F0C9FE4948D0ED041AB0EE612AD0ED021A85
S31508003900B0EE611AD0ED011AF0EE610AD0ED001A98
S31508003910B0EE610ADFED3E1A404802F0B3FE4048B9
S31508003920D0ED041AB0EE612AD0ED021AB0EE611A93
S31508003930D0ED011AF0EE610AD0ED001AB0EE610A78
S31508003940DFED331A374802F09DFE3748D0ED041AEA
S31508003950B0EE612AD0ED021AB0EE611AD0ED011A66
S31508003960F0EE610AD0ED001AB0EE610ADFED281A12
S315080039702E4802F087FE2E48D0ED041AB0EE612AD2
S31508003980D0ED021AB0EE611AD0ED011AF0EE610A16
S31508003990D0ED001AB0EE610ADFED1D1A254802F0D7
S315080039A071FE2548D0ED041AB0EE612AD0ED021A50
S315080039B0B0EE611AD0ED011AF0EE610AD0ED001AE8
S315080039C0B0EE610ADFED121A1C4802F05BFEB2EE99
S315080039D00E0A104802F0AAFEB2EE0E0A0F4802F0CE
S315080039E0A5FEB2EE0E0A0F4802F0A0FEB2EE0E0ACF
S315080039F00E4802F09BFE9FED120A0E4802F096FE54
S31508003A009FED030A0D4802F091FE10BD000000204C
S31508003A100000000050030020640000208C030020F2
S31508003A20C8000020C80300202C0100200404002040
S31508003A309001002040040020A40100207C040020FE
S31508003A400000984210B52DED048B4C48007810B94B
S31508003A50BDEC048B10BDFCF79BFFFCF7D7FFFDF709
S31508003A6013F8FDF74FF84648D0ED030AB0EE600AA2
S31508003A70444802F057FDB0EE408A4348D0ED030AA9
S31508003A80B0EE600A414802F04DFDF0EE408A40482B
S31508003A90D0ED030AB0EE600A3E4802F043FDB0EEF0
S31508003AA0409A3D48D0ED030AB0EE600A3B4802F062
S31508003AB039FDF0EE409A3A4890ED040AB0EE401A05
S31508003AC090ED030AF0EE400AB0EE480A02F03DFD1A
S31508003AD0B0EE408A334890ED040AB0EE401A90EDF5
S31508003AE0030AF0EE400AB0EE680A02F02EFDF0EE88
S31508003AF0408A2D4890ED040AB0EE401A90ED030A6C
S31508003B00F0EE400AB0EE490A02F01FFDB0EE409A08
S31508003B10264890ED040AB0EE401A90ED030AF0EE3E
S31508003B20400AB0EE690A02F010FDF0EE409ABDEECA
S31508003B30C80A10EE100A42B200211D48FFF712FE0D
S31508003B40BDEEE80A10EE100A42B201211848FFF746
S31508003B5009FEBDEEC90A10EE100A42B20221144847
S31508003B60FFF700FEBDEEE90A10EE100A42B2032185
S31508003B700F48FFF7F7FD00BF6AE70000B80100200D
S31508003B80B804002050030020C80400208C0300203D
S31508003B90D8040020C8030020E804002004040020FC
S31508003BA00000002064000020C80000202C0100202E
S31508003BB0F80400202DE9F0432DED028B81B006466E
S31508003BC0B0EE408A444890F8B2540024FDF7A4FAAF
S31508003BD08146092E5DD2DFE806F0050A141D5C2F22
S31508003BE03D4A4F002046641C0DF8005056E04FF041
S31508003BF0FF31284602F064FA2146641C0DF80100DC
S31508003C004CE00121284602F05BFA2146641C0DF8B7
S31508003C10010043E04FF0FF31284602F051FA2146F1
S31508003C20641C0DF801000121284602F049FA2146D4
S31508003C30641C0DF8010031E04FF0FF31284602F010
S31508003C403FFA2146641C0DF801002046641C0DF855
S31508003C50005023E00121284602F032FA2146641C6E
S31508003C600DF801002046641C0DF8005016E02046A9
S31508003C70641C0DF8005011E018A1274802F0BDFB9E
S31508003C800221284602F01CFA2146641C0DF80100A0
S31508003C9004E02046641C0DF8005000BF00BF002752
S31508003CA016E01DF807802A464146304602F0D0FA4B
S31508003CB068B1082E05D1404601B0BDEC028BBDE8BF
S31508003CC0F083404602F0FAFA08B94046F4E77F1C4A
S31508003CD0A742E6DB2846EFE77C0500205B44454221
S31508003CE055475D204465616420656E64206465748B
S31508003CF065637465642028665F63726F73733D3805
S31508003D00292C20707265706172696E6720552D7452
S31508003D1075726E0A00000000DC42002010B540F201
S31508003D20E4511F48FCF7F8FA18211E48FCF7F4FA84
S31508003D300A201B4981F8E00581F8E105084690F854
S31508003D40E00540B281F8B004084690F8E10541B2B2
S31508003D50134880F8B114002180F8B214012190F9B3
S31508003D60B104C0EB00100E4A02EB800092F9B024B1
S31508003D7002EB420281540120094981F8E20500203C
S31508003D800849087048704FF4FA700881044890F999
S31508003D90B12490F9B01404A001F098FB10BD0000FE
S31508003DA07C050020600B00205B50617468506C61D4
S31508003DB06E6E696E675D20496E697469616C697AB1
S31508003DC06564206174202825642C2564290A00006E
S31508003DD0F0B52DED068B85B00446082C07DB274683
S31508003DE008243A46F1A1FD4802F007FB00BF002669
S31508003DF0FB480078052843D2DFE800F00343F8F7CC
S31508003E00F6000120F7490870F74890ED000A01F01E
S31508003E101DFA042C34D0072C32D0002C30D0F248AE
S31508003E2090ED000ADFEDF10A30EE600A10EE101A86
S31508003E300846FCF706FB41EC190BB0EE490AF0EE12
S31508003E40690A01F0A3FBB0EE408AF0EE608A9FEDA6
S31508003E50E80B53EC102B51EC180BFCF705FB0FD2B3
S31508003E60204602F039F938B10120DD490870E2A18F
S31508003E70DA4802F0C2FA03E0EEA1D84802F0BDFA29
S31508003E8058E3D9480068FCF7DCFA41EC180B8DEDCD
S31508003E90008B2246F4A1D14802F0AFFAD24890ED41
S31508003EA0000A2046FFF786FE0546062C32D1F94859
S31508003EB090F8B204A8422DD1F749C84802F09DFAF5
S31508003EC00020C84908700F220021F448FFF74AFC71
S31508003ED00F220121F148FFF745FC0F220221EF4886
S31508003EE0FFF740FC0F220321EC48FFF73BFCC820F4
S31508003EF0FCF7FEFFEA49B94802F07FFA0120B94902
S31508003F000870FFF7DFFC0A20FCF7F2FF0020B4492F
S31508003F1008700FE3DF4890F8B204A84268D0DD497C
S31508003F2091F8B214691A081DC11700EB917189102E
S31508003F30A0EB81014FB2032F24D1DAA1A74802F0E2
S31508003F405CFA0020A74908700F220021D348FFF722
S31508003F5009FC0F220121D148FFF704FC0F22022198
S31508003F60CE48FFF7FFFB0F220321CC48FFF7FAFBE9
S31508003F704B20FCF7BDFF9620FCF7BAFFD6A1974861
S31508003F8002F03BFADFA1954802F037FA002095497E
S31508003F9008700A220021C148FFF7E4FB0A22012122
S31508003FA0BE48FFF7DFFB0A220221BC48FFF7DAFB0F
S31508003FB00A220321B948FFF7D5FB4FF49670FCF7A0
S31508003FC097FF012087490870FFF77CFC0A20FCF759
S31508003FD08FFF834845700220814908702A46D7A179
S31508003FE07E4802F00AFA0EE08CE2F4E10CE0FFE704
S31508003FF001207C490870FFF765FC0A20FCF778FF6A
S3150800400000207749087095E2002076490870CE4866
S3150800401090ED000A724880ED030A024651789D4ADF
S3150800402092F8B20401F08EFF6D4890ED050A10EE85
S31508004030101A0846FCF705FA41EC180B684890ED8B
S31508004040040A10EE101A0846FCF7FBF941EC190BA6
S31508004050BD480068FCF7F5F941EC1A0B8DED028BAB
S315080040608DED009B53EC1A2BB8A15C4802F0C5F9FC
S315080040705B4890ED040ADFEDC50A30EE600A10EEE3
S31508004080101A0846FCF7DDF941EC190BB0EE490A9F
S31508004090F0EE690A01F07AFAB0EE408AF0EE608A2C
S315080040A09FEDBB0B53EC102B51EC180BFCF7DCF90E
S315080040B001D2002688E14A4890ED040ADFEDB60AE7
S315080040C030EE600A10EE101A0846FCF7BAF941EC11
S315080040D0190BB0EE490AF0EE690A01F057FAB0EE8C
S315080040E0408AF0EE608A9FEDAA0B53EC102B51EC38
S315080040F0180BFCF7B9F901D2022665E1384890EDAC
S31508004100040ADFEDA60A30EE600A10EE101A084619
S31508004110FCF797F941EC190BB0EE490AF0EE690A7B
S3150800412001F034FAB0EE408AF0EE608A9FED980B03
S3150800413053EC102B51EC180BFCF796F901D201261B
S3150800414042E1274890ED040ADFED950A30EE600A51
S3150800415010EE101A0846FCF774F941EC190BB0EE8C
S31508004160490AF0EE690A01F011FAB0EE408AF0EE5B
S31508004170608A9FED870B53EC102B51EC180BFCF75C
S3150800418073F912D3164890ED040ADFED860A30EE6D
S31508004190600A10EE101A0846FCF753F941EC190BA1
S315080041A0B0EE490AF0EE690AFEE00CE15B444542CE
S315080041B055475D20665F63726F73733D25642063A0
S315080041C06F6E76657274656420746F203820286473
S315080041D065616420656E64290A000000DC420020DF
S315080041E0600B0020B80100208402002000009842DD
S315080041F00000000000002E405B44454255475D2004
S3150800420043726F73732064657465637465642061B3
S315080042106E6420737461626C652C20656E746572B9
S31508004220696E672041545F43524F5353207374613C
S3150800423074650A005B44454255475D2043726F73B7
S31508004240732064657465637465642062757420758B
S315080042506E737461626C652C2077616974696E6728
S315080042602E2E2E0A000000005B44454255475D206D
S3150800427041742063726F73733A20665F63726F735B
S31508004280733D25642C20665F72686F3D252E326665
S315080042900A0000007C050020EC900008F8040020C5
S315080042A0509000085B44454255475D204C6566744E
S315080042B0207475726E2064657465637465642C2059
S315080042C074616B696E672032206578747261207339
S315080042D0746570730A0000005B44454255475D20CB
S315080042E04C656674207475726E20657874726120E8
S315080042F0737465707320636F6D706C657465640A9A
S31508004300000000005B44454255475D205072652D0C
S315080043107475726E2064656C61793A20636F6E7489
S31508004320696E75696E67207374726169676874204F
S31508004330666F72203330306D730A00006E657874CC
S315080043405F6469723A256400800200205B44454236
S3150800435055475D205475726E696E673A20665F79B7
S3150800436061773D252E32662C207461726765745F0D
S315080043707961773D252E32662C207475726E5F74CE
S3150800438061726765743D252E32660A0000000000DA
S31508004390000000A09999B93F0000B4C20000B442D9
S315080043A0000034C30000344301F0F0F8B0EE408A50
S315080043B0F0EE608A1FED0A0B53EC102B51EC180B2C
S315080043C0FCF752F800D20326304600F0EDFF032032
S315080043D05B490870AEE05A4890ED050A10EE101ACF
S315080043E00846FCF72EF841EC180B554890ED040AE0
S315080043F010EE101A0846FCF724F841EC190B514840
S315080044000068FCF71EF841EC1A0B8DED028B8DED5A
S31508004410009B53EC1A2BAFF2CC014B4801F0EDFF91
S31508004420474890ED050AF0EE400A464890ED000A26
S3150800443001F054FD10EE107A3846FCF702F841EC0C
S31508004440180BB0EE480AF0EE680A01F09FF8B0EED5
S31508004450409AF0EE609A9FED3D0B53EC102B51EC11
S31508004460190BFCF701F84CD83A48FFF795F9C8201C
S31508004470FCF73EFD0A2200213648FFF773F90A22A7
S3150800448001213448FFF76EF90A2202213148FFF765
S3150800449069F90A2203212F48FFF764F9C820FCF7B7
S315080044A027FD0F2200212B48FFF75CF90F22012177
S315080044B02848FFF757F90F2202212648FFF752F935
S315080044C00F2203212348FFF74DF9C820FCF710FDFA
S315080044D01B49487800F066F8002019490870FF2043
S315080044E01D49087000204860087201201B490870A1
S315080044F0FFF7E8F90A20FCF7FBFC19A1124801F0BE
S315080045007CFF17E00020154908701FED600A214856
S3150800451002F02AF91FED630A1F4802F025F91FED7C
S31508004520650A1E4802F020F91FED680A1C4802F0C9
S315080045301BF900BF00BF05B0BDEC068BF0BD00003F
S31508004540600B002080020020DC42002000000000F2
S3150800455000001440F8040020780B0020B801002061
S315080045605B44454255475D205475726E20636F6DF6
S31508004570706C657465642C2072657475726E696EEC
S315080045806720746F20666F6C6C6F77206C696E6538
S315080045900A000000500300208C030020C8030020F6
S315080045A004040020F8B504460120A040C6B24948D4
S315080045B090F9B104C0EB0010464901EB800091F96F
S315080045C0B01401EB4101084440783043414991F960
S315080045D0B114C1EB01113F4A02EB810192F9B024F3
S315080045E002EB42021144487034B1012C0DD0022C62
S315080045F014D0032C24D11AE0364890F8B104401E92
S3150800460041B2344880F8B1141AE0324890F8B00440
S31508004610401C40B22F4981F8B00411E02D4890F8AB
S31508004620B104401C41B22B4880F8B11408E029486F
S3150800463090F8B004401E40B2264981F8B00400BF85
S3150800464000BF244880F8B24490F8DF05632815DADD
S31508004650204890F8DF1590F8DF05401CC2B21D48C7
S3150800466080F8DF2501EB410100F2B3400144194807
S31508004670B0F8B0240A8090F8B20488700120A040EF
S31508004680C5B2144890F9B104C0EB0010114901EB0A
S31508004690800091F9B01401EB4101405C28430D49B3
S315080046A091F9B114C1EB01110A4A02EB810192F9A1
S315080046B0B02402EB42028854064890F8B2040090EF
S315080046C0044890F9B13490F9B02403A10C4801F0DC
S315080046D094FEF8BD7C0500205B506F736974696FA2
S315080046E06E5D204D6F76656420746F202825642CD6
S315080046F025642920666163696E672025640A0000BF
S31508004700DC42002070B52DED048B1348007800B309
S3150800471012480078032817DB11484478807845B298
S315080047202046FBF77DFE41EC190B9FED0E0B53EC73
S31508004730102BFBF703FE41EC180BFBF7C5FE0B49E4
S3150800474008600B490D7000BF002003490870034933
S315080047500870BDEC048B70BD8E0200208D0200200F
S315080047609C3D0020000000000000F03F840200206D
S315080047708802002000BF012210210748FCF7C6FC6A
S31508004780FA2001F07BFE002210210348FCF7BEFC4C
S31508004790FA2001F073FEEEE7001402402DED028BBD
S315080047A082B000BF154890ED030A1548D0ED030AFC
S315080047B030EE200A1348D0ED030A30EE200A1248DC
S315080047C0D0ED030A30EE200AF1EE000A80EE201A38
S315080047D0BDEEC10A10EE104A0C480068FBF731FE20
S315080047E041EC180B53EC182B09A10B48009401F067
S315080047F004FE642001F042FED4E70000B80400205D
S31508004800C8040020D8040020E80400208002002004
S315080048102325662C25642400DC42002000BF00F016
S31508004820A5FC052001F02AFEF9E700BFFCF7ACFA63
S315080048300A2001F023FEF9E700BFFFF703F9052078
S3150800484001F01CFEF9E700BFFFF75CFF052001F049
S3150800485015FEF9E700BF04480078FFF7B9FA0A2001
S3150800486001F00CFEF7E700008802002010B500BF33
S31508004870502080F31188BFF34F8FBFF36F8F00BFAF
S3150800488004F044F818B14FF080500449086000BF9E
S31508004890002080F3118800BF10BD000004ED00E081
S315080048A000B593B0302107A8FBF736FD142102A8FE
S315080048B0FBF732FD00BF002001902548006840F054
S315080048C08050234908600846006800F0805001902F
S315080048D000BF00BF00BF002001901E48006840F4DA
S315080048E080401C4908600846006800F48040019032
S315080048F000BF00BF0220079001200A9010200B90ED
S3150800490002200D9000210E9108210F91A8211091E7
S31508004910022111910421129107A8FCF779FE08B12A
S31508004920FCF748FA0F20029002200390002004901A
S315080049304FF4A05005904FF480500690052102A828
S31508004940FCF704FD08B1FCF735FA13B000BD00000A
S3150800495040380240007000400348006840F4700088
S31508004960014908607047000088ED00E010B502486C
S31508004970FDF799FB10BD00005440002010B50268F1
S315080049802B4B98420ED0B0F1804F0BD0294B984252
S3150800499008D0294B984205D0284B984202D0284B7C
S315080049A0984203D122F070024B681A43204B984272
S315080049B020D0B0F1804F1DD01E4B98421AD01E4B06
S315080049C0984217D01D4B984214D01D4B984211D0CF
S315080049D01C4B98420ED01C4B98420BD01B4B98424E
S315080049E008D01B4B984205D01A4B984202D01A4B56
S315080049F0984203D122F44072CB681A4322F080030E
S31508004A004C6943EA04028B68C3620B688362084BED
S31508004A10984202D00A4B984201D10B690363036896
S31508004A2043F00403036001234361026010BD0000E4
S31508004A30000001400004004000080040000C00404F
S31508004A400004014000400140004401400048014084
S31508004A5000180040001C00400020004030B501F05E
S31508004A601F05012404FA05F3046A9C430462046AD8
S31508004A7001F01F0502FA05F52C43046230BD00005B
S31508004A8030B5026A056A25F001050562436884693E
S31508004A9024F0700424F003040D682C4322F002026B
S31508004AA08D682A43104DA84200D103E00F4DA84255
S31508004AB006D100BF22F00802CD682A4322F004027C
S31508004AC0094DA84202D0094DA84207D123F48073A4
S31508004AD023F400734D692B438D692B43436084612E
S31508004AE04D684563026230BD000001400004014084
S31508004AF030B5026A056A25F01005056243688469BF
S31508004B0024F4E04424F440740D6844EA052422F0B1
S31508004B1020028D6842EA0512124DA84200D103E030
S31508004B20114DA84207D100BF22F08002CD6842EAA3
S31508004B30051222F040020B4DA84202D00A4DA842A7
S31508004B4009D123F4806323F400634D6943EA85039E
S31508004B508D6943EA8503436084614D688563026213
S31508004B6030BD0000000001400004014030B5026A73
S31508004B70056A25F4807505624368C46924F07004E3
S31508004B8024F003040D682C4322F400728D6842EA6F
S31508004B900522124DA84200D103E0114DA84207D1C3
S31508004BA000BF22F40062CD6842EA052222F4806240
S31508004BB00A4DA84202D00A4DA84209D123F48053CF
S31508004BC023F400534D6943EA05138D6943EA051337
S31508004BD04360C4614D68C563026230BD0000014090
S31508004BE00004014030B5036A056A25F4805505625C
S31508004BF04468C26922F4E04222F440720D6842EA2F
S31508004C00052223F400538D6843EA0533084DA8426C
S31508004C1002D0084DA84204D124F480444D6944EAE0
S31508004C2085144460C2614D680564036230BD0000A6
S31508004C30000001400004014010B50248FDF7D4FC0D
S31508004C4010BD00002443002070B50446A56B002063
S31508004C50E8852846FDF7C6FC70BD00BF00BF0268A0
S31508004C600C3252E8002F22F4907102680C3242E8A6
S31508004C700013002BF3D100BF00BF00BF0268143237
S31508004C8052E8002F22F001010268143242E80013AC
S31508004C90002BF3D100BF016B01290ED100BF00BF65
S31508004CA002680C3252E8002F22F0100102680C321A
S31508004CB042E80013002BF3D100BF202180F84210F0
S31508004CC000210163704710B504462068C06820F0CB
S31508004CD040002168C860202084F841002046FEF77D
S31508004CE063F8002010BDF8B504460025002694F8A0
S31508004CF04200222873D1A068B0F5805F0BD12069E5
S31508004D0048B9A66A20684068C0F308003080A06ADF
S31508004D10801CA06214E0A56AA068B0F5805F03D085
S31508004D20A06828B9206918B920684068287004E086
S31508004D302068406800F07F002870A06A401CA062C6
S31508004D40E08D401E80B2E085002846D12068C06804
S31508004D5020F020002168C8602068C06820F48070B0
S31508004D602168C8602068406920F001002168486110
S31508004D70202084F8420000206063206B012826D199
S31508004D800020206300BF00BF21680C3151E8001FD6
S31508004D9021F0100021680C3141E80002002AF3D105
S31508004DA000BF2068006800F0100010280AD100BF74
S31508004DB000200090206800680090206840680090F5
S31508004DC000BF00BFA18D2046FDF70BFC02E0204680
S31508004DD0FDF748FF0020F8BD01E00020FBE70220B0
S31508004DE0F9E700002DE9F84F04462068006920F429
S31508004DF04050E1680843216808612169A0680843B2
S31508004E0061690843E169084300902068C06849F26F
S31508004E100C618843009908432168C8602068406986
S31508004E2020F44070A16908432168486176492068E2
S31508004E30884203D075492068884203D1FCF780FB75
S31508004E40814602E0FCF76CFB8146E069B0F5004F4D
S31508004E506CD102206168A0FB015003461920A9FB0A
S31508004E60007001462A463846FBF70CFA6421B0FB67
S31508004E70F1F04FEA001A02206168A0FB01510B46C7
S31508004E801920A9FB00712A463846FBF7FBF9834629
S31508004E9002206168A0FB015003461920A9FB007196
S31508004EA02A463846FBF7EEF96421B0FBF1F000EB31
S31508004EB0C00101EB0010ABEB8000322101EBC00012
S31508004EC06421B0FBF1F000F0F8000AEB400A02207A
S31508004ED06168A0FB015003461920A9FB0070014632
S31508004EE02A463846FBF7CEF9834602206168A0FBBE
S31508004EF0015003461920A9FB00712A463846FBF7DC
S31508004F00C1F96421B0FBF1F000EBC00101EB001020
S31508004F10ABEB8000322101EBC0006421B0FBF1F05D
S31508004F2000F007005044216888606AE00420616840
S31508004F30A0FB015003461920A9FB007001462A462A
S31508004F403846FBF79FF9824604206168A0FB0150AA
S31508004F5003461920A9FB007001462A463846FBF786
S31508004F6091F96421B0FBF1F000EBC00101EB0010F0
S31508004F70AAEB8000322101EB00106421B0FBF1F0AE
S31508004F8000F0F00A04206168A0FB017003461920AE
S31508004F90A9FB00513A462846FBF774F96421B0FB91
S31508004FA0F1F00AEB001A04206168A0FB01510B46D8
S31508004FB01920A9FB00712A463846FBF763F9834690
S31508004FC004206168A0FB015003461920A9FB007064
S31508004FD001462A463846FBF755F96421B0FBF1F03D
S31508004FE000EBC00101EB0010ABEB8000322101EBB6
S31508004FF000106421B0FBF1F000F00F005044216866
S315080050008860BDE8F88F00000010014000140140D8
S3150800501010B5034699629A85DA85002058642220DD
S3150800502083F84200186928B11868C06840F480708F
S315080050301C68E0601868406940F001001C686061FF
S315080050401868C06840F020001C68E060002010BDA9
S31508005050014691F84100212828D18868B0F5805F7B
S315080050600BD1086948B90A6A1088C0F308000B68AA
S315080050705860086A801C086205E00B6A581C0862BA
S3150800508018780B685860C88C401E80B2C88458B916
S315080050900868C06820F080000B68D8600868C06897
S315080050A040F040000B68D860002070470220FCE7FB
S315080050B02DE9F84304460D4617469846089E31E002
S315080050C0701C70B3FCF728F8A0EB0800B04200D8B3
S315080050D016B90320BDE8F8832068C06800F004000C
S315080050E0F8B1802D1ED0402D1CD020680068C0F372
S315080050F0C000B0B100BF0020009020680068009092
S3150800510020684068009000BF00BF2046FFF7A5FD55
S315080051100820606400BF002084F8400000BF01201A
S31508005120D8E7FFE7206800682840A84201D1012097
S3150800513000E00020B842C3D00020CBE710B50248F3
S31508005140FDF752FA10BD00006C43002010B5024866
S31508005150FDF74AFA10BD0000B443002010B5024816
S31508005160FDF742FA10BD0000FC43002010B52DEDF6
S31508005170048B2D480078002852D02C4800780A283D
S3150800518049DB2B4880782A49C97840EA012000B2D1
S3150800519009EE100A264800792549497940EA01208E
S315080051A000B208EE100A224880792149C97940EAF6
S315080051B0012000B208EE900AF8EEC90A9FED1D1A02
S315080051C080EE810ADFED1C0A20EE200A1B4880EDDE
S315080051D0000AF8EEC80A9FED171A80EE810ADFED7D
S315080051E0160A20EE200A164880ED000AF8EEE80AAC
S315080051F09FED101A80EE810ADFED0F0A20EE200AD5
S31508005200104880ED000A90ED000AFDF707FE0D48EC
S3150800521080ED000A00BF00200349087003490870A2
S31508005220BDEC048B10BD00008B0200208A02002012
S31508005230383D002000000047000034437802002073
S315080052407C0200208002002000BFFEE710B52DED8D
S31508005250028BB0EE408A0024B0EE480A244801F0DA
S3150800526061F9BDEEC00A10EE104A224890ED040A14
S31508005270B0EE401A90ED030AF0EE400A00EE104A2E
S31508005280B8EEC00A01F061F9BDEEC00A10EE104A88
S3150800529004F10F0000EE900AF8EEE00AB0EE600A9C
S315080052A0154801F061FAC4F10F0000EE900AF8EE15
S315080052B0E00AB0EE600A114801F056FAC4F10F0090
S315080052C000EE900AF8EEE00AB0EE600A0C4801F02B
S315080052D04BFA04F10F0000EE900AF8EEE00AB0EE81
S315080052E0600A084801F040FABDEC028B10BD0000C8
S315080052F04004002090010020500300208C03002069
S31508005300C803002004040020002400BF2046611CB6
S31508005310CCB2052807DD2248007820B900240120F0
S315080053201F4908700CE02046611CCCB2052807DD31
S315080053301B480078012803D1002019490870002469
S315080053401748007801281CD1012204211548FBF7CB
S31508005350DDFE012208211348FBF7D8FE4FF4FA7048
S3150800536001F08CF8002204210E48FBF7CFFE00223C
S3150800537008210C48FBF7CAFE4FF4FA7001F07EF8D4
S31508005380C4E7012204210748FBF7C0FE01220821D1
S315080053900448FBF7BBFE4FF47A7001F06FF8B5E7E7
S315080053A0950200200010024010B5044634B1012CC5
S315080053B00CD0022C15D0032C27D11CE01848FEF778
S315080053C0EBF918A11F4801F018F826E06FF0630200
S315080053D00F211348FEF7F1F91BA11A4801F00DF841
S315080053E01BE064220F210E48FEF7E7F91DA11548B8
S315080053F001F003F811E001221E210948FEF718FA08
S315080054001FA1104800F0F9FF07E00548FEF7C4F9A8
S3150800541023A10C4800F0F1FF00BF00BF10BD00003B
S31508005420F80400205B44454255475D205941573AE8
S31508005430204E6F207475726E2C2073746F707069AD
S315080054406E670A00DC4200205B44454255475D20F2
S315080054505941573A205475726E696E67206C6566B5
S31508005460740A00005B44454255475D205941573A46
S31508005470205475726E696E672072696768740A00CF
S315080054805B44454255475D205941573A20552D748E
S3150800549075726E20737461727465640A0000000088
S315080054A05B44454255475D205941573A20556E6B36
S315080054B06E6F776E207475726E20747970652C2005
S315080054C073746F7070696E670A0000000FB4054B3D
S315080054D010B503A9044A029800F034F910BC5DF827
S315080054E014FB0000A56000084C0300200FB47CB52F
S315080054F00C0009AD01D0611E00E00021CDE90001D4
S31508005500064B6A462946089800F01CF9002C02D07A
S31508005510009A002111707CBC5DF814FB4B5E0008F4
S315080055207CB50C001D461646014601D0601E00E0FB
S315080055300020CDE90010064B6A462946304600F0A1
S3150800554001F9002C02D0009A002111707CBD0000E0
S315080055504B5E000802480068C0F30220704700004E
S315080055600CED00E010B5002804DB0A07130E054A07
S31508005570135406E00A07140E034A00F00F031B1F14
S31508005580D45410BD00E400E018ED00E02DED020B48
S31508005590019820F0004001909DED000B02B0704785
S315080055A002E008C8121F08C1002AFAD170477047DE
S315080055B0002001E001C1121F002AFBD1704700003C
S315080055C02DE9FF5F82B00021DDE90430020DDDF828
S315080055D040B0034318D044F61050A2F2FF324243BB
S315080055E01514119801281FD0A5EB0B00401C5FEA83
S315080055F0000A4FF000064E4FDFF83891B046504685
S3150800560015D5CAF1000413E0119801244AA301280C
S3150800561001D16FEA0B010298119AC0E90031C0E97D
S31508005620024206B0BDE8F09FCBF10000DFE7044672
S315080056300021404A491842EB0450CDE9001012E017
S31508005640E00707D032463B4640464946FAF776FE1B
S315080056508046894632463B4610461946FAF76EFE9C
S3150800566006460F466410002CEAD1DDE90401DDE99F
S315080056700023BAF1000F06DAFAF760FE42464B46F7
S31508005680FAF75CFE05E0FBF7ABF842464B46FBF73C
S31508005690A7F804460E460022284BFAF7FDFE03D863
S315080056A04FF0FF30014607E00022254B20463146E1
S315080056B0FAF7EFFFFBF703F9102409E0002C0ADBE1
S315080056C00A220023FAF7DEFD039B30321A55641EC0
S315080056D050EA0102F2D1641C039AC4F1110314447E
S315080056E0119A012A03D0012208430DD10AE0084382
S315080056F004D000204FF0110B119072E7A3EB0B05B5
S315080057006D1E0DE05B4504DD4FF0000205F1010555
S3150800571004E003DA4FF00002A5F10105002AECD0F7
S3150800572002981199C0E90231C0E9004579E70000FD
S31508005730000014400000F03F300000000000F04375
S315080057400000E03F2DE9FF4F95B09A468846064689
S315080057500025EEE1252877D100242746F94A0121BC
S31508005760039400E0044316F8013F203B01FA03F0D6
S315080057701042F7D130782A2811D06FF02F033078ED
S31508005780A0F13002092A16D8039A44F0020402EB63
S31508005790820203EB42021044761C0390EFE758F8A6
S315080057A0042B0392002A03DA504244F4005403906F
S315080057B044F00204761C30782E2816D116F8010F0C
S315080057C044F004042A280DD06FF02F023078A0F197
S315080057D03003092B09D807EB870302EB4303C718E5
S315080057E0761CF3E758F8047B761C30786C280FD0C3
S315080057F006DC4C2817D068280DD06A2814D104E096
S31508005800742810D07A280FD10DE044F400140AE069
S3150800581044F4801401E044F440147278824202D1C0
S3150800582004F58014761C761C307866280BD013DCB9
S31508005830582877D009DC002875D04528F6D04628A0
S31508005840F4D047281AD193E118E0632835D06428A4
S3150800585079D0652812D18BE1702873D008DC6728C7
S31508005860F1D069286FD06E280DD06F2806D1ACE02C
S3150800587073282CD0752874D0782853D05246179997
S3150800588090476D1C54E1C4F30250022809D003283E
S315080058900DD0D8F8001004280DD00D6008F10408C2
S315080058A046E1D8F80010EA17C1E90052F6E7D8F839
S315080058B000100D80F2E70D70F0E718F8041B8DF85C
S315080058C0001000208DF80100EB46012003E058F88F
S315080058D004BB4FF0FF3061074FF0000102D40DE022
S315080058E009F101018946B9420FDA8145F8DB1BF84F
S315080058F009100029F4D108E009F10101894681421D
S31508005900FADB1BF809100029F6D103985346A0EBD9
S31508005910090721463846179A00F080FA284400EB12
S31508005920090507E044E008E10DE01BF8010B5246C3
S3150800593017999047B9F10109F7D2534621463846D7
S31508005940179AF2E039E00A21C4F302524FF0000B2D
S315080059500091022A06D058F8040BC117032A09D069
S315080059600AE023E008F1070020F00702F2E8020146
S31508005970904605E000B2C117042A01D140B2C1170A
S31508005980002906DA0A460021404261EB02012D226F
S3150800599002E0220504D52B228DF80420012203E01B
S315080059A0E20701D02022F7E7914657E00A2100E0F6
S315080059B010214FF0000B00910BE010214FF0000B67
S315080059C044F004040827009103E008204FF0000B78
S315080059D00090C4F30252022A05D058F8040B00219D
S315080059E0032A08D008E008F1070020F00702F2E8C9
S315080059F00201904603E080B2042A00D1C0B24FF0FB
S31508005A00000922072AD53278702A07D0DDF800C0A7
S31508005A108CF0100C5CEA0B0C05D00EE040228DF8D9
S31508005A200420012208E050EA010306D030238DF84D
S31508005A3004308DF8052002229146009B83F0080366
S31508005A4053EA0B030AD150EA010201D1620705D5D0
S31508005A5030228DF804204FF001097F1E3278582A2B
S31508005A6004D039A20C920CAA02920BE03BA2F9E7E9
S31508005A705B46009AFAF706FC0C9B9B5C029A521E40
S31508005A800292137050EA0102F2D1029804A9081A88
S31508005A9000F1200B600702D524F4803400E00127CA
S31508005AA05F4502DDA7EB0B0000E0002000EB0B01D1
S31508005AB0009003984944401A0390E00306D45346DD
S31508005AC02146179A039800F0A9F90544002706E02D
S31508005AD001A85246C05D179990476D1C7F1C4F451B
S31508005AE0F6DBE0030CD553462146179A039800F0D7
S31508005AF095F9054404E030205246179990476D1CE5
S31508005B000099481E00900029F5DC08E002980299E1
S31508005B1052460078491C0291179990476D1CBBF1B3
S31508005B200001ABF1010BF1DC5BE100F065F905441E
S31508005B30761C307800287FF40DAE19B02846BDE8EB
S31508005B40F08F0000092801003031323334353637FA
S31508005B5038396162636465660000000030313233AB
S31508005B60343536373839414243444546000000004B
S31508005B70600700D4062708F1070020F00700F0E8C0
S31508005B800223804603F0004C5FEA0C0001D097A080
S31508005B9009E0200501D596A005E0E00701D095A00B
S31508005BA001E0AFF24C001390307823F000436528EB
S31508005BB00CD006DC452809D046281DD047287FD1B9
S31508005BC03BE0662818D067287AD136E00021112FE5
S31508005BD001DB112000E0781CCDE9000104A90CA81E
S31508005BE0FFF7EEFCDDE90D010C9A4FF0000B07F10B
S31508005BF00109109200914EE04FF000400097CDE960
S31508005C00011004A90CA8FFF7DBFCDDE90D020C9BCB
S31508005C100F994FF0000B91461093009211B9791C19
S31508005C2000EB0109B7EB090003D4C0F1FF3B07F10C
S31508005C300109A9EB0700019042E0012F00DA0127CC
S31508005C400021112F01DD112000E03846CDE90001C1
S31508005C5004A90CA8FFF7B4FCDDE90D010C9A009124
S31508005C604FF0000BB946109221070FD4009A4A4507
S31508005C7003DA914601E0A9F10109B9F1010F05DD41
S31508005C80109AA9F10101515C3029F4D0B84202DA20
S31508005C9010F1040F03DA0121CDE9011010E0002804
S31508005CA003DC8344A9EB000102E0411C494500DD01
S31508005CB08946A0EB0B00401C01904FF00040029073
S31508005CC0200705D40198484502DB4FF0FF300190C4
S31508005CD000208DF84B0002980DF14B07B0F1004FEC
S31508005CE025D002200C902B200D90029800280CDA63
S31508005CF0404202902D200D9007E00A210298FAF7FB
S31508005D00FFFB3031029007F8011D0C99481E0C90D4
S31508005D100029F2DC02980028EFD1791E0D98087048
S31508005D20307800F0200040F0450007F8020D11A871
S31508005D30C01BC01D02901398007800B1012000EB2B
S31508005D400901019801EBE071029801440398401A91
S31508005D50401E0390E00306D453462146179A03983B
S31508005D6000F05CF805441398007818B15246179964
S31508005D7090476D1CE00323D553462146179A03988E
S31508005D8000F04CF805441BE0BBF1000F07DB009858
S31508005D90584504DD1098179910F80B0001E017997B
S31508005DA030205246904701980BF1010B401E05F131
S31508005DB00105019004D12E205246179990476D1C73
S31508005DC0B9F10001A9F10109DEDC05E017F8010BBC
S31508005DD05246179990476D1C0299481E0290002951
S31508005DE0F4DC53462146179A03989EE62D000000D8
S31508005DF02B000000200000002DE9F0410446002594
S31508005E001E461746880404D405E039462020B047C4
S31508005E106D1C641EF9D52846BDE8F0812DE9F041D0
S31508005E20044600251E469046C80301D5302700E0E3
S31508005E302027880404D505E041463846B0476D1C3E
S31508005E40641EF9D52846BDE8F0814A68002A06D0BE
S31508005E500A68531C0B6010704868401E48607047FB
S31508005E602DE9F04104460D460CB1A07F08B9BDE8FE
S31508005E70F081207E08B1684200E0284646B22577C0
S31508005E8045B90021204601F011FC0021204601F009
S31508005E903AFC21E0002E0FDD0121204601F006FC28
S31508005EA04FF47A707043642190FBF1F087B239465B
S31508005EB0204601F028FC0FE00221204601F0F6FBFF
S31508005EC070424FF47A714843642190FBF1F087B22F
S31508005ED03946204601F017FC00BFC8E7B0EE401A65
S31508005EE070EEC11AB0EE610ADFED0D1AB4EEE10AE2
S31508005EF0F1EE10FA06DDDFED0B1A70EE611AB0EE60
S31508005F00610A0CE0DFED081AB4EEE10AF1EE10FAC8
S31508005F1005D2DFED041A70EE211AB0EE610A704759
S31508005F20000034430000B443000034C303468B42E8
S31508005F3001DA08467047934201DD1046FAE718462B
S31508005F40F8E7000070B52DED068B86B004460D46C1
S31508005F504A4890ED000AB0EE408A291B081DC11771
S31508005F6000EB91718910A0EB81014EB236B1012E7A
S31508005F700CD0022E16D0032E2CD11FE09FED400A1E
S31508005F80404880ED040A80ED058A2BE09FED3E0A25
S31508005F903C4880ED040A9FED3D0A38EE400A80ED44
S31508005FA0050A1FE09FED3A0A364880ED040A9FED80
S31508005FB0380A38EE000A80ED050A13E09FED330A29
S31508005FC0304880ED040A9FED310A38EE000A80ED6C
S31508005FD0050A07E09FED2A0A2A4880ED040A80EDA3
S31508005FE0058A00BF00BF08E0264890ED050ADFEDE8
S31508005FF0290A30EE600A80ED050A224890ED050A66
S31508006000DFED230AB4EEE00AF1EE10FAECDC08E064
S315080060101C4890ED050ADFED1F0A30EE200A80EDD8
S31508006020050A184890ED050ADFED1B0AB4EEE00AEA
S31508006030F1EE10FAECD390ED050A10EE101A0846A8
S31508006040FAF7FFF941EC190B0E4890ED040A10EE29
S31508006050101A0846FAF7F5F941EC1A0B8DED049B70
S315080060608DED02AB2B4622460C490D48009600F0F2
S31508006070C4F906B0BDEC068B70BD00008002002096
S3150800608000000000600B00200000B4C20000B4420B
S31508006090000034430000B443000034C39C90000859
S315080060A0DC42002000BF054A126802F04002002ABE
S315080060B0F9D0C2B2014B5A60704700000010014087
S315080060C002460B46D018011DC81701EB90708010C8
S315080060D0A1EB8000C0B2704770B50446FBF71CF808
S315080060E0054621480078A0420CD01F480470456038
S315080060F000201D49087222461CA12B4800F07DF994
S31508006100002070BD1848406858B9174845600020F7
S3150800611015490872224625A1234800F06EF9002089
S31508006120EFE711484068281A0F49C8600846C06852
S315080061306E280DD30846007A40B901200872084631
S31508006140224626A1C368184800F057F90120D8E767
S31508006150002005490872084622462EA1C36812483F
S3150800616000F04BF90020CCE7780B00205B44454251
S3150800617055475D2053746162696C6974793A2043A6
S31508006180726F7373206368616E67656420746F202D
S3150800619025642C2072657374617274696E67207445
S315080061A0696D65720A000000DC4200205B444542C6
S315080061B055475D2053746162696C6974793A205356
S315080061C074617274696E672074696D657220666F92
S315080061D0722063726F73733D25640A005B444542FF
S315080061E055475D2053746162696C6974793A204336
S315080061F0726F7373202564206973206E6F7720731E
S315080062007461626C6520616674657220256C752000
S315080062106D730A005B44454255475D2053746162BD
S31508006220696C6974793A2043726F73732025642008
S31508006230737461626C6520666F7220256C75206DBB
S315080062407320286E656564203131306D73290A0024
S3150800625030B503468D1A281DC51700EB9575AD1088
S31508006260A0EB85056CB234B1012C0DD0022C13D0ED
S31508006270032C21D116E01BB1042B01D0072B01D129
S31508006280012030BD0020FCE7022B01D0062B01D1EE
S315080062900120F6E70020F4E7082B01D10120F0E7FA
S315080062A00020EEE7012B03D0052B01D0032B01D1EB
S315080062B00120E6E70020E4E70020E2E72DE9F041C7
S315080062C007461F4890F9B04490F9B15437B1012FE9
S315080062D007D0022F08D0032F0CD108E0681E45B25C
S315080062E008E0601C44B205E0681C45B202E0601E86
S315080062F044B200BF00BF002C05DB142C03DA002DC6
S3150800630001DB142D02DB0120BDE8F08102213846AD
S31508006310FFF7D6FE06460120B04000F0FF08C5EBA1
S315080063200510074901EB800004EB44010844407856
S3150800633000EA080008B10120E6E70020E4E70000CB
S315080063407C05002008B5FAF7F9FEFEF7A9FAFCF76E
S3150800635099FEFDF75DF9FDF777F9FDF721F9FDF7E8
S315080063608FF9FDF71BF8FDF75BF8FDF799F8FDF7D0
S31508006370D7F8FCF733FFFCF7A1FFFCF767FFFCF73C
S31508006380D5FFFDF729F9FAF7D9FCFDF791FAFDF7DC
S3150800639099FA0120FCF716FDFCF79AFDFDF7BEFCFD
S315080063A0012269460B48FCF747FC012269460A4860
S315080063B0FCF742FC012209490948FCF73DFC012289
S315080063C008490948FCF738FCFCF7A0FD00F062F81C
S315080063D000BFFEE7B44300206C430020890200207A
S315080063E0FC4300208C0200202443002001460020A4
S315080063F0842901D0CA1C104470470FB430B5ADF5D6
S31508006400017D054686A800904FF4007101A8009BFF
S31508006410859AFFF785F8044600200090A2B2FF236C
S3150800642001A92846FCF744FC20460DF5017D30BC41
S315080064305DF814FB05E0DFED0E0A70EE600AB0EEBB
S31508006440600ADFED0C0AB4EEE00AF1EE10FAF2DCAF
S3150800645005E0DFED070A70EE200AB0EE600ADFED10
S31508006460060AB4EEE00AF1EE10FAF2D3704700001D
S315080064700000B44300003443000034C370B504463A
S3150800648025460DB1294600E00121084601F0C8FB62
S31508006490002070BD10B501F091FC002010BDF8B5C4
S315080064A004460D46A06840B1E06830B1002000906F
S315080064B094E80F0001F009FEF8BD0022D4E90001B6
S315080064C001F0D6FDF8E77FB504460D46606998B138
S315080064D0A06988B1B4F90800FFF788FF0646D4E931
S315080064E00510CDE9006102902B462269D4E9001017
S315080064F002F09EF9039013E0B4F90800FFF776FF5F
S31508006500064603A8CDE90060238A9AB22B46D4E949
S31508006510001002F05BF9012802D0002004B070BD1B
S315080065200398FBE710B52DED028B0446B0EE408AC2
S3150800653084ED048A204600F01DF8204600F0CCF8C9
S3150800654094ED050ABDEC028B10BDF0EE401AF4EE90
S31508006550E01AF1EE10FA02D2B0EE600A7047F4EED5
S31508006560C11AF1EE10FA02DDB0EE410AF6E7B0EE16
S31508006570610AF3E710B52DED048B044694ED030A82
S31508006580D4ED040A30EE600A84ED070A94ED070A92
S3150800659010EE101A0846F9F754FF41EC190BB0EE45
S315080065A0490AF0EE690AFEF7F1FFB0EE408AF0EE0E
S315080065B0608A9FED2F0B53EC102B51EC180BF9F753
S315080065C06BFF04D29FED2C0A84ED0B0A21E094EDB3
S315080065D00B0AD4ED070A30EE200A84ED0B0A94ED77
S315080065E00B0ADFED260AB4EEE00AF1EE10FA03DD37
S315080065F09FED220A84ED0B0A94ED0B0ADFED200AC3
S31508006600B4EEE00AF1EE10FA03D29FED1D0A84ED0E
S315080066100B0A94ED000AD4ED070A20EE200A84ED51
S315080066200C0A94ED010AD4ED0B0A20EE200A84ED3B
S315080066300D0A94ED070AD4ED080A30EE600AD4ED87
S31508006640020A20EE200A84ED0E0A94ED0C0AD4ED17
S315080066500D0A30EE200AD4ED0E0A30EE200A84ED3B
S31508006660050A94ED070A84ED080ABDEC048B10BDF3
S315080066700000000000002440000000000000C8429E
S315080066800000C8C280ED000AC0ED010A80ED021ABA
S31508006690C0ED031A80ED062ADFED0E2AC0ED0B2A9F
S315080066A0DFED0C2AC0ED082ADFED0A2AC0ED092A1B
S315080066B0DFED082AC0ED052ADFED062AC0ED0C2A13
S315080066C0DFED042AC0ED0D2ADFED022AC0ED0E2A01
S315080066D0704700000000000090ED050AD0ED060A9C
S315080066E0B4EEE00AF1EE10FA04DD90ED060A80ED4C
S315080066F0050A10E090ED050AD0ED060AF1EE600AEB
S31508006700B4EEE00AF1EE10FA05D290ED060AB1EE03
S31508006710400A80ED050A704780ED060A704780ED4D
S31508006720000AC0ED010A80ED021A704700B501465D
S31508006730B0EE403A81ED033AD1ED062AB0EE622A70
S31508006740D1ED032AF0EE621AD1ED022AB0EE621AF2
S31508006750D1ED012AF0EE620AD1ED002AB0EE620A06
S315080067600846FFF78FFF00BD80ED030A704700005B
S315080067702DE9F04105460E461C4807681C48006886
S31508006780001D01F00DF950B91948006890F82C1051
S315080067900120884017490968814316480160681C2A
S315080067A038B936B112480168091D134801F042F993
S315080067B01AE07C190E4800684460BC4207D20C48AF
S315080067C00168091D0D48006801F01AF90CE008482F
S315080067D00168091D0A48006801F012F909480068AD
S315080067E0844201D207480460BDE8F08124030020F2
S315080067F0100300202803002020C5002018030020CD
S31508006800140300204003002010B5044601F01EF9C9
S3150800681023480068401C224908602248006840B99D
S31508006820204804600846006801280DD100F0B0F938
S315080068300AE01D48006838B91A480068C06AE16A63
S31508006840884201D81748046018480068401C174950
S31508006850086094F82C1001208840154909680843F7
S3150800686013490860E16A01EB8101124A02EB8100D3
S31508006870211D01F0DFF801F013F90B48006868B133
S3150800688008480068C06AE16A884207D24FF080501B
S3150800689009490860BFF34F8FBFF36F8F10BD000023
S315080068A020030020100300202C0300203C030020B6
S315080068B02803002044C4002004ED00E010B516E0CB
S315080068C001F0C4F80C48C068C468201D01F068F8D7
S315080068D00A480068401E0949086009480068401EC1
S315080068E00749086001F0DCF8204600F05FF8044824
S315080068F000680028E4D110BD0CC500202003002044
S315080069001C03002070B504460D46206C70B1216C3E
S31508006910E0680144E160D4E90210884201D32168A5
S31508006920E1602846226CE168F9F7DDFC70BD2DE9C7
S31508006930F04104460F4615464FF00008A66B206C3A
S3150800694048B9206800282CD1A06802F083F8804650
S315080069500020A06025E07DB93946226C6068F9F709
S31508006960C2FC216C606808446060D4E90101884271
S3150800697017D32068606014E03946226CE068F9F79E
S31508006980B2FC216CE068411AE1602168E06888423F
S3150800699003D2216CA068411AE160022D01D106B12B
S315080069A0761E701CA0634046BDE8F08110B504460B
S315080069B094F8510030B9206B01F090F8204601F0A8
S315080069C08DF81AE094F85100012803D1204601F009
S315080069D085F812E094F85100022801D1012000E060
S315080069E0002050B900BF502080F31188BFF34F8FA5
S315080069F0BFF36F8F00BF00BFFEE710BD01464A6AAE
S31508006A0022B10A6B1268C2F1070000E00020704745
S31508006A1030B54FF40043174800F007042CB1C01DE9
S31508006A2020F00700134C041B1B1B0246124C226065
S31508006A300024114D6C60D018083820F007000F4C60
S31508006A40206000240D4D2D686C600C4D2D682C605F
S31508006A501146441A4C60094C24680C60084D4C6871
S31508006A602C60084D4C682C604FF00044064D2C6095
S31508006A7030BD000044440020E4020020EC0200205F
S31508006A80F4020020F00200200003002000BFFFF7F8
S31508006A9015FF064800680128F9D94FF080500449C7
S31508006AA00860BFF34F8FBFF36F8FF0E744C4002031
S31508006AB004ED00E02DE9F04106460D4617469846D6
S31508006AC0069C0DB9246000E02760E6632564012171
S31508006AD0204601F06BFBBDE8F0812DE9FF5F81469A
S31508006AE00E469246DDE90E7B109CAAF10100216B49
S31508006AF001EB800828F0070808F0070008B901200C
S31508006B0000E0002050B900BF502080F31188BFF381
S31508006B104F8FBFF36F8F00BF00BFFEE786B100251A
S31508006B2007E0715D04F134004155705D00B902E07B
S31508006B306D1C102DF5D300BF00214320015502E03E
S31508006B40002084F83400072F00D30627E76267641D
S31508006B500020A064201D00F050FF04F1180000F08A
S31508006B604CFF2461C7F10700A06164620020E0645D
S31508006B7084F8500049464046039A00F0AFF9206071
S31508006B80BBF1000F01D0CBF80040BDE8FF9F000025
S31508006B9010B5002407E004EB84010F4A02EB8100DC
S31508006BA000F01EFF641C072CF5D30C4800F018FFF4
S31508006BB00B4800F015FF0B4800F012FF0A4800F0DA
S31508006BC00FFF0A4800F00CFF04480949086004480A
S31508006BD00849086010BD000044C40020D0C4002045
S31508006BE0E4C40020F8C400200CC5002020C50020FD
S31508006BF0140300201803002010B50146164800E0CB
S31508006C00006803688B42FBD30246436813448B42F1
S31508006C1004D143684C682344436001460A464B68DE
S31508006C2013440468A34211D10C4C03682468A34298
S31508006C3008D04B680468646823444B6003681B6883
S31508006C400B6005E0054B1B680B6001E003680B60F1
S31508006C50884200D0016010BDE4020020EC0200204A
S31508006C6070B5054600F0F2FEA86B08B9012400E0ED
S31508006C70002400F015FF204670BD00000A49096887
S31508006C80096809B9012100E0002121B14FF0FF315F
S31508006C90064A116006E004490968C968C868034AD3
S31508006CA0416811607047000014030020400300206B
S31508006CB00E480068401C08B9012000E0002050B9C1
S31508006CC000BF502080F31188BFF34F8FBFF36F8F3B
S31508006CD000BF00BFFEE700BF502080F31188BFF356
S31508006CE04F8FBFF36F8F00BF00BFFEE7040300207E
S31508006CF070B5044600F0AAFE94F9455010E0606AA3
S31508006D0008B9012000E0002038B904F1240001F098
S31508006D1061FF18B100F0BEFF00E003E0681E45B24F
S31508006D20002DECDC00BFFF2084F8450000F0B8FE1B
S31508006D3000F08CFE94F9445010E0206908B901204F
S31508006D4000E0002048B904F1100001F043FF08B143
S31508006D5000F0A0FF681E45B200E001E0002DECDC63
S31508006D6000BFFF2084F8440000F09AFE70BD0000C2
S31508006D702DE9F04104464FF0000801F077F849483C
S31508006D80006808B9FFF744FE474800682040002815
S31508006D9070D1D4B1083404F00700B0B104F007008C
S31508006DA0C0F10800044404F0070008B9012000E017
S31508006DB0002050B900BF502080F31188BFF34F8FD1
S31508006DC0BFF36F8F00BF00BFFEE7002C52D03748D5
S31508006DD0006884424ED8364E3046056801E02E4695
S31508006DE02D686868A04202D228680028F7D12D4885
S31508006DF0006885423ED0306800F10808286830608F
S31508006E006868001B102819D92F1907F0070008B958
S31508006E10012000E0002050B900BF502080F31188FF
S31508006E20BFF34F8FBFF36F8F00BF00BFFEE76868E1
S31508006E30001B78606C603846FFF7DEFE1B49686801
S31508006E400968081A1949086008460068194909684E
S31508006E50884203D2154800681649086012496868CE
S31508006E600968084368600020286013480068401CC9
S31508006E701149086001F0FAFE08F0070008B9012078
S31508006E8000E0002050B900BF502080F31188BFF3FE
S31508006E904F8FBFF36F8F00BF00BFFEE74046BDE8C8
S31508006EA0F0810000EC02002000030020F002002020
S31508006EB0E4020020F4020020F802002006480068D8
S31508006EC030B10549096801F14800896C491C01601F
S31508006ED0014800687047000010030020001F4FF0AB
S31508006EE080730360001F21F001030360001F054B38
S31508006EF0036014380260001F6FF002030360203835
S31508006F0070470000B16C0008ACB000BF4FF0FF320C
S31508006F102BA93A48006801F083FA0128F6D14FF404
S31508006F20FA70FFF7ABFA36A000F014FDBDF8AC0016
S31508006F3031282DD14A2237496846F9F7D4F95A2219
S31508006F403449103914A8F9F7CEF914A80FC800F077
S31508006F5037FA4A222F496846F9F7C5F95A222D49C0
S31508006F60103914A8F9F7BFF914A80FC800F056F895
S31508006F704A2228496846F9F7B6F95A2225491039A6
S31508006F8014A8F9F7B0F914A80FC800F06FF930E0A3
S31508006F90BDF8AC0032282CD14A221F496846F9F7B9
S31508006FA0A2F95A221C49103914A8F9F79CF914A811
S31508006FB00FC800F005FA4A2217496846F9F793F907
S31508006FC05A221549103914A8F9F78DF914A80FC8CB
S31508006FD000F024F84A2210496846F9F784F95A223B
S31508006FE00D49103914A8F9F77EF914A80FC800F04E
S31508006FF03DF94FF47A70FFF741FA87E7C802002097
S31508007000636C652073302E69642C323535FFFFFFBB
S31508007010000000002C020020D20100200FB42DE948
S31508007020F047FEB04FF4E2716846F9F775F9BDF816
S31508007030660201F09DFE8046BDF8680201F098FEE2
S315080070408146BDF86A0201F0D7FE0446BDF86C0217
S3150800705001F0D2FE0646BDF86E0201F0CDFE0546E9
S31508007060BDF8700201F0C8FE0746A01B052190FB7B
S31508007070F1F0201AC1B2A8F101000DF80010A01B0A
S3150800708000EB4000052190FBF1F0201AC1B2A8F1EF
S3150800709002000DF80010A01BC11700EB9171A4EBBC
S315080070A0A101CAB2A8F103010DF80120A01B032112
S315080070B090FBF1F03044C1B2A8F104000DF80010BD
S315080070C0A01B00EBD07106EB6101CAB2A8F105015D
S315080070D00DF801200221A8F106000DF80010E0B213
S315080070E00DF80800A01B062190FBF1F0201AC1B28A
S315080070F008F101000DF80010A01B4000032190FBC9
S31508007100F1F0201AC1B208F102000DF80010A01B18
S3150800711000EBD07106EB6101CAB208F103010DF864
S315080071200120A01BC11700EB917106EBA101CAB2A1
S3150800713008F104010DF80120F1B208F105000DF877
S3150800714000100121401C0DF80010E81B072190FBD8
S31508007150F1F0281AC1B2A9F101000DF80010E81BD8
S315080071604000052190FBF1F0281AC1B2A9F10200EE
S315080071700DF80010E81B4000032190FBF1F0281AD7
S31508007180C1B2A9F103000DF80010E81B4000032165
S3150800719090FBF1F03844C1B2A9F104000DF80010D3
S315080071A0F9B2401E0DF800100321401E0DF800101C
S315080071B0A81EC0B20DF80900E81BC11700EB9171B3
S315080071C0A5EBA101CAB209F101010DF80120E81BDE
S315080071D000EBD071A5EB6101CAB209F102010DF805
S315080071E00120E81B00EBD07107EB6101CAB209F177
S315080071F003010DF80120E81B052190FBF1F0384446
S31508007200C1B209F104000DF80010E81B092190FB32
S31508007210F1F03844C1B209F105000DF8001001215A
S31508007220401C0DF800104FF0000A0BE01DF80A305C
S3150800723008A2322171A8FEF759F971A800F08AFB55
S315080072400AF1010ABAF5E17FF0DB7EB0BDE8F00786
S315080072505DF814FB616464206D61696E2E73302ECF
S3150800726069642C302C2564FFFFFF00000FB4F0B5CD
S3150800727097B0BDF8BE00802806DABDF8BE0001F05A
S3150800728077FD1E3887B205E0BDF8BE0001F070FD37
S31508007290283887B2BDF8C000802806DABDF8C000D5
S315080072A001F066FD0A3084B204E0BDF8C00001F0C2
S315080072B05FFD0446BDF8C200782804DDBDF8C200AB
S315080072C0193085B20EE0BDF8C200322805DDBDF8DA
S315080072D0C200C0F1F50085B204E0BDF8C200C0F1F5
S315080072E0EB0085B2BDF8C600782804DDBDF8C600F7
S315080072F0193086B20EE0BDF8C600322805DDBDF8A5
S31508007300C600C0F1F50086B204E0BDF8C600C0F1BB
S31508007310D70086B2FA20FFF7B1F80DF189000321EC
S3150800732001220692CDE90721099000200222322384
S31508007330CDE903200293059064203B4615A232212D
S31508007340CDE900500AA8FEF7D1F80AA800F002FB1A
S31508007350FA20FFF793F80DF1A20003210122069205
S31508007360CDE907210990002002223223CDE9032026
S31508007370029305906420234606A23221CDE90060D7
S315080073800AA8FEF7B3F80AA800F0E4FA17B0F0BCAA
S315080073905DF814FB787374722025642C25642C25FB
S315080073A0642C25642C25642C25642C25642C2564E2
S315080073B02C25642C25642C22257322FFFFFF000050
S315080073C00FB400B59DB0FA20FFF758F8BDF8CE0007
S315080073D0BDF8C810BDF8CA20BDF8C630CDE90032E0
S315080073E0CDE902101EAB05A2642104A8FEF77EF8BB
S315080073F004A800F0AFFA1DB05DF814FB6D61696E64
S315080074002E74312E7478743D2225732043683A25EC
S315080074106420436E74733A25642043683A256420D1
S31508007420436E74733A256422FFFFFF002DE9F04F7F
S315080074309FB005460E4617469846FA20FFF71EF8EF
S31508007440002464E0601CC0EBC00005EB800090EDF2
S31508007450020ADFED670A20EE200ADFED650A80EEF4
S31508007460201ABDEEC10A10EE100A00F14609601C8A
S31508007470C0EBC00005EB800090ED010ADFED5D0A68
S3150800748020EE200ADFED5A0A80EE201ABDEEC10A68
S3150800749010EE100A00F10A0AC4EBC40005EB8000DE
S315080074A090ED020ADFED520A20EE200ADFED500ABF
S315080074B080EE201ABDEEC10A10EE100A00F1460B46
S315080074C0C4EBC40005EB800090ED010ADFED490A24
S315080074D020EE200ADFED460A80EE201ABDEEC10A2C
S315080074E010EE100A0A3005904FF6FF70CDE900BA83
S315080074F0CDE9029040A2642106A8059BFDF7F6FF98
S3150800750006A800F027FA0A20FEF7B8FF641C781EC2
S31508007510A04297DC002464E0601CC0EBC00006EBC8
S31508007520800090ED020ADFED320A20EE200ADFED38
S31508007530300A80EE201ABDEEC10A10EE100A00F1DC
S315080075404609601CC0EBC00006EB800090ED010AFE
S31508007550DFED280A20EE200ADFED250A80EE201A44
S31508007560BDEEC10A10EE100A00F10A0AC4EBC40007
S3150800757006EB800090ED020ADFED1D0A20EE200AD8
S31508007580DFED1B0A80EE201ABDEEC10A10EE100AC6
S3150800759000F1460BC4EBC40006EB800090ED010A2F
S315080075A0DFED140A20EE200ADFED110A80EE201A1C
S315080075B0BDEEC10A10EE100A0A3005904FF6FF70AC
S315080075C0CDE900BACDE902900BA2642106A8059B75
S315080075D0FDF78CFF06A800F0BDF90A20FEF74EFF5E
S315080075E0641CA8F10100A04296DC1FB0BDE8F08F2C
S315080075F000004843000040426C696E652025642CF3
S3150800760025642C25642C25642C2564FFFFFF0000C7
S315080076109EB000BF4FF0FF3204A91348006800F07F
S31508007620FFFE0128F6D1C820FEF728FF00204621D4
S315080076304FF4F072CDE9001203460CA2CDE9021010
S31508007640642105A8FDF752FF05A800F083F90D4847
S3150800765003880D4802780D490D48FFF7E7FE0DA08F
S31508007660FDF734FFD6E70000C40200206C696E659A
S315080076702025642C25642C25642C25642C2564FF80
S31508007680FFFF0000C0010020BE01002000110020FD
S31508007690880B00205265636F726420436F6D6D61BD
S315080076A06E642053656E740D0A00000070B50446BA
S315080076B00D4625B1012D0DD0022D21D115E0A18849
S315080076C000222068F9F722FDA1890022A068F9F7AF
S315080076D01DFD15E0A18801222068F9F717FDA1898B
S315080076E00022A068F9F712FD0AE0A18800222068A6
S315080076F0F9F70CFDA1890122A068F9F707FD00BF7B
S3150800770000BF657770BD42691AB90269126851638C
S3150800771010E04269042A03D102691268916309E0FC
S315080077204269082A03D102691268D16302E0026934
S3150800773012681164704700001CB5044600200190C9
S31508007740722C08D17B48007828B97A480078401C02
S315080077507849087052E0652C09D1764800780128E6
S3150800776005D174480078401C7249087046E0632CBD
S3150800777009D170480078022805D16E480078401C67
S315080077806C4908703AE06F2C09D16A4800780328DA
S3150800779005D168480078401C664908702EE0722CAE
S315080077A009D164480078042805D162480078401C4D
S315080077B06049087022E0642C1DD15E4800780528CF
S315080077C019D100205B490870012000905A480068CA
S315080077D080B1002301AA69465748006800F032FDC7
S315080077E0019838B14FF0805054490860BFF34F8F65
S315080077F0BFF36F8F02E000204E490870632C08D152
S315080078004F48007828B94E480078401C4C49087003
S3150800781060E06F2C09D14A480078012805D148480C
S315080078200078401C4649087054E06E2C09D144483B
S315080078300078022805D142480078401C4049087063
S3150800784048E06E2C09D13E480078032805D13C480B
S315080078500078401C3A4908703CE0652C09D1384844
S315080078600078042805D136480078401C3449087049
S3150800787030E0632C09D132480078052805D1304814
S315080078800078401C2E49087024E0742C1FD12C481F
S31508007890007806281BD10020294908702948006865
S315080078A0C0B129480078A8B901A92648006800F09F
S315080078B047FD019838B14FF0805020490860BFF362
S315080078C04F8FBFF36F8F01201F49087002E0002019
S315080078D01B490870732C08D11C48007828B91B4826
S315080078E00078401C1949087022E043F23610844299
S315080078F01BDC302C19DD15480078012815D10094B9
S315080079001348006880B1002301AA69461048006838
S3150800791000F098FC019838B14FF08050074908608C
S31508007920BFF34F8FBFF36F8F02E00020074908703F
S315080079301CBD0000CE020020C402002004ED00E0B9
S31508007940CF0200209002002094020020D0020020DE
S31508007950C802002070B5044600BF0D48007800280C
S31508007960FBD101200A49087064210A48F8F7D4FCBB
S31508007970234609A264210748FDF7B8FD0548F8F72C
S31508007980D6FC85B22A4603490448FBF7F0F970BDD0
S3150800799076020020C03C002025730000B443002076
S315080079A001460A69D1E901309860D1E901035860B6
S315080079B05068884201D188685060002008611068C4
S315080079C0401E106010687047034B0360034B0B6042
S315080079D08023136070470000003E0020543E0020BC
S315080079E000F1080141604FF0FF31816000F10801A4
S315080079F0C160016100210160704700210161704783
S31508007A0010B502460B685C1C0CB9106907E002F158
S31508007A10080000E04068446824689C42FAD9446833
S31508007A204C604C68A160886041600A611468641CF7
S31508007A30146010BD42684A6093688B609368596009
S31508007A409160086103685B1C0360704700BF5020A3
S31508007A5080F31188BFF34F8FBFF36F8F00BF0E48B7
S31508007A600068401C0C49086008460068012812D1C5
S31508007A700A480068C0B208B9012000E0002050B9E1
S31508007A8000BF502080F31188BFF34F8FBFF36F8F6D
S31508007A9000BF00BFFEE770470403002004ED00E0C6
S31508007AA00D48006850B900BF502080F31188BFF315
S31508007AB04F8FBFF36F8F00BF00BFFEE70648006811
S31508007AC0401E054908600846006820B9002080F372
S31508007AD0118800BF00BF70470403002070B5064632
S31508007AE03546002E44D0083D2C4622496068096870
S31508007AF0084008B1012000E0002050B900BF50201E
S31508007B0080F31188BFF34F8FBFF36F8F00BF00BF9D
S31508007B10FEE7206808B9012000E0002050B900BF40
S31508007B20502080F31188BFF34F8FBFF36F8F00BFCC
S31508007B3000BFFEE70F49606809680840C0B12068C1
S31508007B40B0B90C49606809688843606000F08EF92E
S31508007B500949606809680844074908602046FFF72C
S31508007B604BF806480068401C0449086001F07EF896
S31508007B7070BD000000030020F0020020FC02002077
S31508007B8000204FF0E02108618861064800684FF43C
S31508007B907A71B0FBF1F0401E4FF0E02148610720F2
S31508007BA008617047D402002070B5F8F755FB044603
S31508007BB0102C16D304F1E02090F8F05315480078FD
S31508007BC0854201DB012000E0002050B900BF5020AB
S31508007BD080F31188BFF34F8FBFF36F8F00BF00BFCD
S31508007BE0FEE70D48006800F4E0600C490968884221
S31508007BF001D8012000E0002050B900BF502080F3D2
S31508007C001188BFF34F8FBFF36F8F00BF00BFFEE72A
S31508007C1070BD0000080300200CED00E00C030020F6
S31508007C2070B504460025D4B11248006808B9012089
S31508007C3000E0002050B900BF502080F31188BFF340
S31508007C404F8FBFF36F8F00BF00BFFEE700F00EF93E
S31508007C5000212046FEF78CFD01F008F805463DB9DF
S31508007C604FF0805004490860BFF34F8FBFF36F8F02
S31508007C7070BD00004803002004ED00E003490968D0
S31508007C800160034909684160704700003803002015
S31508007C9024030020012001490860704734030020AE
S31508007CA070B504460D4654B900BF502080F31188BC
S31508007CB0BFF34F8FBFF36F8F00BF00BFFEE70548C6
S31508007CC0016818312046FFF79BFE01212846FEF77A
S31508007CD04FFD70BD100300202DE9F04706460F46FC
S31508007CE034464FF00109002E60D0A06C50B900BF91
S31508007CF0502080F31188BFF34F8FBFF36F8F00BFFB
S31508007D0000BFFEE7606CB84201D23D4600E0656CF4
S31508007D10E06AA8424AD0A06C012847D124480068E6
S31508007D20844201D0012000E0002050B900BF502055
S31508007D3080F31188BFF34F8FBFF36F8F00BF00BF6B
S31508007D40FEE7D4F82C80E562A06900F0004010B97F
S31508007D50C5F10700A06108EB8801164A02EB81010C
S31508007D606069884201D1012000E00020F0B1201DA1
S31508007D70FFF716FE40B994F82C10012088400E49EA
S31508007D80096881430C48016094F82C10012088404A
S31508007D9009490968084308490860E16A01EB810155
S31508007DA0044A02EB8100211DFFF744FEBDE8F08777
S31508007DB01003002044C400202803002010B586B014
S31508007DC000200590049003AA04A905A8FFF7FCFD66
S31508007DD00022DDE904101346CDE9002102901CA11A
S31508007DE01D48039A00F024FD1C49086008460068EF
S31508007DF008B1012400E00024012C15D100BF502051
S31508007E0080F31188BFF34F8FBFF36F8F00BF4FF01A
S31508007E10FF30134908600120124908600020124902
S31508007E20086000F071F810E0601C08B1012000E05D
S31508007E30002050B900BF502080F31188BFF34F8F40
S31508007E40BFF36F8F00BF00BFFEE706B010BD00008E
S31508007E5049444C45000000008D6A00084403002090
S31508007E60400300202C030020240300200248006859
S31508007E70401C014908607047480300201D480068F7
S31508007E8018B101201C49086032E000201A49086030
S31508007E901A480068B0FA80F0C0F11F0101EB8100B2
S31508007EA0174A52F8200008B1012000E0002050B916
S31508007EB000BF502080F31188BFF34F8FBFF36F8F39
S31508007EC000BF00BFFEE701EB81020D4B03EB82000A
S31508007ED042685268426000F108024368934202D140
S31508007EE04268526842604268D268064B1A6000BF10
S31508007EF070470000480300203403002028030020B0
S31508007F0044C40020100300201CB55248006852499A
S31508007F10884201D0012000E0002050B900BF50205F
S31508007F2080F31188BFF34F8FBFF36F8F00BF00BF79
S31508007F30FEE7484800684849491E884201D00120A2
S31508007F4000E0002050B900BF502080F31188BFF32D
S31508007F504F8FBFF36F8F00BF00BFFEE73F4908464C
S31508007F6000780190FF200A461070084600780090B5
S31508007F709DF8000000F0F0009DF80020904201D125
S31508007F80012000E0002050B900BF502080F311887E
S31508007F90BFF34F8FBFF36F8F00BF00BFFEE79DF89B
S31508007FA0000000F050002E4A107007202D4A10607D
S31508007FB009E02C480068401E2A4A10609DF8000017
S31508007FC04006000E00909DF8000000F08000802812
S31508007FD0EFD024480068C0F10700042801D1012029
S31508007FE000E0002050B900BF502080F31188BFF38D
S31508007FF04F8FBFF36F8F00BF00BFFEE719480068B9
S315080080000002184A10601046008800F4E06010600C
S31508008010124A019810700F482030006840F470002A
S315080080200C49203108600846006840F07040086036
S31508008030FFF7A6FD00200C490860F8F7D5F80B48AD
S31508008040006840F0404009490860F8F7B9F8002090
S315080080501CBD000000ED00E071C20F4100E400E025
S31508008060080300200C0300200403002034EF00E07E
S315080080702DE9F84305460E4617460DB1012000E0E6
S31508008080002050B900BF502080F31188BFF34F8FEE
S31508008090BFF36F8F00BF00BFFEE705FB06F808F1C8
S315080080A04800FEF765FE044664B1A14609F1480991
S315080080B0002084F846003B464A4631462846009446
S315080080C0FEF7F8FC2046BDE8F8832DE9F84380461C
S315080080D00E4617461D46DDF82090B8F1000F01D070
S315080080E0012000E0002050B900BF502080F311881D
S315080080F0BFF34F8FBFF36F8F00BF00BFFEE70DB111
S31508008100012000E0002050B900BF502080F31188FC
S31508008110BFF34F8FBFF36F8F00BF00BFFEE707B1F6
S315080081200EB1012000E0002050B900BF502080F3B6
S315080081301188BFF34F8FBFF36F8F00BF00BFFEE7F5
S3150800814007B90EB9012000E0002050B900BF502041
S3150800815080F31188BFF34F8FBFF36F8F00BF00BF47
S31508008160FEE7482000900098482801D1012000E049
S31508008170002050B900BF502080F31188BFF34F8FFD
S31508008180BFF36F8F00BF00BFFEE700BF2C464CB1A0
S31508008190012084F846004B463A463146404600944C
S315080081A0FEF788FC2046BDE8F883000070B5054652
S315080081B00E462C4654B900BF502080F31188BFF3F1
S315080081C04F8FBFF36F8F00BF00BFFEE7FFF73EFC80
S315080081D0D4E90F12206801FB0200A0600020A0630A
S315080081E020686060E06B401E226C216800FB02116B
S315080081F0E160FF2084F8440084F845009EB92069B0
S3150800820008B9012000E00020A8B904F1100000F028
S31508008210E1FC80B14FF0805009490860BFF34F8FE9
S31508008220BFF36F8F07E004F11000FFF7D9FB04F1E5
S315080082302400FFF7D5FBFFF733FC012070BD0000D3
S3150800824004ED00E02DE9F84F07468A4690461E469B
S315080082503C4654B900BF502080F31188BFF34F8FB6
S31508008260BFF36F8F00BF00BFFEE7BAF1000F01D161
S31508008270206C08B9012000E0002050B900BF50204A
S3150800828080F31188BFF34F8FBFF36F8F00BF00BF16
S31508008290FEE7022E02D1E06B012801D1012000E0A1
S315080082A0002050B900BF502080F31188BFF34F8FCC
S315080082B0BFF36F8F00BF00BFFEE7FFF775FC00BF77
S315080082C05021EFF3118081F31188BFF34F8FBFF36D
S315080082D06F8F00BF0546A06BE16B884201D3022E63
S315080082E025D194F945B0A06B0090324651462046F8
S315080082F0FEF71DFB0BF1010088B9606A08B9012079
S3150800830000E0002050B904F1240000F063FC28B115
S31508008310B8F1000F02D00120C8F8000004E00BF104
S31508008320010040B284F845004FF0010901E04FF022
S31508008330000900BF85F3118800BF4846BDE8F88FDD
S315080083402DE9F04706460F46344654B900BF50207B
S3150800835080F31188BFF34F8FBFF36F8F00BF00BF45
S31508008360FEE7206C08B9012000E0002050B900BFE4
S31508008370502080F31188BFF34F8FBFF36F8F00BF74
S3150800838000BFFEE7206808B9A06808B9012000E028
S31508008390002050B900BF502080F31188BFF34F8FDB
S315080083A0BFF36F8F00BF00BFFEE7FFF7FDFB00BFFF
S315080083B05021EFF3118081F31188BFF34F8FBFF37C
S315080083C06F8F00BF0546D4F83890E06B48451ED934
S315080083D094F945A009F10100A0630AF1010070B9FA
S315080083E0606A08B9012000E0002068B904F1240099
S315080083F000F0F0FB40B13FB10120386004E00AF11B
S31508008400010040B284F845004FF0010801E04FF042
S31508008410000800BF85F3118800BF4046BDE8F08715
S315080084202DE9F74183B005460E464FF000082C4665
S3150800843054B900BF502080F31188BFF34F8FBFF3A4
S315080084406F8F00BF00BFFEE70EB9206C08B9012088
S3150800845000E0002050B900BF502080F31188BFF318
S315080084604F8FBFF36F8F00BF00BFFEE700F03EFAE5
S3150800847008B9059808B9012000E0002050B900BFE6
S31508008480502080F31188BFF34F8FBFF36F8F00BF63
S3150800849000BFFEE700BFFFF7D9FAA76BF7B1314671
S315080084A02046FEF72FFA781EA063206908B9012036
S315080084B000E0002060B904F1100000F08BFB38B131
S315080084C04FF080502F490860BFF34F8FBFF36F8F6F
S315080084D0FFF7E6FA012006B0BDE8F081059818B95D
S315080084E0FFF7DEFA0020F6E7B8F1000F04D101A87D
S315080084F0FFF7C4FB4FF00108FFF7D2FAFFF7B6FC07
S31508008500FFF7A4FA94F94400401C10B9002084F837
S31508008510440094F94500401C10B9002084F8450031
S31508008520FFF7BEFA05A901A800F00AF9F0B9204636
S31508008530FEF796FBA0B104F124000599FFF7B0FBFE
S315080085402046FEF7D5FB00F091FB0028A3D14FF09B
S3150800855080500C490860BFF34F8FBFF36F8F9AE7BF
S315080085602046FEF7C5FB00F081FB94E72046FEF7A0
S31508008570BFFB00F07BFB2046FEF772FB00288AD083
S315080085800020A8E704ED00E02DE9F34182B0054696
S315080085904FF000082C46002654B900BF502080F33F
S315080085A01188BFF34F8FBFF36F8F00BF00BFFEE781
S315080085B0206C08B9012000E0002050B900BF502007
S315080085C080F31188BFF34F8FBFF36F8F00BF00BFD3
S315080085D0FEE700F08BF908B9039808B9012000E016
S315080085E0002050B900BF502080F31188BFF34F8F89
S315080085F0BFF36F8F00BF00BFFEE700BFFFF726FA85
S31508008600A76BFFB1781EA063206810B9FEF756FC69
S31508008610A060206908B9012000E0002060B904F1D3
S31508008620100000F0D7FA38B14FF08050434908607F
S31508008630BFF34F8FBFF36F8FFFF732FA012004B0F5
S31508008640BDE8F081039898B90EB9012000E0002032
S3150800865050B900BF502080F31188BFF34F8FBFF386
S315080086606F8F00BF00BFFEE7FFF71AFA0020E6E7A4
S31508008670B8F1000F04D16846FFF700FB4FF0010878
S31508008680FFF70EFAFFF7F2FBFFF7E0F994F944005B
S31508008690401C10B9002084F8440094F94500401C99
S315080086A010B9002084F84500FFF7FAF903A96846CF
S315080086B000F046F840BB2046FEF7D2FAF0B1206833
S315080086C038B9FFF7C3F9A06800F028FA0646FFF79D
S315080086D0E7F904F124000399FFF7E2FA2046FEF7CA
S315080086E007FB00F0C3FA002888D14FF080501349E1
S315080086F00860BFF34F8FBFF36F8F7FE72046FEF703
S31508008700F7FA00F0B3FA79E72046FEF7F1FA00F037
S31508008710ADFA2046FEF7A4FA0028EED05EB1FFF7C0
S3150800872095F92046FEF76AF907463946A068FFF725
S31508008730D3FAFFF7B5F9002081E7000004ED00E061
S3150800874070B505460C4655B900BF502080F3118810
S31508008750BFF34F8FBFF36F8F00BF00BFFEE754B95B
S3150800876000BF502080F31188BFF34F8FBFF36F8F80
S3150800877000BF00BFFEE7FFF769F91248026868689C
S31508008780131A2068401C08B9002617E00E49286805
S315080087900968884204D06868904201D801260DE02D
S315080087A02068984207D92068C01A20602846FFF733
S315080087B065FA002602E0002020600126FFF770F91E
S315080087C0304670BD24030020380300202DE9FF4FF2
S315080087D085B0804689461746DDE912ABB800FEF734
S315080087E0C7FA064656B15420FEF7C2FA04460CB13B
S315080087F0266304E03046FFF771F900E000248CB1E7
S31508008800002084F85100CDE900ABCDE902403A4694
S3150800881049464046089BFEF760F92046FDF7F4FFF7
S31508008820012501E04FF0FF35284609B0BDE8F08F75
S315080088302DE9F04F85B00746884691469A46DDE908
S315080088400EB6109C0EB1012000E0002050B900BF02
S31508008850502080F31188BFF34F8FBFF36F8F00BF8F
S3150800886000BFFEE70CB1012000E0002050B900BFB0
S31508008870502080F31188BFF34F8FBFF36F8F00BF6F
S3150800888000BFFEE7542003900398542801D1012025
S3150800889000E0002050B900BF502080F31188BFF3D4
S315080088A04F8FBFF36F8F00BF00BFFEE700BFB4B1A5
S315080088B0AEB125462C462E63022085F851000020CD
S315080088C004A953464A46CDE900B1CDE902504146CE
S315080088D03846FEF702F92846FDF796FF01E0002024
S315080088E00490049805B0BDE8F08F000005490968B2
S315080088F009B9012005E00449096809B9022000E020
S31508008900002070472C030020480300202DE9F04181
S315080089104FF000084448006800287CD143480068A6
S31508008920451C4248056015BB41480068006808B9FF
S31508008930012000E0002050B900BF502080F31188C4
S31508008940BFF34F8FBFF36F8F00BF00BFFEE73848F6
S315080089500768384800683649086036480760364868
S315080089600068401C34490860FEF788F900BF3348A0
S31508008970006885423CD300BF2D480068006808B9E6
S31508008980012000E0002020B14FF0FF302B4908609D
S315080089902DE027480068C068C4686668B54202D2F8
S315080089A02648066023E0201DFEF7FAFFA06A18B1E4
S315080089B004F11800FEF7F4FF94F82C100120884003
S315080089C01F49096808431E490860E16A01EB8101ED
S315080089D01C4A02EB8100211DFFF72CF81A49E06AB0
S315080089E00968C96A8842C7D34FF00108C4E700BFBF
S315080089F015480068C06A00EB8000124951F820004B
S31508008A00012801D94FF001081048006808B14FF055
S31508008A10010805E0FFE70E480068401C0C4908609D
S31508008A204046BDE8F08100004803002024030020EA
S31508008A3014030020180300203803002040030020F8
S31508008A402803002044C4002010030020340300201B
S31508008A503003002070B505462C460026002D55D05B
S31508008A602B480068844201D1012000E0002050B95B
S31508008A7000BF502080F31188BFF34F8FBFF36F8F6D
S31508008A8000BF00BFFEE7A06C50B900BF502080F3BE
S31508008A901188BFF34F8FBFF36F8F00BF00BFFEE78C
S31508008AA0A06C401EA064616CE06A88422ED0A06C5F
S31508008AB060BB201DFEF774FF78B9E06A00EB800002
S31508008AC0144951F8200040B994F82C100120884028
S31508008AD011490968814310480160606CE062E06AE8
S31508008AE0C0F10700A06194F82C10012088400A49BB
S31508008AF00968084308490860E16A01EB8101054AEB
S31508008B0002EB8100211DFEF795FF0126304670BD58
S31508008B101003002044C400202803002070B5054631
S31508008B202C460026002D4DD02749E06A0968C96AF7
S31508008B30884240D2A06900F0004028B9224800685F
S31508008B40C06AC0F10700A061E16A01EB81011F4A12
S31508008B5002EB81016069884201D1012000E0002012
S31508008B6018B3201DFEF71CFF40B994F82C100120FD
S31508008B70884017490968814315480160124800680A
S31508008B80C06AE06294F82C100120884010490968F0
S31508008B9008430F490860E16A01EB81010B4A02EBC1
S31508008BA08100211DFEF746FF03E007480068C06AFA
S31508008BB0E062012606E00449606C0968C96A8842D1
S31508008BC000D20126304670BD1003002044C40020A0
S31508008BD02803002070B50646F068C46854B900BF7B
S31508008BE0502080F31188BFF34F8FBFF36F8F00BFFC
S31508008BF000BFFEE704F11800FEF7D2FE154800682C
S31508008C00A8B9201DFEF7CCFE94F82C100120884048
S31508008C1011490968084310490860E16A01EB8101B6
S31508008C200E4A02EB8100211DFEF704FF04E004F161
S31508008C3018010B48FEF7FEFE0A49E06A0968C96A88
S31508008C40884204D9012501200749086000E000256B
S31508008C50284670BD480300202803002044C400208D
S31508008C60F8C40020100300203403002070B5002447
S31508008C7000263648006850B900BF502080F3118896
S31508008C80BFF34F8FBFF36F8F00BF00BFFEE7FEF73E
S31508008C90DDFE2E480068401E2C490860084600681C
S31508008CA000284FD12A48006800284BD024E02948DC
S31508008CB0C068C46804F11800FEF772FE201DFEF7AE
S31508008CC06FFE94F82C100120884023490968084350
S31508008CD021490860E16A01EB8101204A02EB810023
S31508008CE0211DFEF7A7FE1E49E06A0968C96A88427F
S31508008CF002D301201B4908601648006808B90120FC
S31508008D0000E000200028D2D00CB1FDF7B7FF1648C6
S31508008D10056865B100BFFFF7F9FD10B101201149DB
S31508008D2008606D1E002DF6D100200F4908600D4819
S31508008D30006838B1012630070C490860BFF34F8F29
S31508008D40BFF36F8FFEF7ACFE304670BD48030020B8
S31508008D5020030020F8C400202803002044C4002073
S31508008D6010030020340300203003002004ED00E047
S31508008D7070B50446FF2C08DC322004FB00F5E81722
S31508008D8005EB5060C0F3CF1070BDA4F5807118A034
S31508008D90FCF79CFBA4F58070322200FB02F114A0BC
S31508008DA0FCF794FBA4F58070322100FB01F6F0175E
S31508008DB006EB106001120EA0FCF788FBA4F5807084
S31508008DC0322200FB02F6F01706EB1060001200F1E3
S31508008DD0640107A0FCF77AFBA4F58070322200FB39
S31508008DE002F1C81701EB10600012643080B2CBE7BD
S31508008DF025640D0A000000000146642907DAC1EB64
S31508008E0001104000642290FBF2F080B27047C82936
S31508008E100BDAA1F16400C0EBC00000EB800064220D
S31508008E2090FBF2F01E3080B2F0E7B1F5967F09DAD2
S31508008E30A1F1C80000EB4010642290FBF2F041302B
S31508008E4080B2E3E7A1F596704001642290FBF2F048
S31508008E50623080B2DAE7FFAA6988B5FFAA00000087
S31508008E60FFAA010800FFAA010400FFAA610000FF8B
S31508008E70AA61010000100240010000000010024033
S31508008E8002000000BC4100200000000000000000B5
S31508008E900008024000400000000802400080000070
S31508008EA004420020000000000100000000140240F7
S31508008EB00100000000140240020000004C4200209D
S31508008EC0000000000000000000140240040000003A
S31508008ED00014024008000000944200200000000030
S31508008EE00100000001000000020000000000000070
S31508008EF00000000001000000020000000000000061
S31508008F0000000000549100087547000800000000A2
S31508008F1000000000800000000000000000000000C3
S31508008F2040910008850B0008FDFF000000000000C6
S31508008F300001000000000000000000007C9100080D
S31508008F409D470008FDFF0000000000000002000029
S31508008F500000000000000000349100081D480008C9
S31508008F60FDFF000000000000800000000000000077
S31508008F7000000000749100082B480008FDFF00005F
S31508008F800000000080000000000000000000000053
S31508008F908C91000839480008FDFF00000000000019
S31508008FA0000200000000000000000000A091000878
S31508008FB047480008FDFF0000000000008000000090
S31508008FC000000000000000006091000855480008F5
S31508008FD0FDFF000000000000000200000000000085
S31508008FE0000000004891000811760008FDFF000007
S31508008FF0000000000004000000000000000000005F
S315080090006C91000809530008FDFF000000000000ED
S315080090108000000000000000000000009891000891
S31508009020096F0008FDFF00000000000000040000B2
S315080090300000000000000000000000000000000022
S3150800904001020304060708090000000001020304E0
S315080090505B44454255475D20542D72696768742004
S3150800906063726F73733A20737472616967687420E8
S315080090707374657020636F6D706C657465642C20FD
S3150800908072657475726E696E6720746F20464F4CF0
S315080090904C4F575F4C494E450A0000005B44454219
S315080090A055475D205475726E20616374696F6E3A18
S315080090B02066726F6D3D256420746F3D25642C20F3
S315080090C0646966663D25642C207461726765745F01
S315080090D07961773D252E32662C207475726E5F7421
S315080090E061726765743D252E32660A005B44454207
S315080090F055475D20542D72696768742063726F73D3
S3150800910073202836293A20616C6C2064697265637D
S3150800911074696F6E7320766973697465642C20634D
S315080091206F6E74696E75696E6720737472616967AC
S3150800913068740A005553335F4A59393100000000F4
S31508009140756172743100000072756E5F7265636FC7
S315080091507264000064656661756C745461736B00B3
S3150800916072756E5F7461736B000000005247427738
S3150800917061726E00656E636F646572005541525484
S31508009180345F6D6F6E69746F7200000072756E5F82
S315080091906D6F746F720000007265636F726473009E
S315080091A072686F5F67657400C89100080000002048
S315080091B05003000038090008EC920008500300200C
S315080091C0E8C50000B055000821100BA040D7A33011
S315080091D03FCDCC4C3F1CC079C410780D42CDCC0C89
S315080091E0400AD7633F66666614091228210A11C029
S315080091F0140B10304114180B40408FC2F53E0AD7A5
S31508009200A33D10FAC2645914B928793CFA60148C43
S315080092109A99D978793C1E90407B146E146B0C4051
S31508009220142C6666E624EA3E2859148A3E14FA6027
S315080092303C38083333B340C3F5284069141C5C8FA7
S31508009240928C1E753F9A9999501A8C141A8C8C6AAE
S315080092509964192849141C85EB51641ACC284B7952
S3150800926040B43AB43C29507C9A99193C212BC64201
S315080092705029F849283AF05019EC1A3C0819501B9D
S31508009280C8C10422411B803E141A3B3C19141AF02B
S31508009290142CF0410101510515436F3630080811A9
S315080092A0313137336B6556190C1333333219136A58
S315080092B079169504340596123212951A315A0B14FA
S315080092C035375A0A143240195A0A143619130A0E2F
S315080092D0127A12881241121912070260045324F4F2
S311080092E032100223011AAA0101480000FE
S7050800018968
