:020000040800F2
:1000000038C9002061020008C1380008C12D00086D
:10001000B9360008810B00084952000800000000B2
:10002000000000000000000000000000A101000826
:10003000A10C000800000000FD0100086D48000848
:100040007B0200087B0200087B0200087B0200089C
:100050007B0200087B0200087B0200087B0200088C
:100060007B0200087B0200087B0200087B0200087C
:100070007B0200087B0200087B0200087B0200086C
:100080007B0200087B0200087B0200087B0200085C
:100090007B0200087B0200087B0200087B0200084C
:1000A0007B0200087B0200087B0200087B0200083C
:1000B0007B0200087B0200087B0200087B0200082C
:1000C0007B0200087B0200087B0200087B0200081C
:1000D0007B0200083D5100084D5100085D510008A9
:1000E0007B0200087B0200087B0200087B020008FC
:1000F0007B0200087B0200087B0200087B020008EC
:100100007B0200087B0200087B0200087B020008DB
:100110007B020008394C00086D4900087B0200088A
:100120007B0200087B0200087B0200087B020008BB
:100130007B0200087B0200087B0200087B020008AB
:100140007B0200087B0200087B0200087B0200089B
:100150007B0200087B0200087B0200087B0200088B
:100160007B0200087B0200087B0200087B0200087B
:100170007B0200087B0200087B02000800000000F0
:100180007B0200087B020008DFF810D000F0B0FB13
:100190000048004745630008AFF3008038C90020DD
:1001A0002C4B19680868B0E8F04F80F30988BFF35A
:1001B0006F8F4FF0000080F311887047000000003F
:1001C00008480068006880F308884FF0000080F35A
:1001D000148862B661B6BFF34F8FBFF36F8F00DF35
:1001E00000BF00BF08ED00E0DFF80C00016841F43B
:1001F00070010160704700BF88ED00E0EFF30980F7
:10020000BFF36F8F134B1A681EF0100F08BF20ED5D
:10021000108A20E9F04F106009B44FF0500080F3CD
:100220001188BFF34F8FBFF36F8F07F027FE4FF09A
:10023000000080F3118809BC19680868B0E8F04F25
:100240001EF0100F08BFB0EC108A80F30988BFF3CE
:100250006F8F704710030020EFF305807047000098
:100260000648804706480047FEE7FEE7FEE7FEE750
:10027000FEE7FEE7FEE7FEE7FEE7FEE75949000876
:10028000890100082DE9F05F0546002092469B4653
:1002900088460646814640241BE02846414647469C
:1002A000224600F052F953465A46C01A914110D3E3
:1002B00011461846224600F039F92D1A67EB01085D
:1002C0004F4622460120002100F030F917EB0009CB
:1002D0004E41201EA4F10104DFDC484631462A4687
:1002E0004346BDE8F09F40EA01039B0703D009E0C5
:1002F00008C9121F08C0042AFAD203E011F8013B12
:1003000000F8013B521EF9D27047D2B201E000F86A
:10031000012B491EFBD270470022F6E710B51346A9
:100320000A4604461946FFF7F0FF204610BD421C5E
:1003300010F8011B0029FBD1801A70472DE9FE4FF0
:1003400081EA030404F0004421F0004100944FF0DE
:10035000000B23F0004350EA01045ED052EA03048C
:100360005BD0C3F30A54C1F30A552C44A4F2F3340E
:100370000194A0FB0254C1F3130141F48011C3F3B3
:10038000130343F4801301FB024400FB034E840A71
:10039000970A44EA815447EA8357A4FB0768029509
:1003A0008D0A05FB07854FEA932C04FB0C542705A7
:1003B000029D4FEA065847EA1637B5EB08056EEB83
:1003C000070C870E920E47EA811742EA8312A7FBB9
:1003D0000201B6EB0B0164EB00042B0D43EA0C3376
:1003E0005E1844EB1C50DA465146E7FB0201C5F3A8
:1003F00013044FEA0B3343EA14534FEA0432019CCF
:1004000043EA0603A4F10C040294009CCDE900B475
:1004100000F0F1F803B0BDE8F08F00200146F9E7E5
:100420000EB5C10F80EAE0700844CA07002140F20F
:1004300033438DE80E000A460B4600F0DCF803B0AB
:1004400000BD00F0004230F000400AD0C10D01F5BF
:100450006071C0F3160042EA0151C208400711431F
:10046000704700200146704730B5041E71F100044A
:1004700004DB4FF00044404264EB0101141E73F1B1
:10048000000405DB1C464FF00043524263EB0403BB
:100490008B4208BF824230BD30B5041E71F10004AA
:1004A00004DB4FF00044404264EB0101141E73F181
:1004B000000405DB1C464FF00043524263EB04038B
:1004C000994208BF904230BD01F0004330B421F0A2
:1004D000004150EA010206D00A0DA2F56072C1F394
:1004E0001301002A02DC30BC00207047440F44EAAC
:1004F000C104C100E01830BC00EBC25000F035B8B8
:1005000030B50B46014600202022012409E021FAE3
:1005100002F59D4205D303FA02F5491B04FA02F5E0
:100520002844151EA2F10102F1DC30BD202A04DBB3
:10053000203A00FA02F1002070479140C2F12003F6
:1005400020FA03F3194390407047202A04DB203A35
:1005500021FA02F00021704721FA02F3D040C2F1E3
:10056000200291400843194670470029A8BF7047F0
:10057000401C490008BF20F00100704710B4B0FAD9
:1005800080FC00FA0CF050EA010404BF10BC704774
:1005900049B1CCF1200421FA04F411FA0CF118BF8E
:1005A000012121430843A3EB0C01CB1D4FEA00615D
:1005B0004FEA102042BF002010BC704700EBC35030
:1005C00010440029A4BF10BC7047401C490008BF5C
:1005D00020F0010010BC704710B5141E73F1000428
:1005E00008DA401C41F1000192185B411A4301D125
:1005F00020F0010010BD2DE9F04D92469B4611B14F
:10060000B1FA81F202E0B0FA80F220329046FFF7B0
:100610008DFF04460F4640EA0A0041EA0B015346AB
:100620005A46084313D0114653EA010019D0C8F1C5
:1006300040025046FFF789FF05460E465046594690
:100640004246FFF773FF084305D0012004E020462F
:100650003946BDE8F08D0020054346EAE0762C439C
:1006600037430A986305E40AA0EB08000022FD0A5C
:1006700044EA47540A3002D500200146E9E7010563
:1006800010196941DDE9084500196941BDE8F04DDF
:10069000A2E72DE9FE4F804681EA0300C00F0C4619
:1006A000009021F0004123F00045B8EB0200A94181
:1006B00005D24046214690461C460B46024623F092
:1006C0000040104347D0270DC7F30A00C3F30A5177
:1006D0000290401A019040286BDAC3F3130040F4F3
:1006E000801B0098924620B10023D2EB030A63EBF3
:1006F0000B0B01985946C0F140025046FFF716FF18
:1007000006460D4650465946019A00F003F910EB93
:1007100008006141002487EA115284EAE7731A4312
:1007200040D0009A62B3019A012A4FEA075215DCC1
:10073000001B61EB02014FF0004202EA0752CDE9D3
:100740000042001C41F5801132462B46FFF753FF53
:1007500003B0BDE8F08F40462146F9E7001B61EB8E
:100760000201001C41F5801300185B412018A2F51E
:10077000001747EB030140EAD570B6196D4111E04F
:100780006D084FEA360645EAC0754FEA0752001B6E
:1007900061EB0201001C41F5801149084FEA30006D
:1007A0000019514132462B4603B0BDE8F04FFFF728
:1007B00013BF0098012240000023D0EB020263EB3C
:1007C000E073009821464FEAE074B8EB000061EB5B
:1007D0000401E9E783F000435BE781F0004158E75B
:1007E0002DE9F04D81EA030404F0004B21F00045AF
:1007F00014464FF0000A23F0004150EA050220D0D1
:1008000054EA01021DD0C5F30A570246C5F313038B
:10081000C1F31300C1F30A5640F4801543F480136A
:10082000A7EB0608101BD64608F2FD3873EB05004F
:1008300002D308F1010801E092185B41B8F1000F02
:1008400003DA00200146BDE8F08D00204FF480114E
:10085000064684460EE0171B73EB050705D3121BF3
:1008600063EB050306434CEA010C49084FEA3000EC
:1008700092185B4150EA0107EDD152EA030012D011
:1008800082EA040083EA0501084305D0101BAB414E
:1008900006D20122002306E000224FF0004302E0CE
:1008A0006FF0010253101AEB06004CEB085110EBED
:1008B0000A0041EB0B01BDE8F04DFFF78DBEC1F31F
:1008C0000A52C1F3130140F2FF3341F480119A42FE
:1008D00002DA00200146704740F233439A42A2F206
:1008E000334202DC5242FFF730BEFFF71FBE00006A
:1008F000064C074D06E0E06840F0010394E807006D
:1009000098471034AC42F6D3FFF742FCA891000898
:10091000C8910008202A06DBCB17203A41FA02F0E2
:1009200043EAE07306E041FA02F3D040C2F120024C
:10093000914008431946704770B58C1810F8015B58
:1009400015F0070301D110F8013B2A1106D110F868
:10095000012B03E010F8016B01F8016B5B1EF9D16C
:100960002B0705D40023521E0DD401F8013BFAE7F2
:1009700010F8013BCB1A921C03E013F8015B01F85D
:10098000015B521EF9D5A142D8D3002070BD0000F2
:1009900010B51B48D0ED030AB0EE600A00F00EFA65
:1009A000044618480078844229D004EB8400164994
:1009B00001EB8000D0ED021AB0EE611A04EB840066
:1009C00001EB8000D0ED011AF0EE610A04EB840027
:1009D00001EB8000D0ED001AB0EE610A084805F086
:1009E0009EFE04EB8400084901EB8000D0ED040A70
:1009F000B0EE600A024805F08FFE0248047010BD98
:100A000050030020B90100201400002010B51B483D
:100A1000D0ED030AB0EE600A00F0D0F904461848A1
:100A20000078844229D004EB8400164901EB800051
:100A3000D0ED021AB0EE611A04EB840001EB8000E5
:100A4000D0ED011AF0EE610A04EB840001EB8000A6
:100A5000D0ED001AB0EE610A084805F060FE04EB24
:100A60008400084901EB8000D0ED040AB0EE600A72
:100A7000024805F051FE0248047010BD8C030020AE
:100A8000BA0100207800002010B51B48D0ED030A01
:100A9000B0EE600A00F092F90446184800788442EB
:100AA00029D004EB8400164901EB8000D0ED021A36
:100AB000B0EE611A04EB840001EB8000D0ED011A66
:100AC000F0EE610A04EB840001EB8000D0ED001A27
:100AD000B0EE610A084805F022FE04EB84000849E4
:100AE00001EB8000D0ED040AB0EE600A024805F088
:100AF00013FE0248047010BDC8030020BB01002093
:100B0000DC00002010B51B48D0ED030AB0EE600AEF
:100B100000F054F9044618480078844229D004EBC8
:100B20008400164901EB8000D0ED021AB0EE611A84
:100B300004EB840001EB8000D0ED011AF0EE610AB5
:100B400004EB840001EB8000D0ED001AB0EE610AE6
:100B5000084805F0E4FD04EB8400084901EB80003F
:100B6000D0ED040AB0EE600A024805F0D5FD024857
:100B7000047010BD04040020BC01002040010020CE
:100B800000BFFEE703220021012007F071FA1B4994
:100B900008600846006850B900BF502080F31188F3
:100BA000BFF34F8FBFF36F8F00BF00BFFEE7002181
:100BB0001248006807F0E8FC11A004F087FC15A0BB
:100BC00006F0C8FE00BF4FF0FF310C48006807F088
:100BD000DBFC0128F7D111A006F0BCFE16A006F040
:100BE000B9FE1CA006F0B6FE21A006F0B3FE27A0B9
:100BF00004F06CFC002029490870E4E79002002012
:100C000048656C6C6F204672656552544F530D0AEF
:100C10000000000072657374FFFFFF006D61696E74
:100C20002E74322E7478743D22636F6E6E65637419
:100C300022FFFFFF00000000726F61642E74322EED
:100C40007478743D22636F6E6E65637422FFFFFFDC
:100C5000000000007265636F72642E74322E747827
:100C6000743D22636F6E6E65637422FFFFFF0000A8
:100C700073657474696E672E74322E7478743D22B5
:100C8000636F6E6E65637422FFFFFF00476574201B
:100C900053656D6170686F72650D0A0094020020E3
:100CA0007047000070B504460D4616462560267153
:100CB0003C21206801F090F9002021680968486211
:100CC000E080A0609FED020A84ED030A70BD000081
:100CD0000000000001680968496A09B2C180017911
:100CE00011B9B0F9061002E0B0F90610494209B294
:100CF000C1800021026812685162B0F90620816843
:100D000011448160B0F9061000EE101AB8EEC00A66
:100D1000DFED070A80EE201A9FED060A21EE000A99
:100D2000DFED050A80EE201A80ED031A70470000FF
:100D30000000A544E25CA3410AD7233C10B5002281
:100D400009490A48FFF7AEFF012209490948FFF7A0
:100D5000A9FF002208490948FFF7A4FF002208491B
:100D60000848FFF79FFF10BD9C400020B8040020FA
:100D7000E4400020C80400202C410020D8040020BA
:100D800074410020E804002010B50648FFF7A2FFD8
:100D90000548FFF79FFF0548FFF79CFF0448FFF752
:100DA00099FF10BDB8040020C8040020D80400201A
:100DB000E804002072B600BFFEE70000F3EE0E0A62
:100DC000B4EEE00AF1EE10FA01D200207047F3EE23
:100DD0000E0AB4EEE00AF1EE10FA08DBDFED0D0AC0
:100DE000B4EEE00AF1EE10FA01D20120EEE7DFEDF9
:100DF000090AB4EEE00AF1EE10FA08DBDFED060AAC
:100E0000B4EEE00AF1EE10FA01D20220DEE7032090
:100E1000DCE7000000006C420000A04270B5044610
:100E2000A56D00F079F9064694F83500022808D03F
:100E30008020606500BF002084F8340000BF0120DE
:100E400070BD2068006820F01600216808602068E6
:100E5000406920F0800021684861206C08B9A06CCE
:100E600028B12068006820F0080021680860206828
:100E7000006820F001002168086010E000F04CF9E3
:100E8000801B05280BD920206065032084F83500DD
:100E900000BF002084F8340000BF0320D0E72068A2
:100EA000006800F001000028E8D194F85C103F20B1
:100EB0008840A860012084F8350000BF002084F835
:100EC000340000BF00BFBBE7014691F8350002289F
:100ED00003D08020486501207047052081F8350047
:100EE0000868006820F001000A6810600020F3E73D
:100EF00070B5044600F010F906462546681C10B18E
:100F000004480078054400BF00F006F9801BA842A1
:100F1000FAD370BDE0020020F8B502460B4600256A
:100F2000002400200021D6E0012606FA01F51E6803
:100F300006EA0504AC4274D11E7906F00306012EC0
:100F400004D01E7906F00306022E13D190684F00DC
:100F50000326BE40B0434F00DE68BE403043906081
:100F6000506801268E40B0431E79C6F300168E40AD
:100F7000304350601E7906F00306032E09D0D06876
:100F80004F000326BE40B0434F009E68BE40304332
:100F9000D0601E7906F00306022E13D1CF0802F1AD
:100FA000200656F827004E07F70E0F26BE40B04326
:100FB0004F07FF0E1E69BE403043CF0802F12006E6
:100FC00046F8270010684F000326BE40B0431E7944
:100FD00006F003064F00BE40304310605E6806F422
:100FE0004036002E76D000BF002600963C4E366874
:100FF00046F480463A4F3E603E46366806F48046E8
:10100000009600BF00BF374E8F0856F827008E07A6
:10101000370F0F26BE40B043334EB24202D10026F6
:1010200024E057E0314EB24201D101261EE0304E9D
:10103000B24201D1022619E02E4EB24201D103265E
:1010400014E02D4EB24201D104260FE02B4EB242E5
:1010500001D105260AE02A4EB24201D1062605E05A
:10106000284EB24201D1072600E008268F073F0F25
:10107000BE4030431B4E8F0846F82700224E306892
:10108000A0435E6806F4801606B120431E4E306011
:10109000361D3068A0435E6806F4001606B1204392
:1010A000194E361D3060184E361F3068A0435E68FA
:1010B00006F4003606B12043134E361F3060361F4B
:1010C0003068A0435E6806F4803606B120430E4EB9
:1010D000083E3060491C1029FFF426AFF8BD00001F
:1010E0004438024008380140000002400004024039
:1010F00000080240000C02400010024000140240B0
:1011000000180240001C0240083C01400AB1816105
:1011100001E00B04836170470148006870470000DC
:10112000D8020020034800680349097808440149AF
:1011300008607047D8020020E002002010B50D487A
:10114000006840F400700B4908600846006840F4ED
:10115000806008600846006840F4807008600320E2
:1011600000F0E0F80F2000F007F800F05FF8002032
:1011700010BD0000003C02402DE9F04188B004465B
:101180000027B84600BF002001902348006840F0C7
:101190001000214908600846006800F01000019026
:1011A00000BF00BF02A903A800F092F9069F1FB973
:1011B00000F0B6F9054602E000F0B2F94500174824
:1011C000B5FBF0F0A0F1010815481649086040F29F
:1011D000E7311448C160C0F80480002101618160DA
:1011E000816100F0BFFC064696B90E4800F04EFD46
:1011F00006466EB9362000F043F8102C07D20022C4
:101200002146362000F050F80748046000E001262F
:10121000304608B0BDE8F0814038024040420F003F
:101220000010004054400020DC02002008B500BF40
:10123000002000901148006840F480400F49086089
:101240000846006800F48040009000BF00BF00BF67
:1012500000200090081F006840F08050091F0860BF
:101260000846006800F08050009000BF00BF0022D8
:101270000F21901E00F018F808BD0000443802400D
:101280000146084600280DDB00BF00BF00F01F0329
:1012900001229A4043099B0003F1E023C3F8002197
:1012A00000BF00BF00BF70472DE9F05F80460D46CC
:1012B0001646002704F04EF9074639462A463346BB
:1012C00001F00700C0F1070ABAF1040F02D94FF08C
:1012D000040A01E0C0F1070AD14600F1040ABAF19C
:1012E000070F02D24FF0000A01E0A0F1030AD44632
:1012F0004FF0010A0AFA09FAAAF1010A0AEA020AF7
:101300000AFA0CFA4FF0010B0BFA0CFBABF1010BD4
:101310000BEA030B4AEA0B042146404604F022F98B
:10132000BDE8F09F00BF00F00702064B19684FF6BA
:10133000FF031940044B0B4343EA0221014B1960A0
:1013400000BF70470CED00E00000FA0570B50446E0
:101350000D460CB9012070BD5848006800F0070028
:10136000A84209D255490D700846006800F00700F0
:10137000A84201D00120EEE7207800F00200022808
:101380001DD1207800F00400042805D14C480068E5
:1013900040F4E0504A490860207800F0080008282E
:1013A00005D14748006840F460404549086044481A
:1013B000006820F0F000A1680843414908602078E7
:1013C00000F00100A8B36068012807D13C48083844
:1013D0000068C0F34040B8B90120BCE7606802284B
:1013E00002D06068032807D1354808380068C0F388
:1013F000406048B90120AEE7314808380068C0F3C2
:10140000400008B90120A6E72D48006820F003003D
:10141000616808432A490860FFF77EFE064609E036
:10142000FFF77AFE801B41F28831884202D90320FF
:1014300091E707E02248006800F00C006168B0EB1B
:10144000810FEDD11D48006800F00700A84209D9BE
:101450001A490D700846006800F00700A84201D044
:10146000012078E7207800F00400042807D1144810
:10147000006820F4E050E1680843114908602078D2
:1014800000F00800082808D10D48006820F46040EA
:10149000216940EAC1000A49086000F061F8084982
:1014A0000968C1F30311074A515CC8400649086046
:1014B00006480068FFF760FE00204CE7003C024051
:1014C0000838024038900008D4020020DC020020D6
:1014D0000F2202600D4A126802F0030242600B4ABA
:1014E000126802F0F0028260084A126802F4E052C8
:1014F000C260064A126802F46042D2080261044ADD
:10150000126802F007020A607047000008380240C3
:10151000003C02400148006870470000D4020020EF
:1015200000B5FFF7F7FF04490968C1F38221034AB8
:10153000515CC84000BD00000838024048900008D7
:1015400000B5FFF7E7FF04490968C1F34231034AD8
:10155000515CC84000BD00000838024048900008B7
:101560002DE9F047002400250026A1462548006803
:1015700000F00C0020B1042805D008283AD105E07D
:10158000DFF8849039E0DFF8849036E01D48001FD2
:10159000006800F03F041B48001F006800F4800052
:1015A00078B11A481749091F0968C1F38811A0FBCF
:1015B00001700146224600233846FEF763FE0546C9
:1015C0000EE011480F49091F0968C1F38811A0FBFB
:1015D00001700146224600233846FEF753FE0546B9
:1015E0000848001F0068C0F30140401C4600B5FBDE
:1015F000F6F902E0DFF8109000BF00BF4846BDE8F2
:10160000F0870000083802400024F40000127A003D
:10161000F8B504460CB90120F8BD207800F00100AF
:10162000002874D0F948006800F00C0004280DD0A0
:10163000F648006800F00C00082813D1F348001F9A
:10164000006800F48000B0F5800F0BD1EF48083837
:101650000068C0F34040002859D06068002856D187
:101660000120D9E700BF6068B0F5803F08D1E748A6
:101670000838006840F48030E449083908601EE00A
:101680006068B0F5A02F0DD1E0480838006840F43C
:101690008020DE49083908600846006840F4803040
:1016A00008600CE0D9480838006820F48030D74939
:1016B000083908600846006820F48020086000BFF0
:1016C000606890B1FFF728FD054606E0FFF724FDAE
:1016D000401B642801D903209EE7CC4808380068E5
:1016E000C0F340400028F1D011E0FFF715FD05469A
:1016F00006E0FFF711FD401B642801D903208BE7AA
:10170000C24808380068C0F340400028F1D1207872
:1017100000F0020002285FD1BC48006800F00C0015
:1017200058B1BA48006800F00C0008281CD1B7482E
:10173000001F006800F48000B0B9B44808380068A1
:10174000C0F3400020B1E068012801D0012063E728
:10175000AE480838006820F0F800216940EAC1006E
:10176000AA490839086037E0E06800B30120A849B9
:101770000860FFF7D1FC054606E0FFF7CDFC401BF3
:10178000022801D9032047E7A04808380068C0F3C1
:1017900040000028F1D09D480838006820F0F8008B
:1017A000216940EAC10099490839086014E0002025
:1017B00097490860FFF7B0FC054606E0FFF7ACFC70
:1017C000401B022801D9032026E79048083800680A
:1017D000C0F340000028F1D1207800F0080008286C
:1017E0002CD16069A8B101208A490860FFF794FCF8
:1017F000054606E0FFF790FC401B022801D90320B4
:101800000AE782486C300068C0F340000028F1D03D
:1018100014E000207F490860FFF77EFC054606E0E3
:10182000FFF77AFC401B022801D90320F4E6774831
:101830006C300068C0F340000028F1D1207800F03F
:101840000400042870D1002770483830006800F088
:10185000805090B900BF002000906C48383000687C
:1018600040F080506949383108600846006800F04F
:101870008050009000BF00BF01276748006800F457
:101880008070B0B96448006840F4807062490860B4
:10189000FFF742FC054606E0FFF73EFC401B02282E
:1018A00001D90320B8E65C48006800F48070002885
:1018B000F2D000BFA068012808D154486830006801
:1018C00040F001005149683108601DE0A06805281A
:1018D0000DD14E486830006840F004004B49683133
:1018E00008600846006840F0010008600CE04748C6
:1018F0006830006820F001004449683108600846FB
:10190000006820F00400086000BFA068A8B1FFF7DD
:1019100003FC054609E0FFF7FFFB401B41F288315D
:10192000884202D9032077E626E03848683000680C
:10193000C0F340000028EED013E0FFF7EDFB0546B2
:1019400008E0FFF7E9FB401B41F28831884201D9EA
:10195000032061E62D4868300068C0F3400000288D
:10196000EFD1012F07D129483830006820F080508E
:1019700026493831086000BFA069002845D02348B7
:10198000006800F00C0008285DD0A069022845D14D
:1019900000201F490866FFF7BFFB054606E0FFF77A
:1019A000BBFB401B022801D9032035E61748083845
:1019B0000068C0F340600028F1D1D4E90701084372
:1019C000616A40EA81110122A06AC2EB500041EA3B
:1019D00000412C20005D41EA00600C49091F0860AD
:1019E00001200B490866FFF797FB054606E0FFF765
:1019F00093FB401B022801D903200DE60348083859
:101A00000068C0F340600028F1D049E00838024087
:101A100000004742800E47420070004000202149EC
:101A20000866FFF779FB054606E0FFF775FB401BEC
:101A3000022801D90320EFE51B480068C0F340608D
:101A40000028F2D12CE0A069012800D1E4E5164875
:101A5000001D0668A069012820D006F48001E06915
:101A600081421BD106F03F01206A814216D147F620
:101A7000C0703040616AB0EB811F0FD106F4403175
:101A80000122A06AC2EB5000B1EB004F06D106F074
:101A900070612C20005DB1EB006F01D00120BBE52F
:101AA0000020B9E500004742003802407047704707
:101AB00030B502460B4600BF92F83C00012801D128
:101AC000022030BD012082F83C0000BF022082F8D5
:101AD0003D00106844681068816824F0700418683C
:101AE000044310684460184D1068A8421BD0106869
:101AF000B0F1804F17D0154D1068A84213D0144D87
:101B00001068A8420FD0134D1068A8420BD0124D98
:101B10001068A84207D0114D1068A84203D0104D9C
:101B20001068A84205D121F080015868014310686F
:101B30008160012082F83D0000BF002082F83C0057
:101B400000BF00BFBDE700000000014000040040EE
:101B500000080040000C004000040140004001402B
:101B60000018004010B504460CB9012010BD94F8CF
:101B70003D0028B9002084F83C00204600F026F8FB
:101B8000022084F83D00211D206802F0F7FE0120AC
:101B900084F8460000BF84F83E0001213F20015533
:101BA000402001554120015500BF00BF012084F8AD
:101BB000420043200155442001554520015500BFF6
:101BC000012084F83D000020D0E7000008B52A4A33
:101BD000016891420FD100BF002100912749096897
:101BE00041F40031254A11601146096801F40031C1
:101BF000009100BF3FE0224A016891420FD100BF2F
:101C0000002100911D49096841F480211B4A11609F
:101C10001146096801F48021009100BF2BE0194AA8
:101C20000168914211D100BF002100911349091FA1
:101C3000096841F08001114A121F116011460968BC
:101C400001F08001009100BF15E00F4A0168914248
:101C500011D100BF002100910849091F096841F412
:101C60008071064A121F11601146096801F48071E3
:101C7000009100BF00BF08BD00440140443802404D
:101C800000480140001C004000200040014691F83F
:101C90003D00012801D001207047022081F83D005D
:101CA0000868C06840F001000B68D8601A4B0868EB
:101CB00098421BD00868B0F1804F17D0174B0868C6
:101CC000984213D0164B086898420FD0154B0868FD
:101CD00098420BD0144B0868984207D0134B086801
:101CE000984203D0124B086898420CD1086880686B
:101CF00000F00702062A0CD00868006840F00100D6
:101D00000B68186005E00868006840F001000B6887
:101D100018600020C0E700000000014000040040FF
:101D200000080040000C0040000401400040014059
:101D3000001800402DE9F04104460D4614B9012079
:101D4000BDE8F08194F83D0028B9002084F83C00FB
:101D5000204600F053F8022084F83D002068806897
:101D600044F20701884321688860211D206802F041
:101D700005FE2068D0F80880206886692068076A18
:101D8000286840EA080840F203308643A969A86839
:101D900040EA0120064340F60C4086434FF2F00033
:101DA0008643E969E86840EA0120064328690001A2
:101DB000296A40EA0130064327F0220727F0880706
:101DC0006969686840EA011007432068C0F8088024
:101DD0002068866120680762012084F8460084F844
:101DE0003E0001213F200155012084F8420043209C
:101DF0000155012084F83D000020A1E710B586B010
:101E00000446142101A8FEF787FA6C49206888422D
:101E100030D100BF002000906948006840F0010008
:101E2000674908600846006800F00100009000BFA4
:101E300000BF00BF0020009061481438006840F0E7
:101E400010005F49143908600846006800F010006F
:101E5000009000BF00BF4FF420600190022002906C
:101E60000020039004900120059001A95548FFF738
:101E700053F8A1E02068B0F1804F31D100BF0020BD
:101E800000904F48001F006840F001004C49091FB6
:101E900008600846006800F00100009000BF00BF25
:101EA00000BF0020009046481438006840F0010050
:101EB0004349143908600846006800F001000090AA
:101EC00000BF00BF2220019002200290002003905A
:101ED00004900120059001A93B48FFF71DF86BE035
:101EE0003A492068884231D100BF00200090344830
:101EF000001F006840F002003149091F08600846D1
:101F0000006800F00200009000BF00BF00BF00208A
:101F100000902B481438006840F00100284914391B
:101F200008600846006800F00100009000BF00BF94
:101F3000C020019002200290002003900490022013
:101F4000059001A92048FEF7E7FF35E02049206809
:101F5000884231D100BF002000901948001F00685E
:101F600040F004001649091F08600846006800F0A8
:101F70000400009000BF00BF00BF00200090104888
:101F80001438006840F008000D491439086008460C
:101F9000006800F00800009000BF00BF4FF4405000
:101FA00001900220029000200390049002200590EE
:101FB00001A90848FEF7B0FF06B010BD00000140BF
:101FC000443802400010024000000240000400407B
:101FD00000080040000C02402DE9F04304460D4685
:101FE00094F83E603F20075D94F84280432010F84B
:101FF00004906DB9012E02D1B8F1010F02D0012079
:10200000BDE8F083022084F83E0084F8420025E019
:10201000042D0CD1012F02D1B9F1010F01D0012003
:10202000EEE702213F2001554320015516E0012E25
:1020300007D1012F05D1B8F1010F02D1B9F1010F7C
:1020400001D00120DCE7022084F83E0002213F207D
:102050000155022084F842004320015515B1042D9A
:102060000CD105E001220021206802F0F7FC10E00D
:1020700001220421206802F0F1FC0AE00122002183
:10208000206802F0EBFC01220421206802F0E6FC4B
:1020900000BF00BF2068006840F0010021680860B0
:1020A0000020ADE7704770B504462068C568206819
:1020B000066906F00200022819D105F00200022884
:1020C00015D1401F216808610120207720688069B0
:1020D00000F0030018B12046FFF7E4FF05E02046BA
:1020E00000F034F9204600F0E8F90020207706F0EF
:1020F0000400042819D105F00400042815D1C043B8
:1021000021680861022020772068806900F440700F
:1021100018B12046FFF7C6FF05E0204600F016F98B
:10212000204600F0CAF90020207706F008000828B1
:1021300019D105F00800082815D1C04321680861AD
:10214000042020772068C06900F0030018B1204601
:10215000FFF7A8FF05E0204600F0F8F8204600F061
:10216000ACF90020207706F01000102819D105F0F6
:102170001000102815D1C04321680861082020777D
:102180002068C06900F4407018B12046FFF78AFF4C
:1021900005E0204600F0DAF8204600F08EF9002035
:1021A000207706F0010048B105F0010030B16FF072
:1021B000010021680861204600F006FA06F0800060
:1021C000802809D105F08000802805D1C04321680E
:1021D00008612046FFF76AFC06F04000402809D15C
:1021E00005F04000402805D1C04321680861204621
:1021F00000F0F6F906F02000202809D105F02000B3
:10220000202805D1C043216808612046FFF74FFC14
:1022100070BD000010B586B00446142101A8FEF779
:102220007BF84449206888421DD100BF00200090FF
:102230004148006840F020003F49086008460068B7
:1022400000F02000009000BF00BF4020019002205D
:1022500002900020039004900320059001A93748C4
:10226000FEF75AFE64E03649206888421DD100BF5F
:10227000002000903048006840F020002E4908609F
:102280000846006800F02000009000BF00BF8020DA
:1022900001900220029000200390049003200590FA
:1022A00001A92648FEF738FE42E026492068884208
:1022B0001DD100BF002000901F48006840F02000A2
:1022C0001D4908600846006800F02000009000BF2B
:1022D00000BF881501900220029000200390049016
:1022E0000920059001A91548FEF716FE20E01649C1
:1022F000206888421CD100BF002000900E48006872
:1023000040F020000C4908600846006800F02000FA
:10231000009000BF00BF48150190022002900020ED
:10232000039004900920059001A90448FEF7F4FDEC
:1023300006B010BD00440140303802400014024095
:1023400000480140001C00400020004070472DE97B
:10235000F04104460D461646002700BF94F83C00A5
:10236000012802D10220BDE8F081012084F83C0060
:1023700000BF36B1042E1BD0082E31D00C2E5ED1FA
:1023800045E02946206802F07BFB2068806940F028
:102390000800216888612068806920F004002168B5
:1023A000886120688069296908432168886148E05C
:1023B0002946206802F09CFB2068806940F4006098
:1023C000216888612068806920F4806021688861C4
:1023D00020688069296940EA01202168886130E02D
:1023E0002946206802F0C2FB2068C06940F008005E
:1023F0002168C8612068C06920F004002168C861B4
:102400002068C069296908432168C86119E0294624
:10241000206802F0E7FB2068C06940F40060216892
:10242000C8612068C06920F480602168C8612068A4
:10243000C069296940EA01202168C86101E00127DB
:1024400000BF00BF00BF002084F83C0000BF38463A
:1024500089E710B504460CB9012010BD94F83D0081
:1024600028B9002084F83C00204600F025F802201E
:1024700084F83D00211D206802F080FA012084F8D4
:10248000460000BF84F83E0001213F200155402056
:1024900001554120015500BF00BF012084F84200D2
:1024A00043200155442001554520015500BF01201E
:1024B00084F83D000020D0E77047704770B50446AF
:1024C0000D4615B994F83E000BE0042D02D13F20D3
:1024D000005D06E0082D02D14020005D01E04120B2
:1024E000005D012801D0012070BD1DB9022084F8D3
:1024F0003E000EE0042D03D102213F20015508E0EB
:10250000082D03D102214020015502E00221412083
:10251000015501222946206802F0A0FA23492068CB
:10252000884203D022492068884201D1012000E07E
:10253000002028B12068406C40F4004021684864C5
:102540001A49206888421BD02068B0F1804F17D00C
:1025500018492068884213D01749206888420FD054
:102560001649206888420BD011492068884207D05C
:1025700013492068884203D01249206888420CD150
:102580002068806800F00706062E0CD020680068DE
:1025900040F001002168086005E02068006840F014
:1025A00001002168086000209EE700000000014053
:1025B000000401400004004000080040000C0040FE
:1025C000004001400018004010B50446034920684F
:1025D000884201D1FEF7A6FD10BD000000100040AA
:1025E00070477047704700002DE9F84F0446206897
:1025F00005682068C668206847694FF00009CA4628
:1026000005F00F09B9F1000F0AD105F0200038B12B
:1026100006F0200020B1204602F065FBBDE8F88FEF
:10262000B9F1000F7CD007F0010018B906F49070E2
:10263000002875D005F0010030B106F4807018B1A3
:10264000606C40F00100606405F0040030B107F0F8
:10265000010018B1606C40F00200606405F00200F7
:1026600030B107F0010018B1606C40F00400606404
:1026700005F0080048B106F0200010B907F001008D
:1026800018B1606C40F008006064606C002846D0AF
:1026900005F0200028B106F0200010B1204602F01D
:1026A00022FB20684069C0F3801A606C00F00800CB
:1026B00010B9BAF1000F2DD0204602F0CEFA2068F2
:1026C000406900F04000402820D100BF00BF2168D1
:1026D000143151E8001F21F040002168143141E815
:1026E0000002002AF3D100BFE06B50B17F48E16BDC
:1026F0000865E06BFEF7E8FB88B1E06B016D884789
:102700000DE02046FFF76EFF09E009E02046FFF7E5
:1027100069FF04E02046FFF765FF002060647DE765
:10272000206B012878D105F01000002874D006F045
:1027300010000028FAD000BF002000902068006838
:10274000009020684068009000BF00BF206840698A
:1027500000F04000402870D1E06B006840681FFA2C
:1027600080F8B8F1000F58D0A08D404555DDA4F891
:102770002E80E06BC069B0F5807F43D000BF00BF02
:1027800021680C3151E8001F21F4807021680C3160
:1027900041E80002002AF3D100BF00BF00BF21685A
:1027A000143151E8001F21F001002168143141E883
:1027B0000002002AF3D100BF00BF00BF216814311E
:1027C00051E8001F21F040002168143141E8000267
:1027D000002AF3D100BF202084F8420000202063AB
:1027E00000BF00BF21680C3151E8001F21F010002C
:1027F00021680C3141E80002002AF3D100BFE06BF0
:10280000FEF70CFB02206063A08DE28D801A81B27E
:102810002046FFF7E6FE0EE052E0A08D40450AD1CB
:10282000E06BC069B0F5807F05D102206063A18DA7
:102830002046FFF7D6FEF1E6FFE7A08DE18D401AB6
:102840001FFA80F8E08DD0B3B8F1000F37D000BF89
:1028500000BF21680C3151E8001F21F490702168FD
:102860000C3141E80002002AF3D100BF00BF00BFD5
:102870002168143151E8001F21F001002168143152
:1028800041E80002002AF3D100BF202084F8420072
:102890000020206300BF00BF21680C3151E8001FF9
:1028A00021F0100021680C3141E80002002AF3D128
:1028B00000BF0220606341462046FFF792FEADE66E
:1028C00005F0800030B106F0800018B1204602F01B
:1028D000BFFBA3E605F0400030B106F0400018B1A0
:1028E000204602F0F0F999E600BF97E6494C00084F
:1028F00010B504460CB9012010BDA06900B100E07C
:1029000000BF94F8410028B9002084F84000204618
:1029100000F02AF8242084F841002068C06820F4E0
:1029200000502168C860204602F05CFA2068006907
:1029300020F49040216808612068406920F02A0056
:10294000216848612068C06840F400502168C86070
:1029500000206064202084F8410084F842000020B8
:10296000606300BFC8E7000010B586B004461421BC
:1029700001A8FDF7D1FCA6492068884231D100BFEB
:1029800000200090A348006840F40020A14908609E
:102990000846006800F40020009000BF00BF00BFA0
:1029A000002000909B481038006840F004009949CE
:1029B000103908600846006800F00400009000BF6D
:1029C00000BF4FF44060019002200290002003906D
:1029D000032004900820059001A98F48FEF79CFA77
:1029E00013E18E492068884255D100BF0020009035
:1029F0008848006840F480108649086008460068EE
:102A000000F48010009000BF00BF00BF00200090C5
:102A100080481038006840F004007E491039086092
:102A20000846006800F00400009000BF00BF00BF2F
:102A3000002000900846006840F008000860084642
:102A4000006800F00800009000BF00BF88140190EB
:102A5000022002900020039003200490082005909B
:102A600001A96D48FEF758FA042001900220029057
:102A700000200390032004900820059001A96848D5
:102A8000FEF74AFA002205213520FEF70DFC35201D
:102A9000FEF7F6FBB9E06349206888423BD100BFEE
:102AA000002000905B48001D006840F0100059496C
:102AB000091D08600846006800F01000009000BF83
:102AC00000BF00BF0020009052481038006840F05E
:102AD00001005049103908600846006800F0010004
:102AE000009000BF00BF4FF4C06001900220029030
:102AF00000200390032004900720059001A94A4874
:102B0000FEF70AFA002205212520FEF7CDFB25203D
:102B1000FEF7B6FB79E045492068884238D100BF0E
:102B2000002000903B48006840F4003039490860BC
:102B30000846006800F40030009000BF00BF00BFEE
:102B40000020009033481038006840F008003149F8
:102B5000103908600846006800F00800009000BFC7
:102B600000BF60200190022002900020039003200B
:102B700004900720059001A92948FEF7CDF900220D
:102B800005212620FEF790FB2620FEF779FB3CE08E
:102B900027492068884238D100BF002000901D4896
:102BA000006840F480201B4908600846006800F473
:102BB0008020009000BF00BF00BF0020009015489B
:102BC0001038006840F002001249103908600846C9
:102BD000006800F00200009000BF00BF4FF44060AA
:102BE000019002200290002003900320049007200F
:102BF000059001A90F48FEF78FF900220521272033
:102C0000FEF752FB2720FEF73BFB06B010BD00008D
:102C1000004C004040380240000802400050004094
:102C2000000C02400010014000000240004400403F
:102C3000004800400004024070B504460D461646A8
:102C400094F8420020280BD105B10EB9012070BDC7
:102C50000020206332462946204602F0D9F9F6E7E3
:102C60000220F4E710B504460B492068884209D1D8
:102C70000A48007804F060FD012208490848FFF77F
:102C8000DBFF08E007492068884204D10122064999
:102C90000648FFF7D1FF10BD00440040CC020020E1
:102CA000B443002000100140CD0200206C430020FE
:102CB0002DE9F84F04460E46174699464FF0000A94
:102CC00094F84100202850D106B117B90120BDE881
:102CD000F88F00206064212084F84100FEF71CFA80
:102CE0008246A784E784A068B0F5805F04D120699C
:102CF00010B90025B04602E035464FF000081EE04E
:102D00005346002280212046CDF8009002F0D0F9F1
:102D100020B1202084F841000320D8E745B9B8F855
:102D20000000C0F308002168486008F1020803E0D1
:102D30002878216848606D1CE08C401EE084E08C9F
:102D40000028DDD15346002240212046CDF80090D6
:102D500002F0AEF920B1202084F841000320B6E74C
:102D6000202084F841000020B1E70220AFE710B531
:102D7000034693F84100202813D101B10AB901207C
:102D800010BD19629A84DA8400205864212083F8E7
:102D900041001868C06840F080001C68E0600020B6
:102DA000EEE70220ECE70000034A0168914202D1FD
:102DB0000021024A11707047004400407602002052
:102DC00000BFFEE770B50446002534B1012C06D0E3
:102DD000022C06D0032C08D105E00B4D06E00B4D6C
:102DE00004E00B4D02E00B4D00E070BD00BF03237B
:102DF000052229460848FFF75BFF40F6B830FEF78A
:102E000077F800BFF1E70000608E0008658E0008CB
:102E10006A8E00086F8E0008FC43002010B52DED6F
:102E2000028BB0EE408AB0EE480A03F003FBB0EE2E
:102E3000408A2648D0ED020AB0EE600A03F0FAFAA2
:102E4000224880ED020A90ED030AD0ED000A30EE30
:102E5000200A80ED030A90ED020A38EE400AF0EEF7
:102E6000408AB0EE680A03F0E5FAF0EE408A1748AF
:102E700090ED030AD0ED010A30EE200AD0ED030AEE
:102E800080EE801A80ED041A90ED020AD0ED040A5B
:102E900000EEA80A80ED020AD0ED020AB0EE600A48
:102EA00003F0C8FA094880ED020A90ED040AF7EE33
:102EB000000A30EEC00AD0ED030A20EE200A80EDB1
:102EC000030A90ED020ABDEC028B10BD243D0020E8
:102ED0009FED0A0A0A4880ED000A9FED0A0A80ED7C
:102EE000010A9FED090A80ED020AB7EE000A80EDA3
:102EF000030A9FED050A80ED040A70476F12033B39
:102F0000243D00200AD7A33C0000000000B5D5B046
:102F10004D4B0FCB549351AB07C3002151A803F085
:102F2000BEFA4A490860484B10330FCB50934DAB63
:102F300007C300214DA803F0B2FA454908601C22DE
:102F40004149203146A8FDF7CEF9002146A803F0FB
:102F5000BAFA404908601C223B493C313FA8FDF7C2
:102F6000C2F900213FA803F0AEFA3B4908601C22D9
:102F70003549583138A8FDF7B6F9002138A803F0D3
:102F8000A2FA364908601C222F49743131A8FDF796
:102F9000AAF9002131A803F096FA314908601C22F1
:102FA000294990312AA8FDF79EF900212AA803F0AB
:102FB0008AFA2C4908601C222349AC3123A8FDF76A
:102FC00092F9002123A803F07EFA274908601C2209
:102FD0001D49C8311CA8FDF786F900211CA803F083
:102FE00072FA224908601C221749E43115A8FDF73E
:102FF0007AF9002115A803F066FA1D4908601C2221
:103000001C490EA8FDF76FF900210EA803F05BFA2A
:10301000194908601C2217491C3107A8FDF763F9FC
:10302000002107A803F04FFA144908601C22114937
:1030300038316846FDF757F90021684603F043FA36
:103040000F49086055B000BDE48E0008C40200209E
:10305000C8020020980200209C020020A00200204C
:10306000A4020020A8020020AC020020B002002030
:10307000B4020020E48F0008B8020020BC02002047
:10308000C002002000B587B0142102A8FDF744F962
:1030900000BF002001904D48006840F010004B49EF
:1030A00008600846006800F01000019000BF00BFF3
:1030B00000BF002001900846006840F0040008604E
:1030C0000846006800F00400019000BF00BF00BF88
:1030D000002001900846006840F020000860084683
:1030E000006800F02000019000BF00BF00BF00207A
:1030F00001900846006840F08000086008460068BB
:1031000000F08000019000BF00BF00BF00200190D0
:103110000846006840F0010008600846006800F0BA
:103120000100019000BF00BF00BF002001900846D1
:10313000006840F0020008600846006800F00200E5
:10314000019000BF00BF00BF00200190084600684A
:1031500040F0080008600846006800F00800019090
:1031600000BF00BF00220F211948FDF7CFFF00224A
:103170004FF440411748FDF7C9FF00221F211648B0
:10318000FDF7C4FF0F20029001200390002004905F
:10319000059002A90E48FDF7BFFE4FF44040029093
:1031A0000120039000200490059002A90948FDF732
:1031B000B3FE1F2002900120039000200490059090
:1031C00002A90548FDF7A8FE07B000BD303802404F
:1031D00000100240000802400014024000B587B011
:1031E0001C216846FDF798F8164817490860092021
:1031F000486000211448816040F2E731C16000213D
:10320000016180218161FEF7ADFC08B1FDF7D2FDBF
:103210000D48FFF71EF908B1FDF7CCFD60200090C6
:103220000020019002900490002269460648FFF7B2
:103230008EF808B1FDF7BEFD0348FEF7EBFF07B0BF
:1032400000BD000000440140BC41002000B587B033
:103250001C216846FDF760F81648174908600920E8
:10326000486000211448816040F2E731C1600021CC
:10327000016180218161FEF775FC08B1FDF79AFDBF
:103280000D48FFF7E6F808B1FDF794FD60200090C7
:103290000020019002900490002269460648FFF742
:1032A00056F808B1FDF786FD0348FEF7B3FF07B0F7
:1032B00000BD0000004801400442002000B587B076
:1032C0001C216846FDF728F81648174908600420B5
:1032D000486000211448816040F2E731C16000215C
:1032E000016180218161FEF73DFC08B1FDF762FDBF
:1032F0000D48FFF7AEF808B1FDF75CFD60200090C7
:103300000020019002900490002269460648FFF7D1
:103310001EF808B1FDF74EFD0348FEF77BFF07B02E
:1033200000BD0000001C00404C42002000B587B0EA
:103330001C216846FCF7F0FF164817490860042076
:10334000486000211448816040F2E731C1600021EB
:10335000016180218161FEF705FC08B1FDF72AFDBE
:103360000D48FFF776F808B1FDF724FD60200090C6
:103370000020019002900490002269460648FEF762
:10338000E6FF08B1FDF716FD0348FEF743FF07B05F
:1033900000BD0000002000409442002000B58BB02A
:1033A000242102A8FCF7B8FF0020009001901A48E1
:1033B0001A490860002048600021184881604FF6D3
:1033C000FF71C160002101614161816103200290B0
:1033D0000020039001200490002005900C2006900E
:1033E0000020079001200890002009900C200A90EE
:1033F00002A90A48FEF79EFC08B1FDF7DBFC00209D
:103400000090019069460548FEF752FB08B1FDF7B0
:10341000D1FC0BB000BD0000000001409C4000202A
:1034200000B58BB0242102A8FCF776FF00200090A5
:1034300001904FF080401949086000204860002149
:10344000164881604FF6FF71C16000210161816102
:10345000032002900020039001200490002005909A
:103460000C20069000200790012008900020099071
:103470000C200A9002A90948FEF75CFC08B1FDF790
:1034800099FC00200090019069460448FEF710FB6B
:1034900008B1FDF78FFC0BB000BD0000E440002038
:1034A00000B58BB0242102A8FCF736FF0020009065
:1034B0000190194819490860002048600021174808
:1034C00081604FF6FF71C1600021016181610320BD
:1034D00002900020039001200490002005900C2011
:1034E00006900020079001200890002009900C20F1
:1034F0000A9002A90948FEF71DFC08B1FDF75AFC25
:1035000000200090019069460448FEF7D1FA08B106
:10351000FDF750FC0BB000BD000400402C41002022
:1035200000B58BB0242102A8FCF7F6FE0020009025
:103530000190194819490860002048600021174887
:1035400081604FF6FF71C16000210161816103203C
:1035500002900020039001200490002005900C2090
:1035600006900020079001200890002009900C2070
:103570000A9002A90948FEF7DDFB08B1FDF71AFC25
:1035800000200090019069460448FEF791FA08B1C6
:10359000FDF710FC0BB000BD000800407441002096
:1035A00010B50B480B4908604FF4E130486000212A
:1035B00008488160C16001610C2141610021816185
:1035C000C161FFF795F908B1FDF7F4FB10BD0000EC
:1035D000004C0040DC42002010B50B480B4908604D
:1035E0004FF4E1304860002108488160C16001610A
:1035F0000C21416100218161C161FFF779F908B1B6
:10360000FDF7D8FB10BD000000500040244300200F
:1036100010B50B480B4908604FF4E13048600021B9
:1036200008488160C16001610C2141610021816114
:10363000C161FFF75DF908B1FDF7BCFB10BD0000EB
:10364000001001406C43002010B50B480B49086086
:103650004FF4E1304860002108488160C160016199
:103660000C21416100218161C161FFF741F908B17D
:10367000FDF7A0FB10BD000000440040B443002053
:1036800010B50B480B4908604FF4E1304860002149
:1036900008488160C16001610C21416100218161A4
:1036A000C161FFF725F908B1FDF784FB10BD0000EB
:1036B00000480040FC43002000BFFEE770B59CB00E
:1036C00006461EB94FF0FF301CB070BD7022244971
:1036D0006846FCF708FE00253AE006EB4514C5EB0A
:1036E000C5005DF820002060C5EBC500694601EB10
:1036F00080008088A080C5EBC50001EB8000806859
:10370000A060C5EBC50001EB80008089A081C5EBFE
:10371000C50001EB800000692061C5EBC50001EB2D
:10372000800040696061C5EBC50001EB8000007E50
:1037300020760020207760770120A077D4E904016B
:10374000FEF7BCFE0021204602F08AFB681CC5B2D1
:10375000042DC2DB012086F880000020B4E70000C1
:10376000748E000870B504460D46164624B194F8D0
:10377000800008B1042D02DB4FF0FF3070BD6422E1
:103780005142304602F0D2FB064604EB451031466A
:1037900002F066FB0020F1E770B5044604B970BD85
:1037A000002506E004EB4510002102F059FB681CDF
:1037B000C5B2042DF6DB00BFF1E72DE9F041044668
:1037C0000D46164614B194F8800018B94FF0FF303A
:1037D000BDE8F08164225142284602F0A7FB05466D
:1037E00064225142304602F0A1FB064616B9A846B3
:1037F0002F4608E0002E03DD2F466FF0090802E097
:10380000A8466FF00907394604F1200002F028FBB2
:10381000394604F1400002F023FB4146204602F005
:103820001FFB414604F1600002F01AFB0020CFE7C5
:1038300070B504460D46164614B194F8800010B9D0
:103840004FF0FF3070BD64220021284602F06EFB6D
:103850000546AEB9684241B204F1200002F000FB17
:10386000684241B204F1400002F0FAFA29462046CB
:1038700002F0F6FA294604F1600002F0F1FA14E0D1
:10388000294604F1200002F0EBFA294604F1400039
:1038900002F0E6FA684241B2204602F0E1FA6842DC
:1038A00041B204F1600002F0DBFA0020CAE7000038
:1038B00010B50248FFF702FF10BD0000F804002019
:1038C00000BFFEE710B55148D0ED041AB0EE612AF2
:1038D000D0ED021AB0EE611AD0ED011AF0EE610AD5
:1038E000D0ED001AB0EE610ADFED491A494802F046
:1038F000C9FE4948D0ED041AB0EE612AD0ED021A93
:10390000B0EE611AD0ED011AF0EE610AD0ED001AA6
:10391000B0EE610ADFED3E1A404802F0B3FE4048C7
:10392000D0ED041AB0EE612AD0ED021AB0EE611AA1
:10393000D0ED011AF0EE610AD0ED001AB0EE610A86
:10394000DFED331A374802F09DFE3748D0ED041AF8
:10395000B0EE612AD0ED021AB0EE611AD0ED011A74
:10396000F0EE610AD0ED001AB0EE610ADFED281A20
:103970002E4802F087FE2E48D0ED041AB0EE612AE0
:10398000D0ED021AB0EE611AD0ED011AF0EE610A24
:10399000D0ED001AB0EE610ADFED1D1A254802F0E5
:1039A00071FE2548D0ED041AB0EE612AD0ED021A5E
:1039B000B0EE611AD0ED011AF0EE610AD0ED001AF6
:1039C000B0EE610ADFED121A1C4802F05BFEB2EEA7
:1039D0000E0A104802F0AAFEB2EE0E0A0F4802F0DC
:1039E000A5FEB2EE0E0A0F4802F0A0FEB2EE0E0ADD
:1039F0000E4802F09BFE9FED120A0E4802F096FE62
:103A00009FED030A0D4802F091FE10BD000000205A
:103A10000000000050030020640000208C03002000
:103A2000C8000020C80300202C010020040400204E
:103A30009001002040040020A40100207C0400200C
:103A40000000984210B52DED048B4C48007810B959
:103A5000BDEC048B10BDFCF79BFFFCF7D7FFFDF717
:103A600013F8FDF74FF84648D0ED030AB0EE600AB0
:103A7000444802F057FDB0EE408A4348D0ED030AB7
:103A8000B0EE600A414802F04DFDF0EE408A404839
:103A9000D0ED030AB0EE600A3E4802F043FDB0EEFE
:103AA000409A3D48D0ED030AB0EE600A3B4802F070
:103AB00039FDF0EE409A3A4890ED040AB0EE401A13
:103AC00090ED030AF0EE400AB0EE480A02F03DFD28
:103AD000B0EE408A334890ED040AB0EE401A90ED03
:103AE000030AF0EE400AB0EE680A02F02EFDF0EE96
:103AF000408A2D4890ED040AB0EE401A90ED030A7A
:103B0000F0EE400AB0EE490A02F01FFDB0EE409A16
:103B1000264890ED040AB0EE401A90ED030AF0EE4C
:103B2000400AB0EE690A02F010FDF0EE409ABDEED8
:103B3000C80A10EE100A42B200211D48FFF712FE1B
:103B4000BDEEE80A10EE100A42B201211848FFF754
:103B500009FEBDEEC90A10EE100A42B20221144855
:103B6000FFF700FEBDEEE90A10EE100A42B2032193
:103B70000F48FFF7F7FD00BF6AE70000B80100201B
:103B8000B804002050030020C80400208C0300204B
:103B9000D8040020C8030020E8040020040400200A
:103BA0000000002064000020C80000202C0100203C
:103BB000F80400202DE9F0432DED028B81B006467C
:103BC000B0EE408A444890F8B2540024FDF7A4FABD
:103BD0008146092E5DD2DFE806F0050A141D5C2F30
:103BE0003D4A4F002046641C0DF8005056E04FF04F
:103BF000FF31284602F064FA2146641C0DF80100EA
:103C00004CE00121284602F05BFA2146641C0DF8C5
:103C1000010043E04FF0FF31284602F051FA2146FF
:103C2000641C0DF801000121284602F049FA2146E2
:103C3000641C0DF8010031E04FF0FF31284602F01E
:103C40003FFA2146641C0DF801002046641C0DF863
:103C5000005023E00121284602F032FA2146641C7C
:103C60000DF801002046641C0DF8005016E02046B7
:103C7000641C0DF8005011E018A1274802F0BDFBAC
:103C80000221284602F01CFA2146641C0DF80100AE
:103C900004E02046641C0DF8005000BF00BF002760
:103CA00016E01DF807802A464146304602F0D0FA59
:103CB00068B1082E05D1404601B0BDEC028BBDE8CD
:103CC000F083404602F0FAFA08B94046F4E77F1C58
:103CD000A742E6DB2846EFE77C0500205B4445422F
:103CE00055475D204465616420656E642064657499
:103CF00065637465642028665F63726F73733D3813
:103D0000292C20707265706172696E6720552D7460
:103D100075726E0A00000000DC42002010B540F20F
:103D2000E4511F48FCF7F8FA18211E48FCF7F4FA92
:103D30000A201B4981F8E00581F8E105084690F862
:103D4000E00540B281F8B004084690F8E10541B2C0
:103D5000134880F8B114002180F8B214012190F9C1
:103D6000B104C0EB00100E4A02EB800092F9B024BF
:103D700002EB420281540120094981F8E20500204A
:103D80000849087048704FF4FA700881044890F9A7
:103D9000B12490F9B01404A001F098FB10BD00000C
:103DA0007C050020600B00205B50617468506C61E2
:103DB0006E6E696E675D20496E697469616C697ABF
:103DC0006564206174202825642C2564290A00007C
:103DD000F0B52DED068B85B00446082C07DB274691
:103DE00008243A46F1A1FD4802F007FB00BF002677
:103DF000FB480078052843D2DFE800F00343F8F7DA
:103E0000F6000120F7490870F74890ED000A01F02C
:103E10001DFA042C34D0072C32D0002C30D0F248BC
:103E200090ED000ADFEDF10A30EE600A10EE101A94
:103E30000846FCF706FB41EC190BB0EE490AF0EE20
:103E4000690A01F0A3FBB0EE408AF0EE608A9FEDB4
:103E5000E80B53EC102B51EC180BFCF705FB0FD2C1
:103E6000204602F039F938B10120DD490870E2A19D
:103E7000DA4802F0C2FA03E0EEA1D84802F0BDFA37
:103E800058E3D9480068FCF7DCFA41EC180B8DEDDB
:103E9000008B2246F4A1D14802F0AFFAD24890ED4F
:103EA000000A2046FFF786FE0546062C32D1F94867
:103EB00090F8B204A8422DD1F749C84802F09DFA03
:103EC0000020C84908700F220021F448FFF74AFC7F
:103ED0000F220121F148FFF745FC0F220221EF4894
:103EE000FFF740FC0F220321EC48FFF73BFCC82002
:103EF000FCF7FEFFEA49B94802F07FFA0120B94910
:103F00000870FFF7DFFC0A20FCF7F2FF0020B4493D
:103F100008700FE3DF4890F8B204A84268D0DD498A
:103F200091F8B214691A081DC11700EB917189103C
:103F3000A0EB81014FB2032F24D1DAA1A74802F0F0
:103F40005CFA0020A74908700F220021D348FFF730
:103F500009FC0F220121D148FFF704FC0F220221A6
:103F6000CE48FFF7FFFB0F220321CC48FFF7FAFBF7
:103F70004B20FCF7BDFF9620FCF7BAFFD6A197486F
:103F800002F03BFADFA1954802F037FA002095498C
:103F900008700A220021C148FFF7E4FB0A22012130
:103FA000BE48FFF7DFFB0A220221BC48FFF7DAFB1D
:103FB0000A220321B948FFF7D5FB4FF49670FCF7AE
:103FC00097FF012087490870FFF77CFC0A20FCF767
:103FD0008FFF834845700220814908702A46D7A187
:103FE0007E4802F00AFA0EE08CE2F4E10CE0FFE712
:103FF00001207C490870FFF765FC0A20FCF778FF78
:1040000000207749087095E2002076490870CE4874
:1040100090ED000A724880ED030A024651789D4AED
:1040200092F8B20401F08EFF6D4890ED050A10EE93
:10403000101A0846FCF705FA41EC180B684890ED99
:10404000040A10EE101A0846FCF7FBF941EC190BB4
:10405000BD480068FCF7F5F941EC1A0B8DED028BB9
:104060008DED009B53EC1A2BB8A15C4802F0C5F90A
:104070005B4890ED040ADFEDC50A30EE600A10EEF1
:10408000101A0846FCF7DDF941EC190BB0EE490AAD
:10409000F0EE690A01F07AFAB0EE408AF0EE608A3A
:1040A0009FEDBB0B53EC102B51EC180BFCF7DCF91C
:1040B00001D2002688E14A4890ED040ADFEDB60AF5
:1040C00030EE600A10EE101A0846FCF7BAF941EC1F
:1040D000190BB0EE490AF0EE690A01F057FAB0EE9A
:1040E000408AF0EE608A9FEDAA0B53EC102B51EC46
:1040F000180BFCF7B9F901D2022665E1384890EDBA
:10410000040ADFEDA60A30EE600A10EE101A084627
:10411000FCF797F941EC190BB0EE490AF0EE690A89
:1041200001F034FAB0EE408AF0EE608A9FED980B11
:1041300053EC102B51EC180BFCF796F901D2012629
:1041400042E1274890ED040ADFED950A30EE600A5F
:1041500010EE101A0846FCF774F941EC190BB0EE9A
:10416000490AF0EE690A01F011FAB0EE408AF0EE69
:10417000608A9FED870B53EC102B51EC180BFCF76A
:1041800073F912D3164890ED040ADFED860A30EE7B
:10419000600A10EE101A0846FCF753F941EC190BAF
:1041A000B0EE490AF0EE690AFEE00CE15B444542DC
:1041B00055475D20665F63726F73733D25642063AE
:1041C0006F6E76657274656420746F203820286481
:1041D00065616420656E64290A000000DC420020ED
:1041E000600B0020B80100208402002000009842EB
:1041F0000000000000002E405B44454255475D2012
:1042000043726F73732064657465637465642061C1
:104210006E6420737461626C652C20656E746572C7
:10422000696E672041545F43524F5353207374614A
:1042300074650A005B44454255475D2043726F73C5
:104240007320646574656374656420627574207599
:104250006E737461626C652C2077616974696E6736
:104260002E2E2E0A000000005B44454255475D207B
:1042700041742063726F73733A20665F63726F7369
:10428000733D25642C20665F72686F3D252E326673
:104290000A0000007C050020EC900008F8040020D3
:1042A000509000085B44454255475D204C6566745C
:1042B000207475726E2064657465637465642C2067
:1042C00074616B696E672032206578747261207347
:1042D000746570730A0000005B44454255475D20D9
:1042E0004C656674207475726E20657874726120F6
:1042F000737465707320636F6D706C657465640AA8
:10430000000000005B44454255475D205072652D1A
:104310007475726E2064656C61793A20636F6E7497
:10432000696E75696E67207374726169676874205D
:10433000666F72203330306D730A00006E657874DA
:104340005F6469723A256400800200205B44454244
:1043500055475D205475726E696E673A20665F79C5
:1043600061773D252E32662C207461726765745F1B
:104370007961773D252E32662C207475726E5F74DC
:1043800061726765743D252E32660A0000000000E8
:10439000000000A09999B93F0000B4C20000B442E7
:1043A000000034C30000344301F0F0F8B0EE408A5E
:1043B000F0EE608A1FED0A0B53EC102B51EC180B3A
:1043C000FCF752F800D20326304600F0EDFF032040
:1043D0005B490870AEE05A4890ED050A10EE101ADD
:1043E0000846FCF72EF841EC180B554890ED040AEE
:1043F00010EE101A0846FCF724F841EC190B51484E
:104400000068FCF71EF841EC1A0B8DED028B8DED68
:10441000009B53EC1A2BAFF2CC014B4801F0EDFF9F
:10442000474890ED050AF0EE400A464890ED000A34
:1044300001F054FD10EE107A3846FCF702F841EC1A
:10444000180BB0EE480AF0EE680A01F09FF8B0EEE3
:10445000409AF0EE609A9FED3D0B53EC102B51EC1F
:10446000190BFCF701F84CD83A48FFF795F9C8202A
:10447000FCF73EFD0A2200213648FFF773F90A22B5
:1044800001213448FFF76EF90A2202213148FFF773
:1044900069F90A2203212F48FFF764F9C820FCF7C5
:1044A00027FD0F2200212B48FFF75CF90F22012185
:1044B0002848FFF757F90F2202212648FFF752F943
:1044C0000F2203212348FFF74DF9C820FCF710FD08
:1044D0001B49487800F066F8002019490870FF2051
:1044E0001D49087000204860087201201B490870AF
:1044F000FFF7E8F90A20FCF7FBFC19A1124801F0CC
:104500007CFF17E00020154908701FED600A214864
:1045100002F02AF91FED630A1F4802F025F91FED8A
:10452000650A1E4802F020F91FED680A1C4802F0D7
:104530001BF900BF00BF05B0BDEC068BF0BD00004D
:10454000600B002080020020DC4200200000000000
:1045500000001440F8040020780B0020B80100206F
:104560005B44454255475D205475726E20636F6D04
:10457000706C657465642C2072657475726E696EFA
:104580006720746F20666F6C6C6F77206C696E6546
:104590000A000000500300208C030020C803002004
:1045A00004040020F8B504460120A040C6B24948E2
:1045B00090F9B104C0EB0010464901EB800091F97D
:1045C000B01401EB4101084440783043414991F96E
:1045D000B114C1EB01113F4A02EB810192F9B02401
:1045E00002EB42021144487034B1012C0DD0022C70
:1045F00014D0032C24D11AE0364890F8B104401EA0
:1046000041B2344880F8B1141AE0324890F8B0044E
:10461000401C40B22F4981F8B00411E02D4890F8B9
:10462000B104401C41B22B4880F8B11408E029487D
:1046300090F8B004401E40B2264981F8B00400BF93
:1046400000BF244880F8B24490F8DF05632815DAEB
:10465000204890F8DF1590F8DF05401CC2B21D48D5
:1046600080F8DF2501EB410100F2B3400144194815
:10467000B0F8B0240A8090F8B20488700120A040FD
:10468000C5B2144890F9B104C0EB0010114901EB18
:10469000800091F9B01401EB4101405C28430D49C1
:1046A00091F9B114C1EB01110A4A02EB810192F9AF
:1046B000B02402EB42028854064890F8B2040090FD
:1046C000044890F9B13490F9B02403A10C4801F0EA
:1046D00094FEF8BD7C0500205B506F736974696FB0
:1046E0006E5D204D6F76656420746F202825642CE4
:1046F00025642920666163696E672025640A0000CD
:10470000DC42002070B52DED048B1348007800B317
:1047100012480078032817DB11484478807845B2A6
:104720002046FBF77DFE41EC190B9FED0E0B53EC81
:10473000102BFBF703FE41EC180BFBF7C5FE0B49F2
:1047400008600B490D7000BF002003490870034941
:104750000870BDEC048B70BD8E0200208D0200201D
:104760009C3D0020000000000000F03F840200207B
:104770008802002000BF012210210748FCF7C6FC78
:10478000FA2001F07BFE002210210348FCF7BEFC5A
:10479000FA2001F073FEEEE7001402402DED028BCB
:1047A00082B000BF154890ED030A1548D0ED030A0A
:1047B00030EE200A1348D0ED030A30EE200A1248EA
:1047C000D0ED030A30EE200AF1EE000A80EE201A46
:1047D000BDEEC10A10EE104A0C480068FBF731FE2E
:1047E00041EC180B53EC182B09A10B48009401F075
:1047F00004FE642001F042FED4E70000B80400206B
:10480000C8040020D8040020E80400208002002012
:104810002325662C25642400DC42002000BF00F024
:10482000A5FC052001F02AFEF9E700BFFCF7ACFA71
:104830000A2001F023FEF9E700BFFFF703F9052086
:1048400001F01CFEF9E700BFFFF75CFF052001F057
:1048500015FEF9E700BF04480078FFF7B9FA0A200F
:1048600001F00CFEF7E700008802002010B500BF41
:10487000502080F31188BFF34F8FBFF36F8F00BFBD
:1048800004F044F818B14FF080500449086000BFAC
:10489000002080F3118800BF10BD000004ED00E08F
:1048A00000B593B0302107A8FBF736FD142102A80C
:1048B000FBF732FD00BF002001902548006840F062
:1048C0008050234908600846006800F0805001903D
:1048D00000BF00BF00BF002001901E48006840F4E8
:1048E00080401C4908600846006800F48040019040
:1048F00000BF00BF0220079001200A9010200B90FB
:1049000002200D9000210E9108210F91A8211091F5
:10491000022111910421129107A8FCF779FE08B138
:10492000FCF748FA0F200290022003900020049028
:104930004FF4A05005904FF480500690052102A836
:10494000FCF704FD08B1FCF735FA13B000BD000018
:1049500040380240007000400348006840F4700096
:10496000014908607047000088ED00E010B502487A
:10497000FDF799FB10BD00005440002010B50268FF
:104980002B4B98420ED0B0F1804F0BD0294B984260
:1049900008D0294B984205D0284B984202D0284B8A
:1049A000984203D122F070024B681A43204B984280
:1049B00020D0B0F1804F1DD01E4B98421AD01E4B14
:1049C000984217D01D4B984214D01D4B984211D0DD
:1049D0001C4B98420ED01C4B98420BD01B4B98425C
:1049E00008D01B4B984205D01A4B984202D01A4B64
:1049F000984203D122F44072CB681A4322F080031C
:104A00004C6943EA04028B68C3620B688362084BFB
:104A1000984202D00A4B984201D10B6903630368A4
:104A200043F00403036001234361026010BD0000F2
:104A3000000001400004004000080040000C00405D
:104A40000004014000400140004401400048014092
:104A500000180040001C00400020004030B501F06C
:104A60001F05012404FA05F3046A9C430462046AE6
:104A700001F01F0502FA05F52C43046230BD000069
:104A800030B5026A056A25F001050562436884694C
:104A900024F0700424F003040D682C4322F0020279
:104AA0008D682A43104DA84200D103E00F4DA84263
:104AB00006D100BF22F00802CD682A4322F004028A
:104AC000094DA84202D0094DA84207D123F48073B2
:104AD00023F400734D692B438D692B43436084613C
:104AE0004D684563026230BD000001400004014092
:104AF00030B5026A056A25F01005056243688469CD
:104B000024F4E04424F440740D6844EA052422F0BF
:104B100020028D6842EA0512124DA84200D103E03E
:104B2000114DA84207D100BF22F08002CD6842EAB1
:104B3000051222F040020B4DA84202D00A4DA842B5
:104B400009D123F4806323F400634D6943EA8503AC
:104B50008D6943EA8503436084614D688563026221
:104B600030BD0000000001400004014030B5026A81
:104B7000056A25F4807505624368C46924F07004F1
:104B800024F003040D682C4322F400728D6842EA7D
:104B90000522124DA84200D103E0114DA84207D1D1
:104BA00000BF22F40062CD6842EA052222F480624E
:104BB0000A4DA84202D00A4DA84209D123F48053DD
:104BC00023F400534D6943EA05138D6943EA051345
:104BD0004360C4614D68C563026230BD000001409E
:104BE0000004014030B5036A056A25F4805505626A
:104BF0004468C26922F4E04222F440720D6842EA3D
:104C0000052223F400538D6843EA0533084DA8427A
:104C100002D0084DA84204D124F480444D6944EAEE
:104C200085144460C2614D680564036230BD0000B4
:104C3000000001400004014010B50248FDF7D4FC1B
:104C400010BD00002443002070B50446A56B002071
:104C5000E8852846FDF7C6FC70BD00BF00BF0268AE
:104C60000C3252E8002F22F4907102680C3242E8B4
:104C70000013002BF3D100BF00BF00BF0268143245
:104C800052E8002F22F001010268143242E80013BA
:104C9000002BF3D100BF016B01290ED100BF00BF73
:104CA00002680C3252E8002F22F0100102680C3228
:104CB00042E80013002BF3D100BF202180F84210FE
:104CC00000210163704710B504462068C06820F0D9
:104CD00040002168C860202084F841002046FEF78B
:104CE00063F8002010BDF8B504460025002694F8AE
:104CF0004200222873D1A068B0F5805F0BD12069F3
:104D000048B9A66A20684068C0F308003080A06AED
:104D1000801CA06214E0A56AA068B0F5805F03D093
:104D2000A06828B9206918B920684068287004E094
:104D30002068406800F07F002870A06A401CA062D4
:104D4000E08D401E80B2E085002846D12068C06812
:104D500020F020002168C8602068C06820F48070BE
:104D60002168C8602068406920F00100216848611E
:104D7000202084F8420000206063206B012826D1A7
:104D80000020206300BF00BF21680C3151E8001FE4
:104D900021F0100021680C3141E80002002AF3D113
:104DA00000BF2068006800F0100010280AD100BF82
:104DB0000020009020680068009020684068009003
:104DC00000BF00BFA18D2046FDF70BFC02E020468E
:104DD000FDF748FF0020F8BD01E00020FBE70220BE
:104DE000F9E700002DE9F84F04462068006920F437
:104DF0004050E1680843216808612169A0680843C0
:104E000061690843E169084300902068C06849F27D
:104E10000C618843009908432168C8602068406994
:104E200020F44070A16908432168486176492068F0
:104E3000884203D075492068884203D1FCF780FB83
:104E4000814602E0FCF76CFB8146E069B0F5004F5B
:104E50006CD102206168A0FB015003461920A9FB18
:104E6000007001462A463846FBF70CFA6421B0FB75
:104E7000F1F04FEA001A02206168A0FB01510B46D5
:104E80001920A9FB00712A463846FBF7FBF9834637
:104E900002206168A0FB015003461920A9FB0071A4
:104EA0002A463846FBF7EEF96421B0FBF1F000EB3F
:104EB000C00101EB0010ABEB8000322101EBC00020
:104EC0006421B0FBF1F000F0F8000AEB400A022088
:104ED0006168A0FB015003461920A9FB0070014640
:104EE0002A463846FBF7CEF9834602206168A0FBCC
:104EF000015003461920A9FB00712A463846FBF7EA
:104F0000C1F96421B0FBF1F000EBC00101EB00102E
:104F1000ABEB8000322101EBC0006421B0FBF1F06B
:104F200000F007005044216888606AE0042061684E
:104F3000A0FB015003461920A9FB007001462A4638
:104F40003846FBF79FF9824604206168A0FB0150B8
:104F500003461920A9FB007001462A463846FBF794
:104F600091F96421B0FBF1F000EBC00101EB0010FE
:104F7000AAEB8000322101EB00106421B0FBF1F0BC
:104F800000F0F00A04206168A0FB017003461920BC
:104F9000A9FB00513A462846FBF774F96421B0FB9F
:104FA000F1F00AEB001A04206168A0FB01510B46E6
:104FB0001920A9FB00712A463846FBF763F983469E
:104FC00004206168A0FB015003461920A9FB007072
:104FD00001462A463846FBF755F96421B0FBF1F04B
:104FE00000EBC00101EB0010ABEB8000322101EBC4
:104FF00000106421B0FBF1F000F00F005044216874
:105000008860BDE8F88F00000010014000140140E6
:1050100010B5034699629A85DA85002058642220EB
:1050200083F84200186928B11868C06840F480709D
:105030001C68E0601868406940F001001C6860610D
:105040001868C06840F020001C68E060002010BDB7
:10505000014691F84100212828D18868B0F5805F89
:105060000BD1086948B90A6A1088C0F308000B68B8
:105070005860086A801C086205E00B6A581C0862C8
:1050800018780B685860C88C401E80B2C88458B924
:105090000868C06820F080000B68D8600868C068A5
:1050A00040F040000B68D860002070470220FCE709
:1050B0002DE9F84304460D4617469846089E31E010
:1050C000701C70B3FCF728F8A0EB0800B04200D8C1
:1050D00016B90320BDE8F8832068C06800F004001A
:1050E000F8B1802D1ED0402D1CD020680068C0F380
:1050F000C000B0B100BF00200090206800680090A0
:1051000020684068009000BF00BF2046FFF7A5FD63
:105110000820606400BF002084F8400000BF012028
:10512000D8E7FFE7206800682840A84201D10120A5
:1051300000E00020B842C3D00020CBE710B5024801
:10514000FDF752FA10BD00006C43002010B5024874
:10515000FDF74AFA10BD0000B443002010B5024824
:10516000FDF742FA10BD0000FC43002010B52DED04
:10517000048B2D480078002852D02C4800780A284B
:1051800049DB2B4880782A49C97840EA012000B2DF
:1051900009EE100A264800792549497940EA01209C
:1051A00000B208EE100A224880792149C97940EA04
:1051B000012000B208EE900AF8EEC90A9FED1D1A10
:1051C00080EE810ADFED1C0A20EE200A1B4880EDEC
:1051D000000AF8EEC80A9FED171A80EE810ADFED8B
:1051E000160A20EE200A164880ED000AF8EEE80ABA
:1051F0009FED101A80EE810ADFED0F0A20EE200AE3
:10520000104880ED000A90ED000AFDF707FE0D48FA
:1052100080ED000A00BF00200349087003490870B0
:10522000BDEC048B10BD00008B0200208A02002020
:10523000383D002000000047000034437802002081
:105240007C0200208002002000BFFEE710B52DED9B
:10525000028BB0EE408A0024B0EE480A244801F0E8
:1052600061F9BDEEC00A10EE104A224890ED040A22
:10527000B0EE401A90ED030AF0EE400A00EE104A3C
:10528000B8EEC00A01F061F9BDEEC00A10EE104A96
:1052900004F10F0000EE900AF8EEE00AB0EE600AAA
:1052A000154801F061FAC4F10F0000EE900AF8EE23
:1052B000E00AB0EE600A114801F056FAC4F10F009E
:1052C00000EE900AF8EEE00AB0EE600A0C4801F039
:1052D0004BFA04F10F0000EE900AF8EEE00AB0EE8F
:1052E000600A084801F040FABDEC028B10BD0000D6
:1052F0004004002090010020500300208C03002077
:10530000C803002004040020002400BF2046611CC4
:10531000CCB2052807DD2248007820B900240120FE
:105320001F4908700CE02046611CCCB2052807DD3F
:105330001B480078012803D1002019490870002477
:105340001748007801281CD1012204211548FBF7D9
:10535000DDFE012208211348FBF7D8FE4FF4FA7056
:1053600001F08CF8002204210E48FBF7CFFE00224A
:1053700008210C48FBF7CAFE4FF4FA7001F07EF8E2
:10538000C4E7012204210748FBF7C0FE01220821DF
:105390000448FBF7BBFE4FF47A7001F06FF8B5E7F5
:1053A000950200200010024010B5044634B1012CD3
:1053B0000CD0022C15D0032C27D11CE01848FEF786
:1053C000EBF918A11F4801F018F826E06FF063020E
:1053D0000F211348FEF7F1F91BA11A4801F00DF84F
:1053E0001BE064220F210E48FEF7E7F91DA11548C6
:1053F00001F003F811E001221E210948FEF718FA16
:105400001FA1104800F0F9FF07E00548FEF7C4F9B6
:1054100023A10C4800F0F1FF00BF00BF10BD000049
:10542000F80400205B44454255475D205941573AF6
:10543000204E6F207475726E2C2073746F707069BB
:105440006E670A00DC4200205B44454255475D2000
:105450005941573A205475726E696E67206C6566C3
:10546000740A00005B44454255475D205941573A54
:10547000205475726E696E672072696768740A00DD
:105480005B44454255475D205941573A20552D749C
:1054900075726E20737461727465640A0000000096
:1054A0005B44454255475D205941573A20556E6B44
:1054B0006E6F776E207475726E20747970652C2013
:1054C00073746F7070696E670A0000000FB4054B4B
:1054D00010B503A9044A029800F034F910BC5DF835
:1054E00014FB0000A56000084C0300200FB47CB53D
:1054F0000C0009AD01D0611E00E00021CDE90001E2
:10550000064B6A462946089800F01CF9002C02D088
:10551000009A002111707CBC5DF814FB4B5E000802
:105520007CB50C001D461646014601D0601E00E009
:105530000020CDE90010064B6A462946304600F0AF
:1055400001F9002C02D0009A002111707CBD0000EE
:105550004B5E000802480068C0F30220704700005C
:105560000CED00E010B5002804DB0A07130E054A15
:10557000135406E00A07140E034A00F00F031B1F22
:10558000D45410BD00E400E018ED00E02DED020B56
:10559000019820F0004001909DED000B02B0704793
:1055A00002E008C8121F08C1002AFAD170477047EC
:1055B000002001E001C1121F002AFBD1704700004A
:1055C0002DE9FF5F82B00021DDE90430020DDDF836
:1055D00040B0034318D044F61050A2F2FF324243C9
:1055E0001514119801281FD0A5EB0B00401C5FEA91
:1055F000000A4FF000064E4FDFF83891B046504693
:1056000015D5CAF1000413E0119801244AA301281A
:1056100001D16FEA0B010298119AC0E90031C0E98B
:10562000024206B0BDE8F09FCBF10000DFE7044680
:105630000021404A491842EB0450CDE9001012E025
:10564000E00707D032463B4640464946FAF776FE29
:105650008046894632463B4610461946FAF76EFEAA
:1056600006460F466410002CEAD1DDE90401DDE9AD
:105670000023BAF1000F06DAFAF760FE42464B4605
:10568000FAF75CFE05E0FBF7ABF842464B46FBF74A
:10569000A7F804460E460022284BFAF7FDFE03D871
:1056A0004FF0FF30014607E00022254B20463146EF
:1056B000FAF7EFFFFBF703F9102409E0002C0ADBEF
:1056C0000A220023FAF7DEFD039B30321A55641ECE
:1056D00050EA0102F2D1641C039AC4F1110314448C
:1056E000119A012A03D0012208430DD10AE0084390
:1056F00004D000204FF0110B119072E7A3EB0B05C3
:105700006D1E0DE05B4504DD4FF0000205F1010563
:1057100004E003DA4FF00002A5F10105002AECD005
:1057200002981199C0E90231C0E9004579E700000B
:10573000000014400000F03F300000000000F04383
:105740000000E03F2DE9FF4F95B09A468846064697
:105750000025EEE1252877D100242746F94A0121CA
:10576000039400E0044316F8013F203B01FA03F0E4
:105770001042F7D130782A2811D06FF02F033078FB
:10578000A0F13002092A16D8039A44F0020402EB71
:10579000820203EB42021044761C0390EFE758F8B4
:1057A000042B0392002A03DA504244F4005403907D
:1057B00044F00204761C30782E2816D116F8010F1A
:1057C00044F004042A280DD06FF02F023078A0F1A5
:1057D0003003092B09D807EB870302EB4303C718F3
:1057E000761CF3E758F8047B761C30786C280FD0D1
:1057F00006DC4C2817D068280DD06A2814D104E0A4
:10580000742810D07A280FD10DE044F400140AE077
:1058100044F4801401E044F440147278824202D1CE
:1058200004F58014761C761C307866280BD013DCC7
:10583000582877D009DC002875D04528F6D04628AE
:10584000F4D047281AD193E118E0632835D06428B2
:1058500079D0652812D18BE1702873D008DC6728D5
:10586000F1D069286FD06E280DD06F2806D1ACE03A
:1058700073282CD0752874D0782853D052461799A5
:1058800090476D1C54E1C4F30250022809D003284C
:105890000DD0D8F8001004280DD00D6008F10408D0
:1058A00046E1D8F80010EA17C1E90052F6E7D8F847
:1058B00000100D80F2E70D70F0E718F8041B8DF86A
:1058C000001000208DF80100EB46012003E058F89D
:1058D00004BB4FF0FF3061074FF0000102D40DE030
:1058E00009F101018946B9420FDA8145F8DB1BF85D
:1058F00009100029F4D108E009F10101894681422B
:10590000FADB1BF809100029F6D103985346A0EBE7
:10591000090721463846179A00F080FA284400EB20
:10592000090507E044E008E10DE01BF8010B5246D1
:1059300017999047B9F10109F7D2534621463846E5
:10594000179AF2E039E00A21C4F302524FF0000B3B
:105950000091022A06D058F8040BC117032A09D077
:105960000AE023E008F1070020F00702F2E8020154
:10597000904605E000B2C117042A01D140B2C11718
:10598000002906DA0A460021404261EB02012D227D
:1059900002E0220504D52B228DF80420012203E029
:1059A000E20701D02022F7E7914657E00A2100E004
:1059B00010214FF0000B00910BE010214FF0000B75
:1059C00044F004040827009103E008204FF0000B86
:1059D0000090C4F30252022A05D058F8040B0021AB
:1059E000032A08D008E008F1070020F00702F2E8D7
:1059F0000201904603E080B2042A00D1C0B24FF009
:105A0000000922072AD53278702A07D0DDF800C0B5
:105A10008CF0100C5CEA0B0C05D00EE040228DF8E7
:105A20000420012208E050EA010306D030238DF85B
:105A300004308DF8052002229146009B83F0080374
:105A400053EA0B030AD150EA010201D1620705D5DE
:105A500030228DF804204FF001097F1E3278582A39
:105A600004D039A20C920CAA02920BE03BA2F9E7F7
:105A70005B46009AFAF706FC0C9B9B5C029A521E4E
:105A80000292137050EA0102F2D1029804A9081A96
:105A900000F1200B600702D524F4803400E00127D8
:105AA0005F4502DDA7EB0B0000E0002000EB0B01DF
:105AB000009003984944401A0390E00306D45346EB
:105AC0002146179A039800F0A9F90544002706E03B
:105AD00001A85246C05D179990476D1C7F1C4F4529
:105AE000F6DBE0030CD553462146179A039800F0E5
:105AF00095F9054404E030205246179990476D1CF3
:105B00000099481E00900029F5DC08E002980299EF
:105B100052460078491C0291179990476D1CBBF1C1
:105B20000001ABF1010BF1DC5BE100F065F905442C
:105B3000761C307800287FF40DAE19B02846BDE8F9
:105B4000F08F000009280100303132333435363708
:105B500038396162636465660000000030313233B9
:105B60003435363738394142434445460000000059
:105B7000600700D4062708F1070020F00700F0E8CE
:105B80000223804603F0004C5FEA0C0001D097A08E
:105B900009E0200501D596A005E0E00701D095A019
:105BA00001E0AFF24C001390307823F000436528F9
:105BB0000CD006DC452809D046281DD047287FD1C7
:105BC0003BE0662818D067287AD136E00021112FF3
:105BD00001DB112000E0781CCDE9000104A90CA82C
:105BE000FFF7EEFCDDE90D010C9A4FF0000B07F119
:105BF0000109109200914EE04FF000400097CDE96E
:105C0000011004A90CA8FFF7DBFCDDE90D020C9BD9
:105C10000F994FF0000B91461093009211B9791C27
:105C200000EB0109B7EB090003D4C0F1FF3B07F11A
:105C30000109A9EB0700019042E0012F00DA0127DA
:105C40000021112F01DD112000E03846CDE90001CF
:105C500004A90CA8FFF7B4FCDDE90D010C9A009132
:105C60004FF0000BB946109221070FD4009A4A4515
:105C700003DA914601E0A9F10109B9F1010F05DD4F
:105C8000109AA9F10101515C3029F4D0B84202DA2E
:105C900010F1040F03DA0121CDE9011010E0002812
:105CA00003DC8344A9EB000102E0411C494500DD0F
:105CB0008946A0EB0B00401C01904FF00040029081
:105CC000200705D40198484502DB4FF0FF300190D2
:105CD00000208DF84B0002980DF14B07B0F1004FFA
:105CE00025D002200C902B200D90029800280CDA71
:105CF000404202902D200D9007E00A210298FAF709
:105D0000FFFB3031029007F8011D0C99481E0C90E2
:105D10000029F2DC02980028EFD1791E0D98087056
:105D2000307800F0200040F0450007F8020D11A87F
:105D3000C01BC01D02901398007800B1012000EB39
:105D40000901019801EBE071029801440398401A9F
:105D5000401E0390E00306D453462146179A039849
:105D600000F05CF805441398007818B15246179972
:105D700090476D1CE00323D553462146179A03989C
:105D800000F04CF805441BE0BBF1000F07DB009866
:105D9000584504DD1098179910F80B0001E0179989
:105DA00030205246904701980BF1010B401E05F13F
:105DB0000105019004D12E205246179990476D1C81
:105DC000B9F10001A9F10109DEDC05E017F8010BCA
:105DD0005246179990476D1C0299481E029000295F
:105DE000F4DC53462146179A03989EE62D000000E6
:105DF0002B000000200000002DE9F04104460025A2
:105E00001E461746880404D405E039462020B047D2
:105E10006D1C641EF9D52846BDE8F0812DE9F041DE
:105E2000044600251E469046C80301D5302700E0F1
:105E30002027880404D505E041463846B0476D1C4C
:105E4000641EF9D52846BDE8F0814A68002A06D0CC
:105E50000A68531C0B6010704868401E4860704709
:105E60002DE9F04104460D460CB1A07F08B9BDE80C
:105E7000F081207E08B1684200E0284646B22577CE
:105E800045B90021204601F011FC0021204601F017
:105E90003AFC21E0002E0FDD0121204601F006FC36
:105EA0004FF47A707043642190FBF1F087B2394669
:105EB000204601F028FC0FE00221204601F0F6FB0D
:105EC00070424FF47A714843642190FBF1F087B23D
:105ED0003946204601F017FC00BFC8E7B0EE401A73
:105EE00070EEC11AB0EE610ADFED0D1AB4EEE10AF0
:105EF000F1EE10FA06DDDFED0B1A70EE611AB0EE6E
:105F0000610A0CE0DFED081AB4EEE10AF1EE10FAD6
:105F100005D2DFED041A70EE211AB0EE610A704767
:105F2000000034430000B443000034C303468B42F6
:105F300001DA08467047934201DD1046FAE7184639
:105F4000F8E7000070B52DED068B86B004460D46CF
:105F50004A4890ED000AB0EE408A291B081DC1177F
:105F600000EB91718910A0EB81014EB236B1012E88
:105F70000CD0022E16D0032E2CD11FE09FED400A2C
:105F8000404880ED040A80ED058A2BE09FED3E0A33
:105F90003C4880ED040A9FED3D0A38EE400A80ED52
:105FA000050A1FE09FED3A0A364880ED040A9FED8E
:105FB000380A38EE000A80ED050A13E09FED330A37
:105FC000304880ED040A9FED310A38EE000A80ED7A
:105FD000050A07E09FED2A0A2A4880ED040A80EDB1
:105FE000058A00BF00BF08E0264890ED050ADFEDF6
:105FF000290A30EE600A80ED050A224890ED050A74
:10600000DFED230AB4EEE00AF1EE10FAECDC08E072
:106010001C4890ED050ADFED1F0A30EE200A80EDE6
:10602000050A184890ED050ADFED1B0AB4EEE00AF8
:10603000F1EE10FAECD390ED050A10EE101A0846B6
:10604000FAF7FFF941EC190B0E4890ED040A10EE37
:10605000101A0846FAF7F5F941EC1A0B8DED049B7E
:106060008DED02AB2B4622460C490D48009600F000
:10607000C4F906B0BDEC068B70BD000080020020A4
:1060800000000000600B00200000B4C20000B44219
:10609000000034430000B443000034C39C90000867
:1060A000DC42002000BF054A126802F04002002ACC
:1060B000F9D0C2B2014B5A60704700000010014095
:1060C00002460B46D018011DC81701EB90708010D6
:1060D000A1EB8000C0B2704770B50446FBF71CF816
:1060E000054621480078A0420CD01F480470456046
:1060F00000201D49087222461CA12B4800F07DF9A2
:10610000002070BD1848406858B917484560002005
:1061100015490872224625A1234800F06EF9002097
:10612000EFE711484068281A0F49C8600846C06860
:106130006E280DD30846007A40B90120087208463F
:10614000224626A1C368184800F057F90120D8E775
:10615000002005490872084622462EA1C36812484D
:1061600000F04BF90020CCE7780B00205B4445425F
:1061700055475D2053746162696C6974793A2043B4
:10618000726F7373206368616E67656420746F203B
:1061900025642C2072657374617274696E67207453
:1061A000696D65720A000000DC4200205B444542D4
:1061B00055475D2053746162696C6974793A205364
:1061C00074617274696E672074696D657220666FA0
:1061D000722063726F73733D25640A005B4445420D
:1061E00055475D2053746162696C6974793A204344
:1061F000726F7373202564206973206E6F7720732C
:106200007461626C6520616674657220256C75200E
:106210006D730A005B44454255475D2053746162CB
:10622000696C6974793A2043726F73732025642016
:10623000737461626C6520666F7220256C75206DC9
:106240007320286E656564203131306D73290A0032
:1062500030B503468D1A281DC51700EB9575AD1096
:10626000A0EB85056CB234B1012C0DD0022C13D0FB
:10627000032C21D116E01BB1042B01D0072B01D137
:10628000012030BD0020FCE7022B01D0062B01D1FC
:106290000120F6E70020F4E7082B01D10120F0E708
:1062A0000020EEE7012B03D0052B01D0032B01D1F9
:1062B0000120E6E70020E4E70020E2E72DE9F041D5
:1062C00007461F4890F9B04490F9B15437B1012FF7
:1062D00007D0022F08D0032F0CD108E0681E45B26A
:1062E00008E0601C44B205E0681C45B202E0601E94
:1062F00044B200BF00BF002C05DB142C03DA002DD4
:1063000001DB142D02DB0120BDE8F08102213846BB
:10631000FFF7D6FE06460120B04000F0FF08C5EBAF
:106320000510074901EB800004EB44010844407864
:1063300000EA080008B10120E6E70020E4E70000D9
:106340007C05002008B5FAF7F9FEFEF7A9FAFCF77C
:1063500099FEFDF75DF9FDF777F9FDF721F9FDF7F6
:106360008FF9FDF71BF8FDF75BF8FDF799F8FDF7DE
:10637000D7F8FCF733FFFCF7A1FFFCF767FFFCF74A
:10638000D5FFFDF729F9FAF7D9FCFDF791FAFDF7EA
:1063900099FA0120FCF716FDFCF79AFDFDF7BEFC0B
:1063A000012269460B48FCF747FC012269460A486E
:1063B000FCF742FC012209490948FCF73DFC012297
:1063C00008490948FCF738FCFCF7A0FD00F062F82A
:1063D00000BFFEE7B44300206C4300208902002088
:1063E000FC4300208C0200202443002001460020B2
:1063F000842901D0CA1C104470470FB430B5ADF5E4
:10640000017D054686A800904FF4007101A8009B0D
:10641000859AFFF785F8044600200090A2B2FF237A
:1064200001A92846FCF744FC20460DF5017D30BC4F
:106430005DF814FB05E0DFED0E0A70EE600AB0EEC9
:10644000600ADFED0C0AB4EEE00AF1EE10FAF2DCBD
:1064500005E0DFED070A70EE200AB0EE600ADFED1E
:10646000060AB4EEE00AF1EE10FAF2D3704700002B
:106470000000B44300003443000034C370B5044648
:1064800025460DB1294600E00121084601F0C8FB70
:10649000002070BD10B501F091FC002010BDF8B5D2
:1064A00004460D46A06840B1E06830B1002000907D
:1064B00094E80F0001F009FEF8BD0022D4E90001C4
:1064C00001F0D6FDF8E77FB504460D46606998B146
:1064D000A06988B1B4F90800FFF788FF0646D4E93F
:1064E0000510CDE9006102902B462269D4E9001025
:1064F00002F09EF9039013E0B4F90800FFF776FF6D
:10650000064603A8CDE90060238A9AB22B46D4E957
:10651000001002F05BF9012802D0002004B070BD29
:106520000398FBE710B52DED028B0446B0EE408AD0
:1065300084ED048A204600F01DF8204600F0CCF8D7
:1065400094ED050ABDEC028B10BDF0EE401AF4EE9E
:10655000E01AF1EE10FA02D2B0EE600A7047F4EEE3
:10656000C11AF1EE10FA02DDB0EE410AF6E7B0EE24
:10657000610AF3E710B52DED048B044694ED030A90
:10658000D4ED040A30EE600A84ED070A94ED070AA0
:1065900010EE101A0846F9F754FF41EC190BB0EE53
:1065A000490AF0EE690AFEF7F1FFB0EE408AF0EE1C
:1065B000608A9FED2F0B53EC102B51EC180BF9F761
:1065C0006BFF04D29FED2C0A84ED0B0A21E094EDC1
:1065D0000B0AD4ED070A30EE200A84ED0B0A94ED85
:1065E0000B0ADFED260AB4EEE00AF1EE10FA03DD45
:1065F0009FED220A84ED0B0A94ED0B0ADFED200AD1
:10660000B4EEE00AF1EE10FA03D29FED1D0A84ED1C
:106610000B0A94ED000AD4ED070A20EE200A84ED5F
:106620000C0A94ED010AD4ED0B0A20EE200A84ED49
:106630000D0A94ED070AD4ED080A30EE600AD4ED95
:10664000020A20EE200A84ED0E0A94ED0C0AD4ED25
:106650000D0A30EE200AD4ED0E0A30EE200A84ED49
:10666000050A94ED070A84ED080ABDEC048B10BD01
:106670000000000000002440000000000000C842AC
:106680000000C8C280ED000AC0ED010A80ED021AC8
:10669000C0ED031A80ED062ADFED0E2AC0ED0B2AAD
:1066A000DFED0C2AC0ED082ADFED0A2AC0ED092A29
:1066B000DFED082AC0ED052ADFED062AC0ED0C2A21
:1066C000DFED042AC0ED0D2ADFED022AC0ED0E2A0F
:1066D000704700000000000090ED050AD0ED060AAA
:1066E000B4EEE00AF1EE10FA04DD90ED060A80ED5A
:1066F000050A10E090ED050AD0ED060AF1EE600AF9
:10670000B4EEE00AF1EE10FA05D290ED060AB1EE11
:10671000400A80ED050A704780ED060A704780ED5B
:10672000000AC0ED010A80ED021A704700B501466B
:10673000B0EE403A81ED033AD1ED062AB0EE622A7E
:10674000D1ED032AF0EE621AD1ED022AB0EE621A00
:10675000D1ED012AF0EE620AD1ED002AB0EE620A14
:106760000846FFF78FFF00BD80ED030A7047000069
:106770002DE9F04105460E461C4807681C48006894
:10678000001D01F00DF950B91948006890F82C105F
:106790000120884017490968814316480160681C38
:1067A00038B936B112480168091D134801F042F9A1
:1067B0001AE07C190E4800684460BC4207D20C48BD
:1067C0000168091D0D48006801F01AF90CE008483D
:1067D0000168091D0A48006801F012F909480068BB
:1067E000844201D207480460BDE8F0812403002000
:1067F000100300202803002020C5002018030020DB
:10680000140300204003002010B5044601F01EF9D7
:1068100023480068401C224908602248006840B9AB
:10682000204804600846006801280DD100F0B0F946
:106830000AE01D48006838B91A480068C06AE16A71
:10684000884201D81748046018480068401C17495E
:10685000086094F82C100120884015490968084305
:1068600013490860E16A01EB8101124A02EB8100E1
:10687000211D01F0DFF801F013F90B48006868B141
:1068800008480068C06AE16A884207D24FF0805029
:1068900009490860BFF34F8FBFF36F8F10BD000031
:1068A00020030020100300202C0300203C030020C4
:1068B0002803002044C4002004ED00E010B516E0D9
:1068C00001F0C4F80C48C068C468201D01F068F8E5
:1068D0000A480068401E0949086009480068401ECF
:1068E0000749086001F0DCF8204600F05FF8044832
:1068F00000680028E4D110BD0CC500202003002052
:106900001C03002070B504460D46206C70B1216C4C
:10691000E0680144E160D4E90210884201D32168B3
:10692000E1602846226CE168F9F7DDFC70BD2DE9D5
:10693000F04104460F4615464FF00008A66B206C48
:1069400048B9206800282CD1A06802F083F880465E
:106950000020A06025E07DB93946226C6068F9F717
:10696000C2FC216C606808446060D4E9010188427F
:1069700017D32068606014E03946226CE068F9F7AC
:10698000B2FC216CE068411AE1602168E06888424D
:1069900003D2216CA068411AE160022D01D106B139
:1069A000761E701CA0634046BDE8F08110B5044619
:1069B00094F8510030B9206B01F090F8204601F0B6
:1069C0008DF81AE094F85100012803D1204601F017
:1069D00085F812E094F85100022801D1012000E06E
:1069E000002050B900BF502080F31188BFF34F8FB3
:1069F000BFF36F8F00BF00BFFEE710BD01464A6ABC
:106A000022B10A6B1268C2F1070000E00020704753
:106A100030B54FF40043174800F007042CB1C01DF7
:106A200020F00700134C041B1B1B0246124C226073
:106A30000024114D6C60D018083820F007000F4C6E
:106A4000206000240D4D2D686C600C4D2D682C606D
:106A50001146441A4C60094C24680C60084D4C687F
:106A60002C60084D4C682C604FF00044064D2C60A3
:106A700030BD000044440020E4020020EC0200206D
:106A8000F4020020F00200200003002000BFFFF706
:106A900015FF064800680128F9D94FF080500449D5
:106AA0000860BFF34F8FBFF36F8FF0E744C400203F
:106AB00004ED00E02DE9F04106460D4617469846E4
:106AC000069C0DB9246000E02760E663256401217F
:106AD000204601F06BFBBDE8F0812DE9FF5F8146A8
:106AE0000E469246DDE90E7B109CAAF10100216B57
:106AF00001EB800828F0070808F0070008B901201A
:106B000000E0002050B900BF502080F31188BFF38F
:106B10004F8FBFF36F8F00BF00BFFEE786B1002528
:106B200007E0715D04F134004155705D00B902E089
:106B30006D1C102DF5D300BF00214320015502E04C
:106B4000002084F83400072F00D30627E76267642B
:106B50000020A064201D00F050FF04F1180000F098
:106B60004CFF2461C7F10700A06164620020E0646B
:106B700084F8500049464046039A00F0AFF920607F
:106B8000BBF1000F01D0CBF80040BDE8FF9F000033
:106B900010B5002407E004EB84010F4A02EB8100EA
:106BA00000F01EFF641C072CF5D30C4800F018FF02
:106BB0000B4800F015FF0B4800F012FF0A4800F0E8
:106BC0000FFF0A4800F00CFF044809490860044818
:106BD0000849086010BD000044C40020D0C4002053
:106BE000E4C40020F8C400200CC5002020C500200B
:106BF000140300201803002010B50146164800E0D9
:106C0000006803688B42FBD30246436813448B42FF
:106C100004D143684C682344436001460A464B68EC
:106C200013440468A34211D10C4C03682468A342A6
:106C300008D04B680468646823444B6003681B6891
:106C40000B6005E0054B1B680B6001E003680B60FF
:106C5000884200D0016010BDE4020020EC02002058
:106C600070B5054600F0F2FEA86B08B9012400E0FB
:106C7000002400F015FF204670BD00000A49096895
:106C8000096809B9012100E0002121B14FF0FF316D
:106C9000064A116006E004490968C968C868034AE1
:106CA0004168116070470000140300204003002079
:106CB0000E480068401C08B9012000E0002050B9CF
:106CC00000BF502080F31188BFF34F8FBFF36F8F49
:106CD00000BF00BFFEE700BF502080F31188BFF364
:106CE0004F8FBFF36F8F00BF00BFFEE7040300208C
:106CF00070B5044600F0AAFE94F9455010E0606AB1
:106D000008B9012000E0002038B904F1240001F0A6
:106D100061FF18B100F0BEFF00E003E0681E45B25D
:106D2000002DECDC00BFFF2084F8450000F0B8FE29
:106D300000F08CFE94F9445010E0206908B901205D
:106D400000E0002048B904F1100001F043FF08B151
:106D500000F0A0FF681E45B200E001E0002DECDC71
:106D600000BFFF2084F8440000F09AFE70BD0000D0
:106D70002DE9F04104464FF0000801F077F849484A
:106D8000006808B9FFF744FE474800682040002823
:106D900070D1D4B1083404F00700B0B104F007009A
:106DA000C0F10800044404F0070008B9012000E025
:106DB000002050B900BF502080F31188BFF34F8FDF
:106DC000BFF36F8F00BF00BFFEE7002C52D03748E3
:106DD000006884424ED8364E3046056801E02E46A3
:106DE0002D686868A04202D228680028F7D12D4893
:106DF000006885423ED0306800F10808286830609D
:106E00006868001B102819D92F1907F0070008B966
:106E1000012000E0002050B900BF502080F311880D
:106E2000BFF34F8FBFF36F8F00BF00BFFEE76868EF
:106E3000001B78606C603846FFF7DEFE1B4968680F
:106E40000968081A1949086008460068194909685C
:106E5000884203D2154800681649086012496868DC
:106E60000968084368600020286013480068401CD7
:106E70001149086001F0FAFE08F0070008B9012086
:106E800000E0002050B900BF502080F31188BFF30C
:106E90004F8FBFF36F8F00BF00BFFEE74046BDE8D6
:106EA000F0810000EC02002000030020F00200202E
:106EB000E4020020F4020020F802002006480068E6
:106EC00030B10549096801F14800896C491C01602D
:106ED000014800687047000010030020001F4FF0B9
:106EE00080730360001F21F001030360001F054B46
:106EF000036014380260001F6FF002030360203843
:106F000070470000B16C0008ACB000BF4FF0FF321A
:106F10002BA93A48006801F083FA0128F6D14FF412
:106F2000FA70FFF7ABFA36A000F014FDBDF8AC0024
:106F300031282DD14A2237496846F9F7D4F95A2227
:106F40003449103914A8F9F7CEF914A80FC800F085
:106F500037FA4A222F496846F9F7C5F95A222D49CE
:106F6000103914A8F9F7BFF914A80FC800F056F8A3
:106F70004A2228496846F9F7B6F95A2225491039B4
:106F800014A8F9F7B0F914A80FC800F06FF930E0B1
:106F9000BDF8AC0032282CD14A221F496846F9F7C7
:106FA000A2F95A221C49103914A8F9F79CF914A81F
:106FB0000FC800F005FA4A2217496846F9F793F915
:106FC0005A221549103914A8F9F78DF914A80FC8D9
:106FD00000F024F84A2210496846F9F784F95A2249
:106FE0000D49103914A8F9F77EF914A80FC800F05C
:106FF0003DF94FF47A70FFF741FA87E7C8020020A5
:10700000636C652073302E69642C323535FFFFFFC9
:10701000000000002C020020D20100200FB42DE956
:10702000F047FEB04FF4E2716846F9F775F9BDF824
:10703000660201F09DFE8046BDF8680201F098FEF0
:107040008146BDF86A0201F0D7FE0446BDF86C0225
:1070500001F0D2FE0646BDF86E0201F0CDFE0546F7
:10706000BDF8700201F0C8FE0746A01B052190FB89
:10707000F1F0201AC1B2A8F101000DF80010A01B18
:1070800000EB4000052190FBF1F0201AC1B2A8F1FD
:1070900002000DF80010A01BC11700EB9171A4EBCA
:1070A000A101CAB2A8F103010DF80120A01B032120
:1070B00090FBF1F03044C1B2A8F104000DF80010CB
:1070C000A01B00EBD07106EB6101CAB2A8F105016B
:1070D0000DF801200221A8F106000DF80010E0B221
:1070E0000DF80800A01B062190FBF1F0201AC1B298
:1070F00008F101000DF80010A01B4000032190FBD7
:10710000F1F0201AC1B208F102000DF80010A01B26
:1071100000EBD07106EB6101CAB208F103010DF872
:107120000120A01BC11700EB917106EBA101CAB2AF
:1071300008F104010DF80120F1B208F105000DF885
:1071400000100121401C0DF80010E81B072190FBE6
:10715000F1F0281AC1B2A9F101000DF80010E81BE6
:107160004000052190FBF1F0281AC1B2A9F10200FC
:107170000DF80010E81B4000032190FBF1F0281AE5
:10718000C1B2A9F103000DF80010E81B4000032173
:1071900090FBF1F03844C1B2A9F104000DF80010E1
:1071A000F9B2401E0DF800100321401E0DF800102A
:1071B000A81EC0B20DF80900E81BC11700EB9171C1
:1071C000A5EBA101CAB209F101010DF80120E81BEC
:1071D00000EBD071A5EB6101CAB209F102010DF813
:1071E0000120E81B00EBD07107EB6101CAB209F185
:1071F00003010DF80120E81B052190FBF1F0384454
:10720000C1B209F104000DF80010E81B092190FB40
:10721000F1F03844C1B209F105000DF80010012168
:10722000401C0DF800104FF0000A0BE01DF80A306A
:1072300008A2322171A8FEF759F971A800F08AFB63
:107240000AF1010ABAF5E17FF0DB7EB0BDE8F00794
:107250005DF814FB616464206D61696E2E73302EDD
:1072600069642C302C2564FFFFFF00000FB4F0B5DB
:1072700097B0BDF8BE00802806DABDF8BE0001F068
:1072800077FD1E3887B205E0BDF8BE0001F070FD45
:10729000283887B2BDF8C000802806DABDF8C000E3
:1072A00001F066FD0A3084B204E0BDF8C00001F0D0
:1072B0005FFD0446BDF8C200782804DDBDF8C200B9
:1072C000193085B20EE0BDF8C200322805DDBDF8E8
:1072D000C200C0F1F50085B204E0BDF8C200C0F103
:1072E000EB0085B2BDF8C600782804DDBDF8C60005
:1072F000193086B20EE0BDF8C600322805DDBDF8B3
:10730000C600C0F1F50086B204E0BDF8C600C0F1C9
:10731000D70086B2FA20FFF7B1F80DF189000321FA
:1073200001220692CDE90721099000200222322392
:10733000CDE903200293059064203B4615A232213B
:10734000CDE900500AA8FEF7D1F80AA800F002FB28
:10735000FA20FFF793F80DF1A20003210122069213
:10736000CDE907210990002002223223CDE9032034
:10737000029305906420234606A23221CDE90060E5
:107380000AA8FEF7B3F80AA800F0E4FA17B0F0BCB8
:107390005DF814FB787374722025642C25642C2509
:1073A000642C25642C25642C25642C25642C2564F0
:1073B0002C25642C25642C22257322FFFFFF00005E
:1073C0000FB400B59DB0FA20FFF758F8BDF8CE0015
:1073D000BDF8C810BDF8CA20BDF8C630CDE90032EE
:1073E000CDE902101EAB05A2642104A8FEF77EF8C9
:1073F00004A800F0AFFA1DB05DF814FB6D61696E72
:107400002E74312E7478743D2225732043683A25FA
:107410006420436E74733A25642043683A256420DF
:10742000436E74733A256422FFFFFF002DE9F04F8D
:107430009FB005460E4617469846FA20FFF71EF8FD
:10744000002464E0601CC0EBC00005EB800090ED00
:10745000020ADFED670A20EE200ADFED650A80EE02
:10746000201ABDEEC10A10EE100A00F14609601C98
:10747000C0EBC00005EB800090ED010ADFED5D0A76
:1074800020EE200ADFED5A0A80EE201ABDEEC10A76
:1074900010EE100A00F10A0AC4EBC40005EB8000EC
:1074A00090ED020ADFED520A20EE200ADFED500ACD
:1074B00080EE201ABDEEC10A10EE100A00F1460B54
:1074C000C4EBC40005EB800090ED010ADFED490A32
:1074D00020EE200ADFED460A80EE201ABDEEC10A3A
:1074E00010EE100A0A3005904FF6FF70CDE900BA91
:1074F000CDE9029040A2642106A8059BFDF7F6FFA6
:1075000006A800F027FA0A20FEF7B8FF641C781ED0
:10751000A04297DC002464E0601CC0EBC00006EBD6
:10752000800090ED020ADFED320A20EE200ADFED46
:10753000300A80EE201ABDEEC10A10EE100A00F1EA
:107540004609601CC0EBC00006EB800090ED010A0C
:10755000DFED280A20EE200ADFED250A80EE201A52
:10756000BDEEC10A10EE100A00F10A0AC4EBC40015
:1075700006EB800090ED020ADFED1D0A20EE200AE6
:10758000DFED1B0A80EE201ABDEEC10A10EE100AD4
:1075900000F1460BC4EBC40006EB800090ED010A3D
:1075A000DFED140A20EE200ADFED110A80EE201A2A
:1075B000BDEEC10A10EE100A0A3005904FF6FF70BA
:1075C000CDE900BACDE902900BA2642106A8059B83
:1075D000FDF78CFF06A800F0BDF90A20FEF74EFF6C
:1075E000641CA8F10100A04296DC1FB0BDE8F08F3A
:1075F00000004843000040426C696E652025642C01
:1076000025642C25642C25642C2564FFFFFF0000D5
:107610009EB000BF4FF0FF3204A91348006800F08D
:10762000FFFE0128F6D1C820FEF728FF00204621E2
:107630004FF4F072CDE9001203460CA2CDE902101E
:10764000642105A8FDF752FF05A800F083F90D4855
:1076500003880D4802780D490D48FFF7E7FE0DA09D
:10766000FDF734FFD6E70000C40200206C696E65A8
:107670002025642C25642C25642C25642C2564FF8E
:10768000FFFF0000C0010020BE010020001100200B
:10769000880B00205265636F726420436F6D6D61CB
:1076A0006E642053656E740D0A00000070B50446C8
:1076B0000D4625B1012D0DD0022D21D115E0A18857
:1076C00000222068F9F722FDA1890022A068F9F7BD
:1076D0001DFD15E0A18801222068F9F717FDA18999
:1076E0000022A068F9F712FD0AE0A18800222068B4
:1076F000F9F70CFDA1890122A068F9F707FD00BF89
:1077000000BF657770BD42691AB90269126851639A
:1077100010E04269042A03D102691268916309E00A
:107720004269082A03D102691268D16302E0026942
:1077300012681164704700001CB5044600200190D7
:10774000722C08D17B48007828B97A480078401C10
:107750007849087052E0652C09D1764800780128F4
:1077600005D174480078401C7249087046E0632CCB
:1077700009D170480078022805D16E480078401C75
:107780006C4908703AE06F2C09D16A4800780328E8
:1077900005D168480078401C664908702EE0722CBC
:1077A00009D164480078042805D162480078401C5B
:1077B0006049087022E0642C1DD15E4800780528DD
:1077C00019D100205B490870012000905A480068D8
:1077D00080B1002301AA69465748006800F032FDD5
:1077E000019838B14FF0805054490860BFF34F8F73
:1077F000BFF36F8F02E000204E490870632C08D160
:107800004F48007828B94E480078401C4C49087011
:1078100060E06F2C09D14A480078012805D148481A
:107820000078401C4649087054E06E2C09D1444849
:107830000078022805D142480078401C4049087071
:1078400048E06E2C09D13E480078032805D13C4819
:107850000078401C3A4908703CE0652C09D1384852
:107860000078042805D136480078401C3449087057
:1078700030E0632C09D132480078052805D1304822
:107880000078401C2E49087024E0742C1FD12C482D
:10789000007806281BD10020294908702948006873
:1078A000C0B129480078A8B901A92648006800F0AD
:1078B00047FD019838B14FF0805020490860BFF370
:1078C0004F8FBFF36F8F01201F49087002E0002027
:1078D0001B490870732C08D11C48007828B91B4834
:1078E0000078401C1949087022E043F236108442A7
:1078F0001BDC302C19DD15480078012815D10094C7
:107900001348006880B1002301AA69461048006846
:1079100000F098FC019838B14FF08050074908609A
:10792000BFF34F8FBFF36F8F02E00020074908704D
:107930001CBD0000CE020020C402002004ED00E0C7
:10794000CF0200209002002094020020D0020020EC
:10795000C802002070B5044600BF0D48007800281A
:10796000FBD101200A49087064210A48F8F7D4FCC9
:10797000234609A264210748FDF7B8FD0548F8F73A
:10798000D6FC85B22A4603490448FBF7F0F970BDDE
:1079900076020020C03C002025730000B443002084
:1079A00001460A69D1E901309860D1E901035860C4
:1079B0005068884201D188685060002008611068D2
:1079C000401E106010687047034B0360034B0B6050
:1079D0008023136070470000003E0020543E0020CA
:1079E00000F1080141604FF0FF31816000F10801B2
:1079F000C160016100210160704700210161704791
:107A000010B502460B685C1C0CB9106907E002F166
:107A1000080000E04068446824689C42FAD9446841
:107A20004C604C68A160886041600A611468641C05
:107A3000146010BD42684A6093688B609368596017
:107A40009160086103685B1C0360704700BF5020B1
:107A500080F31188BFF34F8FBFF36F8F00BF0E48C5
:107A60000068401C0C49086008460068012812D1D3
:107A70000A480068C0B208B9012000E0002050B9EF
:107A800000BF502080F31188BFF34F8FBFF36F8F7B
:107A900000BF00BFFEE770470403002004ED00E0D4
:107AA0000D48006850B900BF502080F31188BFF323
:107AB0004F8FBFF36F8F00BF00BFFEE7064800681F
:107AC000401E054908600846006820B9002080F380
:107AD000118800BF00BF70470403002070B5064640
:107AE0003546002E44D0083D2C462249606809687E
:107AF000084008B1012000E0002050B900BF50202C
:107B000080F31188BFF34F8FBFF36F8F00BF00BFAB
:107B1000FEE7206808B9012000E0002050B900BF4E
:107B2000502080F31188BFF34F8FBFF36F8F00BFDA
:107B300000BFFEE70F49606809680840C0B12068CF
:107B4000B0B90C49606809688843606000F08EF93C
:107B50000949606809680844074908602046FFF73A
:107B60004BF806480068401C0449086001F07EF8A4
:107B700070BD000000030020F0020020FC02002085
:107B800000204FF0E02108618861064800684FF44A
:107B90007A71B0FBF1F0401E4FF0E0214861072000
:107BA00008617047D402002070B5F8F755FB044611
:107BB000102C16D304F1E02090F8F053154800780B
:107BC000854201DB012000E0002050B900BF5020B9
:107BD00080F31188BFF34F8FBFF36F8F00BF00BFDB
:107BE000FEE70D48006800F4E0600C49096888422F
:107BF00001D8012000E0002050B900BF502080F3E0
:107C00001188BFF34F8FBFF36F8F00BF00BFFEE738
:107C100070BD0000080300200CED00E00C03002004
:107C200070B504460025D4B11248006808B9012097
:107C300000E0002050B900BF502080F31188BFF34E
:107C40004F8FBFF36F8F00BF00BFFEE700F00EF94C
:107C500000212046FEF78CFD01F008F805463DB9ED
:107C60004FF0805004490860BFF34F8FBFF36F8F10
:107C700070BD00004803002004ED00E003490968DE
:107C80000160034909684160704700003803002023
:107C900024030020012001490860704734030020BC
:107CA00070B504460D4654B900BF502080F31188CA
:107CB000BFF34F8FBFF36F8F00BF00BFFEE70548D4
:107CC000016818312046FFF79BFE01212846FEF788
:107CD0004FFD70BD100300202DE9F04706460F460A
:107CE00034464FF00109002E60D0A06C50B900BF9F
:107CF000502080F31188BFF34F8FBFF36F8F00BF09
:107D000000BFFEE7606CB84201D23D4600E0656C02
:107D1000E06AA8424AD0A06C012847D124480068F4
:107D2000844201D0012000E0002050B900BF502063
:107D300080F31188BFF34F8FBFF36F8F00BF00BF79
:107D4000FEE7D4F82C80E562A06900F0004010B98D
:107D5000C5F10700A06108EB8801164A02EB81011A
:107D60006069884201D1012000E00020F0B1201DAF
:107D7000FFF716FE40B994F82C10012088400E49F8
:107D8000096881430C48016094F82C100120884058
:107D900009490968084308490860E16A01EB810163
:107DA000044A02EB8100211DFFF744FEBDE8F08785
:107DB0001003002044C400202803002010B586B022
:107DC00000200590049003AA04A905A8FFF7FCFD74
:107DD0000022DDE904101346CDE9002102901CA128
:107DE0001D48039A00F024FD1C49086008460068FD
:107DF00008B1012400E00024012C15D100BF50205F
:107E000080F31188BFF34F8FBFF36F8F00BF4FF028
:107E1000FF30134908600120124908600020124910
:107E2000086000F071F810E0601C08B1012000E06B
:107E3000002050B900BF502080F31188BFF34F8F4E
:107E4000BFF36F8F00BF00BFFEE706B010BD00009C
:107E500049444C45000000008D6A0008440300209E
:107E6000400300202C030020240300200248006867
:107E7000401C014908607047480300201D48006805
:107E800018B101201C49086032E000201A4908603E
:107E90001A480068B0FA80F0C0F11F0101EB8100C0
:107EA000174A52F8200008B1012000E0002050B924
:107EB00000BF502080F31188BFF34F8FBFF36F8F47
:107EC00000BF00BFFEE701EB81020D4B03EB820018
:107ED00042685268426000F108024368934202D14E
:107EE0004268526842604268D268064B1A6000BF1E
:107EF00070470000480300203403002028030020BE
:107F000044C40020100300201CB5524800685249A8
:107F1000884201D0012000E0002050B900BF50206D
:107F200080F31188BFF34F8FBFF36F8F00BF00BF87
:107F3000FEE7484800684849491E884201D00120B0
:107F400000E0002050B900BF502080F31188BFF33B
:107F50004F8FBFF36F8F00BF00BFFEE73F4908465A
:107F600000780190FF200A461070084600780090C3
:107F70009DF8000000F0F0009DF80020904201D133
:107F8000012000E0002050B900BF502080F311888C
:107F9000BFF34F8FBFF36F8F00BF00BFFEE79DF8A9
:107FA000000000F050002E4A107007202D4A10608B
:107FB00009E02C480068401E2A4A10609DF8000025
:107FC0004006000E00909DF8000000F08000802820
:107FD000EFD024480068C0F10700042801D1012037
:107FE00000E0002050B900BF502080F31188BFF39B
:107FF0004F8FBFF36F8F00BF00BFFEE719480068C7
:108000000002184A10601046008800F4E06010601A
:10801000124A019810700F482030006840F4700038
:108020000C49203108600846006840F07040086044
:10803000FFF7A6FD00200C490860F8F7D5F80B48BB
:10804000006840F0404009490860F8F7B9F800209E
:108050001CBD000000ED00E071C20F4100E400E033
:10806000080300200C0300200403002034EF00E08C
:108070002DE9F84305460E4617460DB1012000E0F4
:10808000002050B900BF502080F31188BFF34F8FFC
:10809000BFF36F8F00BF00BFFEE705FB06F808F1D6
:1080A0004800FEF765FE044664B1A14609F148099F
:1080B000002084F846003B464A4631462846009454
:1080C000FEF7F8FC2046BDE8F8832DE9F84380462A
:1080D0000E4617461D46DDF82090B8F1000F01D07E
:1080E000012000E0002050B900BF502080F311882B
:1080F000BFF34F8FBFF36F8F00BF00BFFEE70DB11F
:10810000012000E0002050B900BF502080F311880A
:10811000BFF34F8FBFF36F8F00BF00BFFEE707B104
:108120000EB1012000E0002050B900BF502080F3C4
:108130001188BFF34F8FBFF36F8F00BF00BFFEE703
:1081400007B90EB9012000E0002050B900BF50204F
:1081500080F31188BFF34F8FBFF36F8F00BF00BF55
:10816000FEE7482000900098482801D1012000E057
:10817000002050B900BF502080F31188BFF34F8F0B
:10818000BFF36F8F00BF00BFFEE700BF2C464CB1AE
:10819000012084F846004B463A463146404600945A
:1081A000FEF788FC2046BDE8F883000070B5054660
:1081B0000E462C4654B900BF502080F31188BFF3FF
:1081C0004F8FBFF36F8F00BF00BFFEE7FFF73EFC8E
:1081D000D4E90F12206801FB0200A0600020A06318
:1081E00020686060E06B401E226C216800FB021179
:1081F000E160FF2084F8440084F845009EB92069BE
:1082000008B9012000E00020A8B904F1100000F036
:10821000E1FC80B14FF0805009490860BFF34F8FF7
:10822000BFF36F8F07E004F11000FFF7D9FB04F1F3
:108230002400FFF7D5FBFFF733FC012070BD0000E1
:1082400004ED00E02DE9F84F07468A4690461E46A9
:108250003C4654B900BF502080F31188BFF34F8FC4
:10826000BFF36F8F00BF00BFFEE7BAF1000F01D16F
:10827000206C08B9012000E0002050B900BF502058
:1082800080F31188BFF34F8FBFF36F8F00BF00BF24
:10829000FEE7022E02D1E06B012801D1012000E0AF
:1082A000002050B900BF502080F31188BFF34F8FDA
:1082B000BFF36F8F00BF00BFFEE7FFF775FC00BF85
:1082C0005021EFF3118081F31188BFF34F8FBFF37B
:1082D0006F8F00BF0546A06BE16B884201D3022E71
:1082E00025D194F945B0A06B009032465146204606
:1082F000FEF71DFB0BF1010088B9606A08B9012087
:1083000000E0002050B904F1240000F063FC28B123
:10831000B8F1000F02D00120C8F8000004E00BF112
:10832000010040B284F845004FF0010901E04FF030
:10833000000900BF85F3118800BF4846BDE8F88FEB
:108340002DE9F04706460F46344654B900BF502089
:1083500080F31188BFF34F8FBFF36F8F00BF00BF53
:10836000FEE7206C08B9012000E0002050B900BFF2
:10837000502080F31188BFF34F8FBFF36F8F00BF82
:1083800000BFFEE7206808B9A06808B9012000E036
:10839000002050B900BF502080F31188BFF34F8FE9
:1083A000BFF36F8F00BF00BFFEE7FFF7FDFB00BF0D
:1083B0005021EFF3118081F31188BFF34F8FBFF38A
:1083C0006F8F00BF0546D4F83890E06B48451ED942
:1083D00094F945A009F10100A0630AF1010070B908
:1083E000606A08B9012000E0002068B904F12400A7
:1083F00000F0F0FB40B13FB10120386004E00AF129
:10840000010040B284F845004FF0010801E04FF050
:10841000000800BF85F3118800BF4046BDE8F08723
:108420002DE9F74183B005460E464FF000082C4673
:1084300054B900BF502080F31188BFF34F8FBFF3B2
:108440006F8F00BF00BFFEE70EB9206C08B9012096
:1084500000E0002050B900BF502080F31188BFF326
:108460004F8FBFF36F8F00BF00BFFEE700F03EFAF3
:1084700008B9059808B9012000E0002050B900BFF4
:10848000502080F31188BFF34F8FBFF36F8F00BF71
:1084900000BFFEE700BFFFF7D9FAA76BF7B131467F
:1084A0002046FEF72FFA781EA063206908B9012044
:1084B00000E0002060B904F1100000F08BFB38B13F
:1084C0004FF080502F490860BFF34F8FBFF36F8F7D
:1084D000FFF7E6FA012006B0BDE8F081059818B96B
:1084E000FFF7DEFA0020F6E7B8F1000F04D101A88B
:1084F000FFF7C4FB4FF00108FFF7D2FAFFF7B6FC15
:10850000FFF7A4FA94F94400401C10B9002084F845
:10851000440094F94500401C10B9002084F845003F
:10852000FFF7BEFA05A901A800F00AF9F0B9204644
:10853000FEF796FBA0B104F124000599FFF7B0FB0C
:108540002046FEF7D5FB00F091FB0028A3D14FF0A9
:1085500080500C490860BFF34F8FBFF36F8F9AE7CD
:108560002046FEF7C5FB00F081FB94E72046FEF7AE
:10857000BFFB00F07BFB2046FEF772FB00288AD091
:108580000020A8E704ED00E02DE9F34182B00546A4
:108590004FF000082C46002654B900BF502080F34D
:1085A0001188BFF34F8FBFF36F8F00BF00BFFEE78F
:1085B000206C08B9012000E0002050B900BF502015
:1085C00080F31188BFF34F8FBFF36F8F00BF00BFE1
:1085D000FEE700F08BF908B9039808B9012000E024
:1085E000002050B900BF502080F31188BFF34F8F97
:1085F000BFF36F8F00BF00BFFEE700BFFFF726FA93
:10860000A76BFFB1781EA063206810B9FEF756FC77
:10861000A060206908B9012000E0002060B904F1E1
:10862000100000F0D7FA38B14FF08050434908608D
:10863000BFF34F8FBFF36F8FFFF732FA012004B003
:10864000BDE8F081039898B90EB9012000E0002040
:1086500050B900BF502080F31188BFF34F8FBFF394
:108660006F8F00BF00BFFEE7FFF71AFA0020E6E7B2
:10867000B8F1000F04D16846FFF700FB4FF0010886
:10868000FFF70EFAFFF7F2FBFFF7E0F994F9440069
:10869000401C10B9002084F8440094F94500401CA7
:1086A00010B9002084F84500FFF7FAF903A96846DD
:1086B00000F046F840BB2046FEF7D2FAF0B1206841
:1086C00038B9FFF7C3F9A06800F028FA0646FFF7AB
:1086D000E7F904F124000399FFF7E2FA2046FEF7D8
:1086E00007FB00F0C3FA002888D14FF080501349EF
:1086F0000860BFF34F8FBFF36F8F7FE72046FEF711
:10870000F7FA00F0B3FA79E72046FEF7F1FA00F045
:10871000ADFA2046FEF7A4FA0028EED05EB1FFF7CE
:1087200095F92046FEF76AF907463946A068FFF733
:10873000D3FAFFF7B5F9002081E7000004ED00E06F
:1087400070B505460C4655B900BF502080F311881E
:10875000BFF34F8FBFF36F8F00BF00BFFEE754B969
:1087600000BF502080F31188BFF34F8FBFF36F8F8E
:1087700000BF00BFFEE7FFF769F9124802686868AA
:10878000131A2068401C08B9002617E00E49286813
:108790000968884204D06868904201D801260DE03B
:1087A0002068984207D92068C01A20602846FFF741
:1087B00065FA002602E0002020600126FFF770F92C
:1087C000304670BD24030020380300202DE9FF4F00
:1087D00085B0804689461746DDE912ABB800FEF742
:1087E000C7FA064656B15420FEF7C2FA04460CB149
:1087F000266304E03046FFF771F900E000248CB1F5
:10880000002084F85100CDE900ABCDE902403A46A2
:1088100049464046089BFEF760F92046FDF7F4FF05
:10882000012501E04FF0FF35284609B0BDE8F08F83
:108830002DE9F04F85B00746884691469A46DDE916
:108840000EB6109C0EB1012000E0002050B900BF10
:10885000502080F31188BFF34F8FBFF36F8F00BF9D
:1088600000BFFEE70CB1012000E0002050B900BFBE
:10887000502080F31188BFF34F8FBFF36F8F00BF7D
:1088800000BFFEE7542003900398542801D1012033
:1088900000E0002050B900BF502080F31188BFF3E2
:1088A0004F8FBFF36F8F00BF00BFFEE700BFB4B1B3
:1088B000AEB125462C462E63022085F851000020DB
:1088C00004A953464A46CDE900B1CDE902504146DC
:1088D0003846FEF702F92846FDF796FF01E0002032
:1088E0000490049805B0BDE8F08F000005490968C0
:1088F00009B9012005E00449096809B9022000E02E
:10890000002070472C030020480300202DE9F0418F
:108910004FF000084448006800287CD143480068B4
:10892000451C4248056015BB41480068006808B90D
:10893000012000E0002050B900BF502080F31188D2
:10894000BFF34F8FBFF36F8F00BF00BFFEE7384804
:108950000768384800683649086036480760364876
:108960000068401C34490860FEF788F900BF3348AE
:10897000006885423CD300BF2D480068006808B9F4
:10898000012000E0002020B14FF0FF302B490860AB
:108990002DE027480068C068C4686668B54202D206
:1089A0002648066023E0201DFEF7FAFFA06A18B1F2
:1089B00004F11800FEF7F4FF94F82C100120884011
:1089C0001F49096808431E490860E16A01EB8101FB
:1089D0001C4A02EB8100211DFFF72CF81A49E06ABE
:1089E0000968C96A8842C7D34FF00108C4E700BFCD
:1089F00015480068C06A00EB8000124951F8200059
:108A0000012801D94FF001081048006808B14FF063
:108A1000010805E0FFE70E480068401C0C490860AB
:108A20004046BDE8F08100004803002024030020F8
:108A30001403002018030020380300204003002006
:108A40002803002044C40020100300203403002029
:108A50003003002070B505462C460026002D55D069
:108A60002B480068844201D1012000E0002050B969
:108A700000BF502080F31188BFF34F8FBFF36F8F7B
:108A800000BF00BFFEE7A06C50B900BF502080F3CC
:108A90001188BFF34F8FBFF36F8F00BF00BFFEE79A
:108AA000A06C401EA064616CE06A88422ED0A06C6D
:108AB00060BB201DFEF774FF78B9E06A00EB800010
:108AC000144951F8200040B994F82C100120884036
:108AD00011490968814310480160606CE062E06AF6
:108AE000C0F10700A06194F82C10012088400A49C9
:108AF0000968084308490860E16A01EB8101054AF9
:108B000002EB8100211DFEF795FF0126304670BD66
:108B10001003002044C400202803002070B505463F
:108B20002C460026002D4DD02749E06A0968C96A05
:108B3000884240D2A06900F0004028B9224800686D
:108B4000C06AC0F10700A061E16A01EB81011F4A20
:108B500002EB81016069884201D1012000E0002020
:108B600018B3201DFEF71CFF40B994F82C1001200B
:108B70008840174909688143154801601248006818
:108B8000C06AE06294F82C100120884010490968FE
:108B900008430F490860E16A01EB81010B4A02EBCF
:108BA0008100211DFEF746FF03E007480068C06A08
:108BB000E062012606E00449606C0968C96A8842DF
:108BC00000D20126304670BD1003002044C40020AE
:108BD0002803002070B50646F068C46854B900BF89
:108BE000502080F31188BFF34F8FBFF36F8F00BF0A
:108BF00000BFFEE704F11800FEF7D2FE154800683A
:108C0000A8B9201DFEF7CCFE94F82C100120884056
:108C100011490968084310490860E16A01EB8101C4
:108C20000E4A02EB8100211DFEF704FF04E004F16F
:108C300018010B48FEF7FEFE0A49E06A0968C96A96
:108C4000884204D9012501200749086000E0002579
:108C5000284670BD480300202803002044C400209B
:108C6000F8C40020100300203403002070B5002455
:108C700000263648006850B900BF502080F31188A4
:108C8000BFF34F8FBFF36F8F00BF00BFFEE7FEF74C
:108C9000DDFE2E480068401E2C490860084600682A
:108CA00000284FD12A48006800284BD024E02948EA
:108CB000C068C46804F11800FEF772FE201DFEF7BC
:108CC0006FFE94F82C10012088402349096808435E
:108CD00021490860E16A01EB8101204A02EB810031
:108CE000211DFEF7A7FE1E49E06A0968C96A88428D
:108CF00002D301201B4908601648006808B901200A
:108D000000E000200028D2D00CB1FDF7B7FF1648D4
:108D1000056865B100BFFFF7F9FD10B101201149E9
:108D200008606D1E002DF6D100200F4908600D4827
:108D3000006838B1012630070C490860BFF34F8F37
:108D4000BFF36F8FFEF7ACFE304670BD48030020C6
:108D500020030020F8C400202803002044C4002081
:108D600010030020340300203003002004ED00E055
:108D700070B50446FF2C08DC322004FB00F5E81730
:108D800005EB5060C0F3CF1070BDA4F5807118A042
:108D9000FCF79CFBA4F58070322200FB02F114A0CA
:108DA000FCF794FBA4F58070322100FB01F6F0176C
:108DB00006EB106001120EA0FCF788FBA4F5807092
:108DC000322200FB02F6F01706EB1060001200F1F1
:108DD000640107A0FCF77AFBA4F58070322200FB47
:108DE00002F1C81701EB10600012643080B2CBE7CB
:108DF00025640D0A000000000146642907DAC1EB72
:108E000001104000642290FBF2F080B27047C82944
:108E10000BDAA1F16400C0EBC00000EB800064221B
:108E200090FBF2F01E3080B2F0E7B1F5967F09DAE0
:108E3000A1F1C80000EB4010642290FBF2F0413039
:108E400080B2E3E7A1F596704001642290FBF2F056
:108E5000623080B2DAE7FFAA6988B5FFAA00000095
:108E6000FFAA010800FFAA010400FFAA610000FF99
:108E7000AA61010000100240010000000010024041
:108E800002000000BC4100200000000000000000C3
:108E9000000802400040000000080240008000007E
:108EA0000442002000000000010000000014024005
:108EB0000100000000140240020000004C420020AB
:108EC0000000000000000000001402400400000048
:108ED000001402400800000094420020000000003E
:108EE000010000000100000002000000000000007E
:108EF000000000000100000002000000000000006F
:108F000000000000549100087547000800000000B0
:108F100000000000800000000000000000000000D1
:108F200040910008850B0008FDFF000000000000D4
:108F30000001000000000000000000007C9100081B
:108F40009D470008FDFF0000000000000002000037
:108F50000000000000000000349100081D480008D7
:108F6000FDFF000000000000800000000000000085
:108F700000000000749100082B480008FDFF00006D
:108F80000000000080000000000000000000000061
:108F90008C91000839480008FDFF00000000000027
:108FA000000200000000000000000000A091000886
:108FB00047480008FDFF000000000000800000009E
:108FC0000000000000000000609100085548000803
:108FD000FDFF000000000000000200000000000093
:108FE000000000004891000811760008FDFF000015
:108FF000000000000004000000000000000000006D
:109000006C91000809530008FDFF000000000000FB
:10901000800000000000000000000000989100089F
:10902000096F0008FDFF00000000000000040000C0
:109030000000000000000000000000000000000030
:1090400001020304060708090000000001020304EE
:109050005B44454255475D20542D72696768742012
:1090600063726F73733A20737472616967687420F6
:109070007374657020636F6D706C657465642C200B
:1090800072657475726E696E6720746F20464F4CFE
:109090004C4F575F4C494E450A0000005B44454227
:1090A00055475D205475726E20616374696F6E3A26
:1090B0002066726F6D3D256420746F3D25642C2001
:1090C000646966663D25642C207461726765745F0F
:1090D0007961773D252E32662C207475726E5F742F
:1090E00061726765743D252E32660A005B44454215
:1090F00055475D20542D72696768742063726F73E1
:1091000073202836293A20616C6C2064697265638B
:1091100074696F6E7320766973697465642C20635B
:109120006F6E74696E75696E6720737472616967BA
:1091300068740A005553335F4A5939310000000002
:10914000756172743100000072756E5F7265636FD5
:109150007264000064656661756C745461736B00C1
:1091600072756E5F7461736B000000005247427746
:1091700061726E00656E636F646572005541525492
:10918000345F6D6F6E69746F7200000072756E5F90
:109190006D6F746F720000007265636F72647300AC
:1091A00072686F5F67657400C89100080000002056
:1091B0005003000038090008EC920008500300201A
:1091C000E8C50000B055000821100BA040D7A3301F
:1091D0003FCDCC4C3F1CC079C410780D42CDCC0C97
:1091E000400AD7633F66666614091228210A11C037
:1091F000140B10304114180B40408FC2F53E0AD7B3
:10920000A33D10FAC2645914B928793CFA60148C51
:109210009A99D978793C1E90407B146E146B0C405F
:10922000142C6666E624EA3E2859148A3E14FA6035
:109230003C38083333B340C3F5284069141C5C8FB5
:10924000928C1E753F9A9999501A8C141A8C8C6ABC
:109250009964192849141C85EB51641ACC284B7960
:1092600040B43AB43C29507C9A99193C212BC6420F
:109270005029F849283AF05019EC1A3C0819501BAB
:10928000C8C10422411B803E141A3B3C19141AF039
:10929000142CF0410101510515436F3630080811B7
:1092A000313137336B6556190C1333333219136A66
:1092B00079169504340596123212951A315A0B1408
:1092C00035375A0A143240195A0A143619130A0E3D
:1092D000127A12881241121912070260045324F400
:0C92E00032100223011AAA01014800000C
:040000050800018965
:00000001FF
